Gene,Mean_GTEX_Healthy,Median_GTEX_Healthy,Mean_TCGA_Tumor,Median_TCGA_Tumor
HCG4P5,7.472552,7.6709,4.684604,4.7415
IL32,11.26413,11.3292,8.118648,8.0279
NUCB2,8.326008,8.3487,12.890419,12.9805
KRT1,8.851738,8.7381,3.281171,3.1699
MTND5P14,1.029999,1.0,6.541427,6.4757
SLC45A4,11.04357,11.1267,8.685386,8.8734
RP11-1250I15.3,0.071721,0.0,4.585759,4.585
MTND2P28,9.603722,9.6077,13.105708,13.1999
HSPA8P15,0.579929,0.0,5.301779,5.4552
RP11-452N17.1,2.044118,2.2357,6.925335,7.0695
GUCY1A3,4.100445,4.0,10.193333,10.8788
RP11-290L1.4,0.476691,0.0,5.568457,5.6235
LA16c-431H6.7,1.317934,1.0,6.181687,6.3038
UPP1,12.694276,12.9088,8.275676,8.2854
NDUFAF4P4,0.069762,0.0,4.610802,4.7549
RP11-96K19.4,2.094349,2.0,6.745909,6.7279
PHBP19,0.45383,0.0,6.890564,6.9307
RP11-624D20.1,0.056157,0.0,4.683114,4.858
HCG27,9.533685,9.6998,6.593399,6.6126
MASP2,3.66716,3.585,8.37045,8.4179
TNNT1,6.732501,6.4919,4.13819,4.2479
MTND1P11,0.958888,1.0,6.045383,5.9307
CAMK1,8.515045,8.6417,5.936417,6.1379
DEFA1,13.016686,13.1567,4.676149,4.5298
FCGR2B,9.321215,9.4253,7.591997,7.6064
SRGAP2-AS1,0.136032,0.0,5.403522,5.5398
XCL1,4.506393,4.3441,2.635066,2.7203
XXbac-BPG299F13.14,5.912775,6.0461,4.075476,4.1961
AC008079.10,3.767047,3.7772,8.47914,8.4897
RLIMP1,0.782689,1.0,5.200214,5.2095
RP13-977J11.6,0.472774,0.0,5.00319,5.0875
LINC01127,9.356807,9.7347,4.348954,4.3219
RPS6P16,0.487195,0.0,5.115791,5.202
VNN2,14.635476,14.8625,7.972132,8.0389
RCN3,9.122365,9.1267,6.213218,6.7279
RP11-1102P22.3,0.829939,0.0,6.331167,6.375
RP11-298C2.1,0.064555,0.0,4.435389,4.5236
NRAP,4.285314,4.3219,0.058786,0.0
ULK4P1,2.550232,2.9467,7.287188,7.3744
RP11-144O23.22,0.064555,0.0,5.079431,5.1699
MGA,7.717347,7.7944,12.247935,12.3955
ZNF850,3.782433,3.8074,9.299345,9.3641
BIRC6-AS2,0.409848,0.0,4.762994,4.9069
RP11-115H15.2,0.214146,0.0,4.662268,4.7549
RP11-357H14.16,0.291355,0.0,4.55326,4.4653
MYH7,6.960091,7.0125,0.213928,0.0
ANKRD1,3.427206,3.4594,0.858623,1.0
RP11-362F19.1,4.850217,5.0444,2.129986,1.585
ARHGAP23,4.843543,4.7549,9.747962,9.9593
S100A12,13.518999,13.5881,7.359991,7.8826
PLP1,4.558751,4.8074,2.773406,2.8074
DNM1P47,2.446913,2.585,7.79234,7.8918
RP11-356C4.6,4.353164,4.3903,2.014925,1.9598
DUTP2,0.145682,0.0,5.200935,5.2479
MMP8,11.014161,10.9643,5.723182,5.7004
RIMKLBP2,0.859599,1.0,6.219928,6.3576
LLNLF-158E9.1,0.392854,0.0,5.578956,6.0
ECHDC3,8.102272,8.2336,5.50025,5.7279
RPL7P1,5.099959,5.1064,9.712676,9.7143
ZGRF1,5.113224,5.0875,9.715818,9.7698
BPI,10.191297,10.1293,6.689012,6.8947
HTR1F,0.790736,0.0,5.962008,6.9307
SLPI,9.706015,9.7245,4.574363,4.3219
FCGRT,12.832519,12.893,10.456471,10.8819
SBNO2,13.183549,13.3291,10.763277,10.8337
AF127577.13,0.431774,0.0,5.251266,5.3923
FTH1P7,6.704184,6.7268,4.149836,4.2133
DDX3P1,0.784079,1.0,5.438106,5.5236
ANXA3,11.567085,11.8269,5.959277,6.1293
ADGRA3,3.547667,3.4594,9.793187,10.0027
SLA,13.257506,13.3716,10.888247,11.137
AC011933.2,0.290666,0.0,4.726865,4.8156
RP11-319G9.1,0.088018,0.0,5.792352,5.858
RPS10-NUDT3,6.326136,6.5589,3.784152,4.4535
AC016722.4,1.553131,1.5945,6.173955,6.2059
SF3A3P1,0.287801,0.0,5.836993,6.0159
CTD-3154N5.2,5.944483,5.8951,3.74122,3.6882
APBA2,8.617293,8.7177,6.758328,6.7279
KCNJ2-AS1,5.516292,5.7004,2.018969,2.0
EOMES,7.639191,7.6935,6.114109,6.0661
TNFAIP8L3,4.319627,4.2479,2.005262,1.585
KIAA1324,8.686259,8.7245,4.695881,4.7549
REM2,8.804541,8.8202,4.373579,4.3219
APOH,3.151255,2.585,0.00578,0.0
PBX1,6.829803,6.8329,4.459268,4.0875
SORBS2,3.800128,3.8074,2.049485,1.585
RP4-673D20.3,4.630966,4.7004,2.380561,2.3219
ASGR1,7.653248,7.7748,5.400215,5.3576
NCF1B,11.177075,11.2706,8.046192,8.151
NREP,6.717442,6.7938,12.163238,12.2418
RPS24,10.184756,10.1279,14.422081,14.4149
AC011558.5,8.95796,8.99,0.266918,0.0
ABHD5,10.793906,10.8895,8.611088,8.5157
SLC25A39,14.361945,14.4589,10.815044,10.7557
HBZ,4.725896,4.6439,1.271731,0.0
CENPE,4.058095,4.0875,9.562494,9.5736
KRT6A,4.266277,4.5154,0.020723,0.0
BEND2,4.301238,4.4594,1.113516,0.0
RP11-819C21.1,3.605985,3.8074,8.505909,8.543
SLC43A2,12.172667,12.3182,9.486594,9.5294
OR6L2P,0.076424,0.0,4.476136,4.4594
RILP,9.19708,9.2715,7.67195,7.7814
RP11-61L23.2,8.635535,8.7948,6.372501,6.4517
AOC2,6.87383,6.9542,5.014002,4.9069
SCN2B,2.794653,2.8074,0.653233,0.0
GLT1D1,11.754108,11.9058,4.979587,5.0875
RNF112,4.636482,4.7004,2.225975,2.3219
TREML1,8.948838,8.8392,4.353939,4.2479
SHISA4,6.640392,6.5699,3.446641,3.1699
ZFHX3,5.753608,5.7975,10.205066,10.0802
ECE1,12.209112,12.2674,9.16184,9.1774
RP11-19P22.8,5.660252,5.8128,0.939334,0.0
ERVW-1,0.821086,1.0,6.541909,6.7549
FUT7,10.214131,10.205,8.269,8.4935
NRN1,4.503729,4.4594,2.110682,2.0
RP11-430K21.2,3.633733,3.9069,1.58573,1.585
RP11-319G9.3,1.367451,1.0,7.208658,7.1497
BRCA2,5.077875,5.0,10.381571,10.4502
MEF2B,6.901892,6.9463,5.454925,5.5166
AC016549.1,0.240872,0.0,5.647352,5.8074
CA4,9.689075,9.875,1.974815,1.585
RP11-336A10.2,0.273056,0.0,5.025182,5.1562
SLC9A7,6.446977,6.585,10.847434,11.1805
LA16c-431H6.6,1.766793,1.7398,7.227762,7.2536
ADAM8,13.432734,13.6435,10.334929,10.4512
CCDC18,5.031879,5.1247,9.637235,9.6948
RP11-275F13.3,1.498703,1.585,6.946692,7.0553
RP11-34P13.16,8.952344,9.0245,4.928364,5.126
RP11-317B17.4,0.119931,0.0,4.702071,4.858
TREM1,12.288047,12.4291,8.754633,9.0498
IFITM1,13.842608,13.8991,9.102264,9.1041
IGFN1,2.646965,2.585,0.246258,0.0
GOLGA8Q,1.872869,1.8319,8.045158,8.1048
C1QTNF4,2.826403,3.0,8.291431,8.4798
RP11-436I24.1,0.445383,0.0,6.149972,6.2854
BCL11A,6.54674,6.6439,11.186088,11.3778
S100A6,13.654212,13.6291,10.472882,10.5925
TNNI1,3.74579,3.7004,0.187605,0.0
PVRIG,8.553198,8.5419,5.563975,5.4135
CXCR2P1,7.138237,7.3219,5.726464,5.9413
AC068580.5,2.740808,2.585,0.623944,0.0
RP11-264L1.2,0.183295,0.0,6.722038,6.7944
KLF14,3.682427,3.0,0.257388,0.0
NPR3,2.934364,3.0,9.791494,11.0954
IFITM2,16.419315,16.553,11.449644,11.4276
PSTPIP1,11.917788,12.0805,9.6283,9.6724
ARGFXP2,0.967021,1.0,5.53168,5.585
LPAR2,12.066393,12.1737,9.552808,9.545
AC130469.1,8.680347,8.8106,7.013357,7.0224
RP11-754B17.1,0.639612,0.0,5.632744,5.6439
TATDN1P1,0.788693,1.0,5.714876,5.7236
RP11-53B2.1,0.82794,1.0,6.805694,7.1189
PHC2,13.817336,13.8955,11.024098,10.93
POU5F2,2.314439,2.3219,7.53294,7.5546
PLIN4,10.508439,10.5821,8.021319,8.0279
TTK,3.786315,3.8074,8.61023,8.7682
RP4-737E23.5,4.306858,4.4594,2.392049,2.0
MPO,9.845047,9.5333,15.228061,15.9396
GADD45G,7.648912,7.4094,2.859668,2.8074
PDZD4,8.847641,8.8549,5.316588,5.2854
PCDHGB4,1.089823,1.0,5.548385,5.627
PTPN14,3.241982,3.1699,8.113592,7.8329
VASP,13.76492,13.813,11.290698,11.2644
NPW,1.278727,1.0,6.270434,6.4429
GYPC,13.531262,13.6261,10.698509,10.9129
AP002381.2,0.288,0.0,5.121377,5.1293
PPP1R14A,4.550464,4.7004,2.709528,2.3219
RP11-171G2.1,0.08505,0.0,5.400257,5.3576
RP11-85I17.2,0.599597,0.0,5.722046,5.8826
MACC1,2.592554,2.585,7.522774,7.9715
NANOGP5,0.145298,0.0,5.954646,6.0875
TYMP,12.843716,13.0447,9.891594,9.6891
AC079630.4,5.900693,5.9069,2.83974,2.8074
RP11-197N18.8,0.470918,0.0,6.400617,6.5236
ITPR1,7.754575,7.858,11.793343,11.93
RAP1GAP,7.10529,6.8704,4.953361,4.9069
RP1-29C18.10,1.019992,1.0,6.420089,6.7004
WNT7A,3.725795,3.7004,1.736477,1.585
FBP1,9.155251,9.1948,7.451008,7.5236
ZZZ3,6.554655,6.6724,10.904468,10.9801
RP4-737E23.6,4.796401,5.0,2.245021,2.3219
RP11-571F15.3,1.013578,1.0,5.711075,5.6724
CCDC64B,5.14296,5.0,1.181496,1.0
CRNN,3.080179,3.8074,0.133931,0.0
AMIGO3,1.852201,0.0,7.24084,7.5512
RP11-1228E12.2,6.245642,6.453,1.784389,0.0
H19,6.779084,6.5699,4.770879,4.7549
AC008984.2,5.866977,6.0828,2.482987,2.4195
MIR133A1HG,0.891075,1.0,6.837336,7.1085
ZNF69,3.440861,3.4594,8.755991,8.8907
RALGAPA1P,2.476104,2.5922,7.389271,7.482
HLA-F,12.522284,12.6863,9.479363,9.5889
DLEU2L,1.610365,1.585,6.402514,6.4822
C1QL3,1.570892,1.585,6.124082,6.3038
HHATL,3.144527,3.0,0.224143,0.0
C21orf62,0.716237,0.0,5.273595,5.3896
PHACTR2P1,0.403647,0.0,4.896724,5.0444
DEFA1B,13.125787,13.2763,4.835432,4.8344
TRIM71,1.677739,1.585,7.813245,8.4635
AC009095.4,2.130923,2.3219,6.754864,6.7814
GNAI1,3.264661,3.3219,8.047702,8.3576
AL162151.3,4.52429,5.1006,0.037512,0.0
PI3,9.228963,9.4388,0.984393,0.0
CAMP,9.225545,9.0224,3.364647,3.4594
RP11-1086F11.1,0.909684,1.0,6.485134,6.5236
BLVRB,11.700799,11.7164,9.442216,9.3839
RP11-288H12.3,7.861536,8.0389,6.197433,6.3219
IGSF10,2.005318,2.025,9.718461,10.8979
RP11-80P20.3,0.437995,0.0,5.929669,5.858
DEFA3,11.675126,11.7543,4.032832,4.0241
CUEDC1,8.403953,8.5507,6.702476,6.7004
TDGF1P6,0.182246,0.0,4.619525,4.6439
FLT3LG,8.433164,8.4553,7.041076,7.0267
RP11-467L13.5,3.778777,3.9069,0.678353,0.0
FAM106A,1.831822,1.6599,6.538079,6.7192
MPL,2.285045,2.3219,7.441364,7.7074
RP4-669K10.8,1.323728,1.0,6.295292,6.2668
FKBP8,15.880372,15.9613,11.894439,11.905
TAS2R31,0.65823,0.0,5.100866,5.1859
RBP7,7.697105,7.7814,3.103161,3.0
RP11-77K12.3,0.449151,0.0,4.94616,5.0875
CTC-448F2.4,0.087513,0.0,4.832091,5.0444
CTB-46B19.2,0.51772,0.0,6.142568,6.2854
HPN,4.236393,4.2479,1.749342,1.585
BIRC6,9.43864,9.5196,13.018569,13.1311
GBP2,12.808739,12.8931,10.216748,10.4189
TOP2A,6.40222,6.4263,11.54477,11.6869
SSTR3,5.640195,5.7814,3.053569,3.0
KCTD4,0.471099,0.0,5.163422,5.3219
RP13-753N3.1,0.324894,0.0,5.649882,5.7279
MT-ND5,13.875319,13.9348,17.352789,17.3279
HOTAIRM1,7.651757,7.7201,6.301425,6.5546
GPR75,2.369174,2.3219,7.801215,7.8392
LTF,12.356351,12.3674,6.044497,5.5546
DSP,5.366158,5.4919,3.299564,3.4594
RP5-1021I20.5,1.475315,1.6276,6.601201,6.5948
PNLIP,3.193208,2.585,0.011561,0.0
ATP1A2,4.808078,4.8074,0.778199,0.0
RP11-715J22.6,1.64632,1.585,6.49341,6.4757
DOCK7,5.128776,5.2095,9.752041,9.9263
ARF1P2,0.122165,0.0,4.774123,5.0
BRIP1,3.35468,3.3219,9.361066,9.5507
RPH3A,8.103098,7.9773,3.083953,2.585
RP3-430N8.11,0.168191,0.0,4.589982,5.5251
RBM38,12.630096,12.652,9.863245,9.8096
AKAP9,8.52554,8.5736,12.701604,12.8045
LILRA5,13.368684,13.5373,6.675175,7.1898
MMS22L,5.745278,5.8074,10.241877,10.3462
GFPT2,3.833711,3.585,1.740343,1.585
GOLGA8K,2.310652,2.2928,7.827729,7.9106
PILRA,11.464603,11.5683,8.959951,8.6957
DEPDC1,3.162904,3.1699,8.228492,8.3904
SERTAD3,9.494725,9.6689,7.751314,7.6724
AC110781.3,0.958788,1.0,6.289194,6.4263
LTB,11.148989,11.3548,7.700119,7.6935
SLC6A8,9.630615,9.7022,6.822253,6.6294
HCAR3,11.570492,11.6865,6.331633,6.4645
SPDYE8P,1.041567,1.1177,6.543114,6.6014
CTD-2210P15.3,0.363461,0.0,4.889148,4.9887
RP11-829H16.3,0.640467,0.0,5.812776,5.8377
ATRX,8.899888,9.0362,12.688663,12.7702
RP11-288K12.1,0.994638,1.0,6.735395,6.7944
RP11-855A2.1,1.260306,1.0,6.038532,6.0875
RP11-531H8.2,4.462998,4.585,0.057803,0.0
POLQ,3.717118,3.7004,9.86242,9.9958
CCDC151,3.766676,3.7004,1.800296,1.585
ICA1L,4.341028,4.3219,9.105472,9.1874
KAT6B,7.360034,7.3837,11.670565,11.7035
LDLRAD2,2.977808,3.0018,8.339603,8.7512
KIR2DP1,3.521765,3.61,0.644591,0.0
EFHD1,3.711961,3.585,2.027647,2.0
ST20-AS1,7.789394,7.9548,6.385786,6.4102
RPA4,0.885307,1.0,5.316005,5.3923
RP11-415J8.3,9.236902,9.394,7.003215,6.9425
SIT1,7.75262,7.8704,5.716477,5.7549
RP3-404F18.5,0.203071,0.0,4.528592,4.585
RP11-46D6.1,8.096105,8.2962,5.353313,5.5329
PHBP12,0.450266,0.0,5.174887,5.2479
CD300E,11.375468,11.4828,7.599187,8.0821
N4BP2,5.899277,6.0444,10.956117,11.0279
LUCAT1,7.78116,7.9378,4.56304,4.5236
SHANK1,1.475389,1.585,7.63166,7.8138
HTR1DP1,0.273008,0.0,4.855695,4.9069
RPL21P123,0.899276,1.0,5.538098,5.585
PTCRA,6.107303,6.1898,2.514183,2.3219
ZNF460,4.419454,4.4005,10.05409,10.2478
SETP5,1.0242,1.0,5.90486,6.0
CYTH4,13.503645,13.5968,11.047008,11.4564
MMP23B,5.928439,5.9975,4.087323,4.0917
TGM3,5.959032,5.9542,1.312011,0.0
CTD-3184A7.4,7.975876,8.0928,6.376929,6.3923
C3,6.579793,6.3576,4.986635,5.0444
AC009120.3,1.159804,1.0,5.864976,5.9542
RP11-303E16.9,1.313669,1.0,6.105951,6.1699
FERP1,1.321061,1.4114,5.937534,6.0832
RP11-295G20.2,7.442956,7.6073,4.679721,4.6439
KCNJ1,1.406306,1.0,6.455394,6.5392
ZNF713,3.049575,3.1699,7.830406,7.8911
ACTA1,6.87749,6.9189,1.728821,1.585
CBX2,2.7751,2.8074,9.273801,9.6528
SFTPA2,3.538539,3.7698,0.521045,0.0
KRT4,4.338528,5.4594,0.117964,0.0
AC006942.4,4.876643,4.848,3.179934,3.3089
RP11-16P6.1,2.053854,2.0,7.554662,7.6439
RP11-550A5.2,0.20503,0.0,4.97702,5.0444
DMRTC2,3.218729,3.3219,0.180513,0.0
MGAM2,7.387895,7.6073,4.302574,4.2479
SOHLH2,0.264195,0.0,4.585531,4.9083
SCML4,8.259681,8.375,6.751612,6.7944
NOD2,10.066729,10.1636,8.42062,8.7944
ITGAD,5.56505,5.5546,3.480697,3.3248
POLR3DP1,0.18421,0.0,4.632272,4.7549
FGR,14.520745,14.5521,11.015865,11.1948
CH17-264B6.4,0.460767,0.0,4.965783,5.8125
CXCL14,3.70331,3.585,1.685636,1.0
RP3-525N10.2,3.888667,3.9069,1.886549,1.0
KCNQ1OT1,7.324176,7.3663,12.017824,12.0753
CENPF,5.706852,5.7814,11.242884,11.341
TNFRSF10C,12.492935,12.679,6.358182,6.3923
RP11-588K22.2,3.357031,3.4594,8.709053,9.4242
SEPT1,10.236451,10.2912,8.449397,8.4296
DMTN,12.578623,12.7476,8.085901,7.983
RP11-107E5.3,3.328086,3.3219,8.44352,8.3038
RETN,9.566959,9.676,5.284503,5.6439
H2BFS,5.072288,5.1731,3.324106,3.3277
CKM,6.933669,6.6724,4.858625,5.0
GUSBP3,3.622458,3.8012,9.287705,9.3109
ALAS2,13.914418,14.0115,8.399076,8.6475
KIAA1211,2.264402,2.3219,7.180849,7.5469
OTUD4P1,0.450472,0.0,5.11511,5.3349
RP11-426D19.1,1.274827,1.585,7.168059,7.2574
NLRC4,10.19901,10.352,7.914223,7.9307
KLRB1,8.154896,8.2384,6.113169,5.9773
CTB-61M7.2,10.730974,10.8773,5.701397,6.1898
CTA-941F9.10,2.508055,2.5922,7.376993,7.4123
RP11-438J1.1,3.049832,3.5248,8.112027,8.3732
CCDC169,0.652104,0.0,6.774813,6.9931
EPHX2,6.08066,6.1699,4.750862,4.585
MAMDC2,1.989198,2.0,8.066574,8.9685
SLC1A7,4.791758,4.8074,2.031811,2.0
IL1RN,11.364507,11.4793,7.479659,7.8202
KIAA0226L,9.761664,9.8872,7.246542,7.1799
EPDR1,4.470327,4.4594,9.43232,9.6092
C3orf80,0.834912,1.0,7.483073,7.9234
IL24,7.573062,7.6724,5.921831,5.9307
FAIM2,3.079843,3.1699,0.545512,0.0
TMEM158,5.441945,5.4263,3.176549,3.1699
CFAP58-AS1,5.042991,5.0875,2.474157,2.585
FAM208B,7.418893,7.6221,11.623245,11.6983
RP11-482G13.1,7.455778,7.5082,4.141562,4.193
C5orf42,5.453701,5.4263,10.547005,10.6591
PHBP6,0.525924,0.0,5.421109,5.9119
SCN1B,7.546732,7.5612,5.680283,5.6439
ZRSR1,1.143198,0.0,5.820072,6.1344
LRP5,4.618385,4.5236,9.998734,10.2586
ESF1,4.807389,4.9542,9.555492,9.633
OSBP2,9.706832,9.7599,7.634697,7.4179
RPS15AP10,0.79231,0.0,5.306878,5.3576
RPL7AP60,0.605246,0.0,5.573717,5.6147
GCSAML,3.286277,3.3219,8.719263,9.3837
CRISP3,8.396665,8.2192,2.329719,2.0
CITF22-49E9.3,4.495196,4.5236,2.803266,2.8074
NAMPT,15.449356,15.7161,11.078611,10.8796
SLC15A3,11.263027,11.3977,7.493103,7.4512
RP11-500G22.5,2.166879,2.3219,7.108272,7.2489
SIGLEC5,11.675331,11.7445,8.129597,8.2666
HPSE,9.959662,10.0674,7.849199,8.1447
NFAM1,12.902487,12.8877,10.144818,10.5049
SIGLEC11,5.372744,5.4532,3.686169,3.5072
KIF26B,1.638914,1.585,8.451273,8.6221
ANKRD2,3.098266,3.0,0.392227,0.0
PBX4,6.313956,6.375,5.03292,5.1293
C10orf105,8.697719,8.6696,5.491163,5.7222
UBBP4,5.938094,6.0695,3.005474,3.0704
AL513523.2,7.573833,7.9146,0.37114,0.0
PNPLA1,6.561739,6.6439,4.153377,4.3219
IGLL1,2.463767,2.0,8.48741,9.2987
RP11-82O19.2,0.36828,0.0,7.489661,7.6147
SND1-IT1,2.871283,2.9392,8.503618,8.5573
DPEP3,6.114027,6.1699,3.770766,3.7004
RP11-266L9.6,0.560943,0.0,5.214532,5.2479
TTR,3.05955,2.0,0.593182,0.0
NR1I2,1.660313,1.585,6.775986,7.0224
RP11-7F17.5,4.893807,4.7882,2.169065,2.3219
CTD-3138B18.6,0.733671,1.0,5.274465,5.3923
LINC01513,3.127788,3.1699,0.761621,0.0
HSPB7,5.143056,4.9542,1.633252,1.585
RP11-527J8.1,1.63569,1.585,6.602875,6.7142
KRT13,5.626509,6.7682,1.752318,1.0
RP11-18H21.1,5.509688,5.6147,3.618608,3.585
SAA2,3.184775,2.585,0.357534,0.0
RP3-395M20.12,6.419958,6.5699,3.815502,3.8074
UBTD1,9.150883,9.2946,6.802672,6.8455
RP11-386I14.4,0.482952,0.0,5.257338,5.2854
RP4-742C19.12,4.152476,4.1699,1.114649,1.0
LAG3,6.628504,6.4429,5.35352,5.0875
F5,10.597222,10.8384,7.296567,7.4429
AQP4-AS1,0.317531,0.0,4.489756,5.2071
RP11-206L10.1,11.985511,12.2599,8.145029,8.2081
ABCC13,6.197365,6.2288,3.053129,3.0
CCNJL,10.558621,10.7279,3.440596,3.1699
TMEM17,1.399473,1.585,6.09771,6.2095
RP11-264L1.1,0.08025,0.0,5.430387,5.5546
LINC00570,5.455279,5.6147,1.699231,1.585
SAA1,4.262031,3.7908,0.216547,0.0
AP3B2,5.956317,5.9069,2.554959,2.3219
SNAP25,3.402498,3.7004,0.901176,0.0
STAR,3.352825,3.3604,8.630424,8.5661
CDH23,9.542464,9.6293,7.814547,7.9569
PDHA1P1,0.311476,0.0,4.872455,4.9542
LYPD3,4.57498,4.585,3.238984,3.4594
ZNF85,3.546588,3.585,8.424688,8.6865
RP13-395E19.3,1.384001,1.4906,6.306298,6.4107
LRG1,12.465931,12.7801,7.90369,8.1293
GOLGA8S,2.761815,2.8032,7.547736,7.4837
P2RY13,11.155536,11.1299,8.343462,8.9307
PGA5,4.197563,4.5747,1.557086,1.585
MN1,4.023615,4.0,8.576121,8.7944
RP11-697N18.1,0.082083,0.0,4.556192,4.7549
SEMA3B,5.68535,5.7004,4.47736,4.4594
BST1,11.069106,11.1536,9.263985,9.4512
AC079325.6,4.434732,4.4594,1.894974,2.0
ALOX15B,6.623597,6.7682,2.993784,2.3219
LILRB5,7.444572,7.477,4.923774,4.7661
RP11-855A2.3,0.847843,1.0,6.651917,6.6147
SERTAD1,8.591186,8.6439,6.828334,6.8704
EEF1A1P25,0.71052,0.0,7.456604,7.4095
RP11-849F2.7,0.853775,0.0,5.335584,5.5426
GIMAP1-GIMAP5,8.934013,9.1003,6.382632,6.7116
TNNT2,4.082449,4.1699,0.173573,0.0
TMCC3,10.491824,10.6724,5.833989,5.6724
MARC1,10.06779,10.1434,8.321672,8.6795
INTU,2.097539,2.0,6.891643,7.858
OPLAH,9.542897,9.7459,5.449636,5.4263
AC017116.11,6.137404,6.2566,3.4002,3.8125
RP11-667K14.8,0.275976,0.0,4.62992,4.8074
LRRC19,0.472445,0.0,6.084735,6.1293
DIAPH2-AS1,0.323057,0.0,5.013429,5.2012
SLN,2.662299,2.3219,0.120954,0.0
RP11-503E24.2,1.242772,1.0,6.202428,6.3219
RP11-49K24.8,1.188506,1.2265,5.734235,5.8943
SFRP2,5.302866,5.2854,1.317102,1.0
KREMEN1,10.259334,10.6239,5.44664,5.4263
CH507-154B10.2,0.534087,0.0,6.159083,6.3118
DEDD2,11.868721,11.9402,9.448919,9.4388
ADAM19,11.195284,11.3619,8.296132,8.3174
KCTD9P5,0.076599,0.0,4.503723,4.7004
SGSH,10.379843,10.4125,8.359653,8.4838
AP000662.9,0.215324,0.0,5.121337,5.1334
RP1-224A6.8,0.604003,0.0,6.145036,6.1898
PCSK1N,5.55248,5.6147,1.510229,1.0
PCDHGA8,0.326306,0.0,4.956917,5.0444
VMO1,4.138856,4.0,1.2874,1.0
SLC25A36,7.714609,7.7879,12.106451,12.1523
TAS2R30,0.475454,0.0,5.309397,5.4594
MYO7B,8.472166,8.4136,6.753243,6.8074
SEPT7P6,0.650236,0.0,6.453082,6.574
AHSP,9.793372,9.8933,7.202342,7.5392
NSUN7,8.455507,8.8009,3.283599,2.8074
CTC-444N24.7,2.170052,2.2987,8.859887,9.0161
RAD51AP1,3.48958,3.4594,8.717409,8.9129
SPINK2,1.797735,1.585,8.418964,9.2167
COL24A1,2.659711,2.8074,9.832453,10.0389
RP11-712P20.2,0.303691,0.0,5.589498,5.7814
GZMH,8.786297,8.9791,5.534576,5.585
MAL,7.824498,7.9189,5.053802,4.9542
ZAP70,11.132101,11.1948,8.997271,8.983
PLCH2,8.112809,8.0553,6.019669,5.9773
RGL4,10.527378,10.7007,7.54792,7.5083
RP11-258F1.2,0.842115,1.0841,5.618308,5.6631
PCDHGB3,0.530637,0.0,6.046287,6.2726
RP11-342K2.1,4.072115,4.2102,9.157825,9.163
RP11-62H7.2,3.71177,3.8074,1.675746,1.585
COL6A2,8.984515,8.8424,6.95609,6.8948
LGR6,6.862223,6.7004,4.937235,4.8074
DHX34,12.303944,12.4284,10.087751,10.0967
R3HDM4,14.416688,14.4413,10.745438,10.7013
FCGR3A,12.897003,13.0173,8.937416,8.8145
SRGAP2-AS1,0.515614,0.0,5.525818,5.55
MYH2,4.278726,4.1538,0.017466,0.0
LINC01515,0.212424,0.0,5.164147,5.8826
CHRFAM7A,4.517668,4.6999,9.200052,9.4035
SEC14L1P1,2.031721,2.0,6.946234,7.0
SH3BP5,10.435184,10.4866,8.121734,8.2334
LINC01150,0.872462,1.0,5.288123,5.5236
MYL9,9.375535,9.29,6.41989,6.2668
AHNAK,12.057642,12.0351,15.595774,15.6937
LRRK2,11.591345,11.8451,8.60175,8.9542
ALDH2,10.953218,11.0513,8.878164,9.3794
AC002400.1,0.713579,0.0,5.826303,5.8826
C14orf132,4.361534,4.3923,2.890794,3.0
TAS2R40,3.841876,3.8339,2.07546,2.0
RP4-682C21.2,1.544959,1.585,6.909428,7.0746
OASL,9.076104,9.1972,5.92965,5.9069
FIRRE,1.122847,1.0,7.828861,7.9933
CTD-2349P21.3,1.533158,1.585,7.746823,7.8138
SNN,11.421094,11.5665,9.396408,9.3509
CTC-820M8.1,0.231082,0.0,6.456083,6.585
TEC,5.947574,6.0444,10.439508,10.4788
RP11-295K3.1,5.166058,5.3277,3.159288,3.5957
RP11-211G3.2,4.688523,4.6439,2.101272,2.3219
RP11-386J22.3,0.479101,0.0,5.317894,5.2479
DPY19L2P2,3.359343,3.4594,8.626116,8.638
WEE1,5.937907,5.9773,10.372975,10.4543
TM6SF1,8.430571,8.5521,6.275192,6.3091
UNC45B,3.288843,3.1699,1.605732,1.585
GYLTL1B,5.727196,5.8074,4.354924,4.3219
VPREB3,5.399778,5.4919,3.608997,3.4594
AC007192.6,5.698456,6.3178,0.875448,0.0
RPAP2,6.706727,6.7682,11.080406,11.1529
RP11-378A13.2,5.829549,6.0261,3.690919,4.1185
XXbac-BPG246D15.9,6.398692,7.0901,3.570031,3.9231
LLNLF-176F2.1,10.923265,10.9903,8.029875,7.9758
SYTL3,10.684958,10.7288,7.288455,7.3837
GEN1,6.061928,6.1898,10.474403,10.5008
LINC01506,5.419066,5.4594,2.143547,2.0
STAG3L2,6.651132,6.7609,11.026232,11.0472
KRT14,4.619124,4.858,0.020723,0.0
DDX18P5,0.281298,0.0,6.363511,6.5518
TMEM88,6.632389,6.5236,5.073192,5.0875
PSME2P2,5.114646,5.1767,3.607971,3.7137
RP11-483E17.1,5.089672,4.9069,2.953364,2.8074
RP11-44F14.1,5.684505,5.9069,3.592082,3.585
ZNF471,2.69697,2.8074,7.427471,7.8826
SLC2A3,15.40048,15.3797,11.546392,11.6979
RP11-354M20.3,0.432076,0.0,4.780413,5.0522
RP11-294J22.6,2.85792,3.1747,0.048625,0.0
TESC,10.399646,10.4625,8.382278,8.7944
ACTC1,4.755098,4.7004,0.136199,0.0
CD300LD,3.664316,3.4594,0.735114,0.0
OPTN,10.373713,10.5118,8.087329,7.9887
RP4-576H24.4,3.959274,4.2787,1.943062,1.9069
FAM212B,11.084561,11.1768,8.410528,8.3455
AC020951.1,1.081495,1.0,8.598986,8.9039
AC007000.10,0.603934,0.0,5.151168,5.2479
RP11-452H21.4,1.317836,1.0,5.926257,6.0224
AC000120.7,1.095712,1.189,6.881922,6.9757
PRL,4.189704,4.6439,1.045656,0.0
PLIN5,10.115633,10.2515,4.674464,4.6212
EDA2R,2.026431,2.0,6.692432,7.0112
IL4R,13.160775,13.2957,10.276191,10.3328
TAS2R18,0.550458,0.0,5.797106,5.9069
COL18A1,11.099923,11.1215,8.248632,8.1161
INAFM1,7.664565,7.7482,6.283585,6.3399
LA16c-390E6.5,5.535176,6.0985,2.017969,2.1635
HSPB8,4.370878,4.1699,0.354342,0.0
RAB20,9.906244,9.9614,7.017862,7.0768
MDFI,1.096286,1.0,6.338203,7.0
NNMT,5.495178,5.1293,3.924361,4.0
KCNH7,3.858536,3.9088,1.87892,1.6736
RP11-798G7.8,4.285562,4.2479,9.313181,9.3641
ORM2,5.606659,5.588,1.240914,1.2449
POLE2,3.24191,3.3219,8.177391,8.2761
JHDM1D-AS1,7.590486,7.585,5.141376,5.2854
NPIPB9,4.2563,4.4627,8.907479,8.9865
CX3CL1,3.202962,3.0,0.839158,0.0
METRNL,10.969721,11.0505,8.025884,8.1344
HERC2P10,0.596447,0.0,6.234471,6.4885
NEIL3,2.856201,2.8074,7.978065,8.1548
PCED1B-AS1,9.534968,9.5699,7.768764,7.8347
LILRA6,12.879853,13.1151,7.672131,7.9979
RAB4B-EGLN2,4.295029,4.5795,2.396319,2.211
PGLYRP1,11.207301,11.3191,3.9996,3.4594
FAM212B-AS1,4.067414,4.1699,2.545271,2.6826
RP11-793H13.3,0.42627,0.0,6.437594,6.6922
RP3-405J10.3,0.459547,0.0,5.052886,5.1699
ZDHHC18,13.117349,13.2824,9.790161,9.8138
MB,6.144666,6.0444,0.754891,0.0
HOXA7,1.531116,1.585,6.781527,8.3996
MFSD1P1,0.835907,1.0,6.815013,6.9069
ANGPT2,2.336895,2.3219,7.23784,7.1396
RP4-761J14.8,7.947675,8.0314,5.402497,4.8074
LGALS9C,7.403351,7.7681,3.94617,3.9021
FTH1P23,4.938609,5.0413,2.96032,2.9241
JPH2,2.72972,2.585,0.257435,0.0
WT1,0.725951,0.0,7.468135,8.1948
CXCR2,13.611103,13.8072,7.121179,7.2127
HBG1,6.924252,6.7482,4.247304,3.7613
AC100830.3,0.85797,1.0,6.007017,5.9773
CTB-181H17.1,0.736029,0.0,7.598891,7.7549
AC068831.15,9.26253,9.3146,5.350697,6.8802
BASP1,13.569186,13.6823,8.541302,8.9218
MRVI1,10.043307,10.1485,6.758358,6.8329
ARSG,8.705287,8.7916,6.885703,7.0475
DPY19L2,2.542909,2.585,8.743663,9.248
RP11-426C22.4,2.765492,2.8074,7.559414,7.6902
HOXA-AS3,0.413197,0.0,5.727414,7.1352
NRG4,3.202348,3.433,7.961902,7.9426
B3GALT4,8.624594,8.7039,7.053434,6.9542
LINC00565,4.793378,4.858,3.211344,3.4594
CACNA1I,7.442838,7.5469,5.394657,5.2479
FCF1P7,0.393444,0.0,5.448895,5.4998
EPB41L3,8.281754,8.2336,6.121764,5.5546
SLC22A14,3.457273,3.4594,1.089737,1.0
DES,8.125931,7.9248,2.565667,2.0
SMPDL3A,7.219897,7.3399,4.320479,4.1699
RP11-240G22.5,0.564985,0.0,5.275002,5.3576
GABPB1-AS1,7.990811,7.9996,12.502622,12.623
TUBB2A,8.157004,8.0587,5.731949,5.5592
BPTF,9.379729,9.493,13.0614,13.1038
FCGR2A,14.218438,14.433,10.308944,10.4074
ANGPT1,3.448479,3.4594,9.997873,10.6804
ADH1B,6.09692,5.8826,1.528413,1.0
TUBG1P,0.504911,0.0,6.091639,6.2288
RXFP1,0.477311,0.0,5.850087,5.7814
HES1,5.286078,5.3219,3.245183,3.0
NT5DC4,5.081577,5.2319,2.301138,2.3785
HIST1H2BJ,6.635404,6.7007,5.293003,5.2479
FAM157B,9.364142,9.456,6.412152,6.4548
RP11-278C7.5,2.102602,2.2203,6.717649,6.8098
SDC2,5.762516,5.5236,3.336575,3.0
TNFRSF1B,14.409506,14.4628,11.107739,11.2318
RRAD,3.61465,3.4594,1.916246,2.0
RBP4,4.425396,4.0,1.629077,1.585
RP11-338L22.2,0.101623,0.0,5.198971,5.3219
RP11-274B21.1,3.308491,3.5472,8.291431,8.3621
DEPDC1B,3.704375,3.7004,8.451492,8.6511
CYP4F3,11.061457,11.094,5.914687,5.6724
RP11-706O15.3,3.615241,3.7845,8.361825,8.4812
BPGM,10.044418,10.0098,8.481068,8.4009
RP3-468K18.6,0.867222,1.0,5.242308,5.3576
TWIST2,3.356644,3.1699,1.300724,1.0
FSIP2,1.151745,1.0,6.828805,6.9069
CYP4F12,5.111879,5.1293,2.55022,2.3219
SNORD3C,0.216235,0.0,7.491669,7.8469
RP11-266L9.3,0.505531,0.0,5.480598,5.585
KLRK1,9.443535,9.4047,7.187687,7.1525
DAPK2,10.418515,10.4898,6.362325,6.4594
KLRF1,6.92614,6.8704,5.358734,5.0875
CTA-384D8.35,4.500357,4.6439,3.168115,3.257
RP1-232P20.1,0.262094,0.0,4.783458,4.9069
CCL5,12.191736,12.1456,9.526065,9.5353
NAGS,4.66555,4.8074,2.914677,3.0
SCARNA9,3.348371,3.4594,8.678954,8.5999
RP11-507K2.6,1.086192,1.0,6.340709,6.4263
RP11-271K11.5,0.520863,0.0,5.57401,5.6203
XRCC2,2.683996,2.585,9.129003,9.1874
DYSF,13.879516,14.0752,10.116867,10.4805
EPHB1,6.03129,6.3038,3.428106,3.1699
MTND4P12,1.57952,1.585,8.962538,9.9626
ACTN2,4.810028,4.7549,0.984563,0.0
FTX,4.98482,5.0152,10.000612,10.092
YRDCP2,0.352469,0.0,4.954994,5.0913
CHI3L2,6.923384,6.8948,5.192573,5.2095
AC074367.1,0.181633,0.0,5.027235,5.0875
CTD-2583P5.3,0.83889,0.0,5.456203,5.4263
SREK1,8.356469,8.4305,12.57894,12.6227
PTPRN,4.412241,4.3923,1.086941,1.0
TAS2R10,0.272107,0.0,4.591773,4.7004
TMEM140,11.053704,11.1701,9.028491,9.0513
RP11-67A1.4,1.188319,1.0,6.477183,6.7142
ZBTB12P1,0.890022,1.0,6.213473,6.3382
MYL2,5.60646,5.6439,0.167536,0.0
PLBD1,13.055076,13.3353,7.851539,8.1085
RP11-1174L13.2,0.086282,0.0,4.667814,4.8074
RNF157,8.244205,8.3219,6.553549,6.3728
CTB-36O1.7,0.226756,0.0,5.282746,5.2095
AP001429.1,0.42055,0.0,5.220281,5.3923
RARA-AS1,8.629228,8.6702,5.72316,5.7444
FOXN3-AS2,0.216834,0.0,5.79011,6.1293
AGPAT5,5.935866,6.1293,10.634455,10.7065
FEZ1,5.738782,5.6724,4.029124,3.7004
MALRD1,0.391118,0.0,4.577849,5.3576
RP11-797A18.5,0.923559,1.0,6.520655,6.6294
SELENBP1,10.801027,10.9366,6.611159,6.8202
KIR2DL4,6.455034,6.5091,2.360141,2.3219
ERVH48-1,0.964175,1.0,6.720278,6.7682
AQP9,14.417343,14.6066,6.721779,7.0724
RP11-474L11.5,0.571004,0.0,5.261758,5.2479
HNRNPMP1,0.448729,0.0,5.643441,5.7004
OTUD4,7.79996,7.9069,11.825211,11.8621
ARID5A,12.443366,12.5885,9.732965,9.6917
RP11-326C3.11,6.882296,6.8587,4.71804,5.0
RP11-511H9.3,1.082361,1.0,6.389982,6.4263
CD163,12.143704,12.462,8.422342,8.6795
NFKB2,11.122028,11.227,9.247925,9.2021
RP11-282K24.3,0.306537,0.0,5.956564,6.0875
GPSM3,14.063515,14.0977,11.244745,11.3146
BCL3,11.793684,11.8997,9.376414,9.4115
MAP1LC3A,7.874819,8.0,5.324865,5.0444
ZNF891,4.893814,5.0023,9.566063,9.6386
IFT80,5.812424,5.9773,10.249097,10.2269
RP11-229P13.27,5.500882,5.8032,2.374246,2.4033
B4GALT6,3.749993,3.7004,10.036308,10.4336
RAB11FIP1P1,5.402512,5.5786,9.933151,10.0014
RP11-102M11.1,1.437249,1.585,6.525838,6.5501
CCR1,10.69385,10.7761,8.79772,8.9278
FCMR,10.564921,10.6804,8.797219,8.8234
RP11-480I12.5,1.614393,1.585,6.627066,6.9189
CRYZP1,0.743495,0.0,5.794076,5.9069
CD177,13.42161,13.8041,2.49985,2.0
LILRB2,12.599181,12.787,9.380293,9.5592
GZMA,8.773249,8.8138,6.611137,6.585
EIF2S2P3,1.448142,1.585,6.949364,6.9181
ZNF467,11.094047,11.1693,8.895543,9.1774
HNRNPA1P68,0.530873,0.0,5.685894,5.7814
CLDN5,6.698349,6.7549,4.253662,4.3219
RP11-169D4.2,4.056585,4.0875,2.454991,2.3219
TFEB,11.25502,11.2633,8.5216,8.6184
TMC4,6.326545,6.3399,5.047714,4.858
RAB11FIP4,10.507537,10.6768,8.130777,8.1649
CENPK,4.223015,4.2479,9.011672,9.0056
APBB1,8.362534,8.3923,6.177214,6.1497
SLC37A3,9.286553,9.3641,7.106176,7.2288
MRVI1-AS1,4.219157,4.1699,1.142655,1.0
NLRP9P,4.446043,4.5236,0.889062,0.0
CATIP-AS1,5.378352,5.5333,2.723257,2.8217
AC068580.6,8.402775,8.2065,5.688714,5.6174
RP11-484D2.3,0.343275,0.0,6.216968,6.4594
ZNRF2P2,0.646705,0.0,6.054944,6.3012
GUK1,13.34009,13.5258,10.479226,10.5897
LL21NC02-1C16.2,4.92473,5.0,3.365228,3.4594
SCML2P2,0.554828,0.0,5.165629,5.2479
CENPJ,5.264726,5.2095,10.379208,10.4767
RGL3,5.047169,5.1699,2.477414,2.3219
CTB-31O20.6,6.170646,6.4308,0.461849,0.0
GMPR,10.0961,10.1898,7.435604,7.3576
RP11-83B20.3,0.785857,0.0,5.428777,5.4594
RP11-298I3.5,6.569242,6.8361,4.41444,5.7417
RP11-598P20.3,0.840212,1.0,6.271175,6.375
CTD-2024I7.13,1.20646,1.0,7.376466,7.4998
RP11-87H9.5,1.104782,1.0,6.734872,6.7814
SHMT1P1,0.099436,0.0,5.902814,6.0354
CA12,4.491611,4.2479,1.540594,1.585
KCNJ13,1.128409,1.0,7.203303,7.1594
RP11-142E9.1,1.944782,2.0,7.296693,7.3663
SOX4,6.0322,6.0661,12.152112,12.1836
RP5-1180E21.5,5.846953,5.954,2.018834,0.0
RP11-21M24.2,0.518457,0.0,5.802382,5.9069
CBS,6.80309,7.0,5.042302,5.0161
KIAA1524,4.442158,4.5236,9.088659,9.1699
ACTBP8,4.748242,6.3399,1.513597,1.0
ZBTB20,3.840706,4.0,8.652173,8.5812
ACSS3,5.047974,5.1334,3.043784,2.8074
QSER1,6.272758,6.4263,11.087258,11.1875
RP11-732A19.5,3.081615,3.1408,0.625761,0.0
RP11-160E2.6,1.017661,0.0,5.768873,5.8773
ATHL1,13.621618,13.6976,10.306677,10.4115
EEF1A2,5.220698,4.9069,2.908948,2.3219
CRNDE,1.181381,1.0,6.896103,6.9307
CTC-325H20.7,0.331022,0.0,4.719065,4.9069
CD7,10.934639,10.9211,8.219876,8.0112
ZNF334,1.55537,1.585,6.754569,7.5622
RCAN2,3.752073,3.8074,2.196939,2.0
MMP25,14.36885,14.5262,7.186325,6.9083
KCTD9P1,0.50679,0.0,6.659293,6.8269
AC009948.5,4.876512,5.0444,10.085003,10.1573
LLNLF-173C4.1,11.651802,11.7126,7.298359,7.1799
PRKCDBP,4.571091,4.4594,2.856196,2.3219
ASPM,4.258143,4.2479,10.363808,10.5479
TIFAB,2.112363,2.0,6.993533,7.6515
ETV7,4.316366,4.1699,2.659515,2.585
STX1A,6.860318,6.7934,4.574372,4.4594
RP4-695O20.1,0.424419,0.0,5.500824,5.4919
GAPDHP61,0.77343,0.0,7.288502,7.4094
EDNRB,5.233618,5.1699,3.093525,3.0
RP11-72I8.1,4.263019,4.3477,10.131857,10.1868
CAMK2N1,4.931811,4.858,2.864051,2.8074
S100A9,17.489133,17.7071,11.678239,12.2784
CDH12P2,0.201121,0.0,4.824186,5.5546
RPL5P4,1.509536,1.5945,6.61208,6.6605
XKR8,10.135136,10.2773,8.295358,8.3083
SMG1P1,7.046119,7.1358,12.414149,12.5181
GNL3LP1,1.223641,1.0,5.874298,5.9796
SPATA20P1,3.421999,3.585,0.615038,0.0
ZNF439,5.515017,5.585,10.038224,10.2684
C7orf34,4.268628,4.2479,1.892387,2.0
PPIP5K2,8.412388,8.5661,12.213858,12.1874
TPTEP1,8.646207,8.7313,6.713787,6.2426
HAGH,10.389837,10.4656,8.67425,8.6298
AZGP1,3.41107,3.1699,0.724325,0.0
RP11-391L3.4,1.376742,1.0,6.458924,6.5546
CTRB1,2.930632,2.8258,0.00578,0.0
KCNJ2,8.744342,8.9129,3.888732,3.9069
RP11-305O6.3,0.197136,0.0,8.273817,8.4757
LINC01002,13.46999,13.5299,10.510576,10.4583
CTB-31O20.3,3.959237,4.3161,0.13139,0.0
ANLN,4.935352,4.858,9.801285,9.9915
SLFNL1,2.864207,3.0268,7.625684,7.7448
ERMP1,6.988899,7.0349,11.281979,11.2693
BBC3,8.683968,8.6795,6.410499,6.4263
LINC01503,6.594938,6.7142,4.109898,3.9069
KIFC3,8.64183,8.7108,7.067404,7.0875
PLAUR,12.067266,11.917,9.664876,9.7296
NYNRIN,3.810356,3.8074,9.705514,9.8704
CMB9-55A18.1,1.076219,1.0,6.197873,6.25
HSPA1A,14.964055,14.6162,11.426285,11.4741
AC092667.2,0.518594,0.0,4.84063,5.0444
RP11-417N10.4,5.021374,5.2824,3.555438,3.7887
SBSN,3.616766,3.7004,0.594755,0.0
ADORA2A,10.338417,10.3911,7.079198,7.2258
KRT23,9.682587,9.6294,2.657673,2.0
CMTM2,10.309735,10.3934,4.08255,3.9069
MT-ND4L,11.39275,11.4419,15.638202,15.5511
RP4-671O14.6,3.564553,3.7004,8.956891,9.137
TMTC1,7.025506,7.0,3.656901,3.4594
TTF2,6.471025,6.5236,10.827339,10.8819
CTC-490G23.2,6.449484,6.6724,1.487257,1.0
SLC22A18,9.400567,9.4919,7.685351,7.8392
TMCC1-AS1,3.134828,3.1699,8.731521,8.7715
RPL3P6,1.05513,1.0,6.622998,6.7142
RP11-521B24.3,1.342005,1.0,6.044136,6.1497
STARD4-AS1,2.496411,2.5874,9.392217,9.5526
CTD-2542L18.1,1.032984,1.0,8.009348,8.0607
CTD-3138B18.5,4.122488,4.1243,8.778458,9.0116
RP11-360L9.8,6.488012,6.6234,1.654297,0.0
ZMYND15,7.011557,7.098,3.24142,3.3219
RP5-966M1.7,0.728016,0.0,5.548487,5.6724
TFDP2,8.309672,8.3619,12.163847,12.2805
NCF4,13.611861,13.8195,11.099838,11.188
ODF3B,9.221228,9.3514,7.70452,7.7155
SCML2,2.902939,3.0,9.143033,9.4594
PKD1P1,6.508153,6.993,10.712041,10.9551
TCN1,9.075059,8.9425,4.705888,4.7004
DPY19L2P1,0.527626,0.0,5.696324,5.8253
PCSK9,4.323584,4.1699,1.0198,1.0
HIST2H2AA3,11.67702,11.7749,2.393298,0.0
GPR135,2.468004,2.585,7.954075,7.9944
DKFZP434L187,0.357426,0.0,4.543989,4.8074
PLEK2,6.746418,6.8074,2.752806,2.585
RTP5,4.660729,4.7004,2.661603,2.585
AC007790.4,0.166958,0.0,4.90801,4.858
BRI3,11.864159,11.971,9.441067,9.5024
LRRC63,0.836308,1.0,5.575454,5.6147
NLRP12,10.642295,10.8017,7.741898,8.0715
MGAM,12.433798,12.6832,7.671061,7.6865
ERVFRD-1,0.759303,0.0,6.851957,6.8704
ATP2C2,6.804579,6.8911,3.368094,3.4712
HIST1H2AE,5.100555,5.0875,3.456341,3.4919
PLBD1-AS1,3.013822,3.1699,0.959322,0.0
CRISPLD2,10.689308,10.8258,7.418035,7.4919
RP11-717F1.2,2.535393,2.3951,8.358746,8.4568
RP11-34P13.15,12.222125,12.3386,7.674755,7.6591
CYP19A1,4.373245,4.3219,1.552791,1.0
RP11-161H23.5,5.953117,6.205,2.119525,0.0
RP11-321E2.5,2.581025,2.585,0.164839,0.0
RP11-1000B6.3,2.061567,2.2234,7.163549,7.2268
TNFRSF4,6.564175,6.5999,5.125473,4.9069
PROK2,11.890912,12.0461,7.840788,8.7313
PTK7,4.54837,4.5236,9.78814,10.2143
GREB1L,1.424954,1.585,6.022053,6.0444
SIGLEC7,9.135261,9.3259,6.337368,6.4875
ADIPOR1,13.756457,13.826,11.321103,11.3055
CKAP4,11.428128,11.4919,8.494531,8.6689
GSE1,8.363778,8.3129,12.548331,12.6535
RP11-497G19.2,0.028702,0.0,4.71553,5.0444
RP11-421E14.2,0.65792,0.0,7.167616,7.2095
PCDHGB9P,0.169145,0.0,4.350655,4.5236
AL133243.2,4.258083,4.3219,9.027341,9.0362
NRGN,11.851031,11.8853,9.060446,9.5137
LITAF,14.496794,14.5877,11.63715,11.6729
AHI1,4.435477,4.4594,9.389823,9.4676
TG,6.728934,6.9887,4.69461,4.6439
CCDC144B,3.787453,3.8043,9.344832,9.9138
RP11-20B24.4,8.925138,9.0181,6.325818,6.2965
RP11-746M1.1,4.697477,5.0426,0.849849,0.0
TFF3,4.947698,4.8074,1.454301,1.0
RP11-61I13.3,3.917846,4.0548,1.753972,1.585
GP2,3.332564,3.1699,0.026503,0.0
CTTN,7.569065,7.5314,5.610369,5.5546
ENKUR,3.586968,3.8074,2.037134,2.0
RP11-16E23.4,0.946536,0.0,7.105201,7.1567
KMT2A,9.282056,9.2574,13.413766,13.5183
NTN1,2.78738,2.8074,7.506687,7.2761
ALDOB,4.593929,4.0875,2.995119,3.1699
MNDA,13.942567,14.14,11.263171,11.5825
NLRP6,9.414957,9.4533,4.325104,4.1699
RP11-98J23.2,2.613833,2.8217,7.941863,7.9129
UPB1,6.419409,6.4263,4.484065,4.4594
PTGES,5.630266,5.6147,1.951145,2.0
MKI67,7.301287,7.2854,12.403807,12.5103
STMN1,8.575016,8.5469,12.69226,12.7582
NKG7,12.517918,12.6165,10.217513,10.3945
HSPA6,13.410899,13.3748,6.193788,6.2523
GPR84,8.65182,8.683,5.030316,5.0875
ZBED3,5.057528,5.142,10.078518,10.3698
CXCR1,14.465063,14.6984,4.549534,4.3923
TMEM75,0.690124,0.0,6.609582,6.6439
DUSP8,5.934955,5.6724,3.92363,3.9069
RP11-70L8.4,1.89801,1.585,7.462853,7.6176
ABLIM3,7.609648,7.7004,4.172627,4.0875
CTD-2561J22.2,1.072544,1.0,6.504123,6.6541
RP11-497G19.1,0.096513,0.0,6.525631,7.1599
RP11-757G1.6,1.07855,1.0,6.790802,6.8074
MSR1,7.204158,7.2095,5.153639,5.0444
RP11-651L5.3,5.345417,5.4263,2.208643,2.585
ATP11A-AS1,0.998622,1.0,5.751309,5.7549
KCNK13,4.75134,4.8074,1.865779,1.585
PPP1R3C,3.022084,3.0,0.996935,0.0
MAP2,3.731701,3.8074,2.202521,2.3219
CTD-2528A14.5,0.591506,0.0,5.254666,5.2095
HABP4,6.77317,6.7783,5.413446,5.4545
PADI2,12.579282,12.695,7.961364,8.1898
LINC01341,1.695191,1.585,8.372591,8.5464
MT2A,9.226202,9.1472,7.796196,7.6439
HELLS,4.84608,5.0,10.728335,10.9641
OSGIN1,6.756702,6.8074,4.168816,4.1699
PM20D2,6.352339,6.5236,11.013179,11.0987
LOXHD1,6.953232,7.098,5.148055,5.2854
RP11-563J2.3,6.833676,6.9773,4.880894,4.858
KIT,4.136872,4.1699,11.870864,12.1121
LL22NC03-2H8.5,1.291613,1.0,9.541196,9.5488
HNRNPA1P14,0.166905,0.0,6.514851,6.5357
PCDHGA6,1.755959,1.6645,6.812602,6.9688
PF4V1,4.08924,4.0951,0.62299,0.0
SPP1,6.100983,5.6439,4.377267,4.2479
MYBPC1,5.401802,5.3576,0.926817,0.0
VSIG8,3.591631,3.8758,1.278787,1.2079
KIR3DL1,6.963254,6.9682,3.293795,3.3219
FIGNL1,4.430774,4.5236,9.339143,9.4491
CICP6,4.297834,4.6826,0.383909,0.0
MYCN,0.971583,1.0,7.612698,8.098
RP11-463I20.1,6.354053,6.5116,3.947361,5.2928
HIST1H2AC,11.759631,11.8769,9.532385,9.5411
MACF1,11.242323,11.3641,14.620061,14.6854
RP11-421F16.3,5.355855,5.4594,10.078491,10.1137
CHI3L1,10.132422,10.3554,5.377157,5.2095
DNAJB2,10.881701,10.9359,8.721278,8.7715
RP11-347C12.3,4.988925,5.1562,2.594929,2.4594
ITLN1,5.166134,5.0,1.897124,1.585
OTX1,5.628106,5.8074,1.56956,1.585
CYTL1,3.546711,3.585,8.887747,9.1344
RP11-544A12.8,1.584205,1.585,7.064134,7.1027
AC239868.2,3.06036,3.269,0.767201,0.0566
SH3GL1P2,1.046544,1.0,5.606705,5.6358
SMC4,7.940353,8.0249,12.443132,12.3944
PPARG,6.249685,6.3923,4.76922,4.4594
FGF13,5.546321,5.6724,2.659095,1.585
LRP10,13.769273,13.7758,11.217042,11.2372
RP11-806H10.4,3.04788,3.1699,1.089623,1.0
RP11-357P18.2,5.216642,5.2479,3.851952,3.8074
FCAR,11.526545,11.5727,7.072307,7.6221
PERP,5.844828,5.858,3.282621,3.1699
PFN1P8,0.565253,0.0,5.255154,5.4219
RP11-524O24.2,0.17508,0.0,4.50723,4.7004
GP9,7.82275,7.9307,4.000599,4.0875
RP11-205M5.3,9.695412,9.753,3.85787,4.3792
LTA,6.220336,6.2854,3.870584,3.8074
RP5-991G20.2,0.476434,0.0,5.407514,5.5236
CPNE5,8.863501,8.8826,6.75049,6.5999
LIMS2,6.506999,6.4919,4.744692,4.8074
CRYAB,6.093784,5.8329,1.854568,2.0
STEAP4,10.861724,11.174,5.692698,5.6273
S100P,11.691054,11.8053,5.791801,5.6724
LINC00599,2.86365,3.0,0.347464,0.0
LIN7A,9.650116,9.8063,6.362476,6.0661
FTH1P11,6.230652,6.2692,2.16049,2.1763
C10orf25,3.191619,3.3219,8.007066,8.0535
MX2,12.351715,12.5678,10.181887,10.3565
TSEN34,11.320097,11.3977,8.799727,8.7515
ATOH8,5.523433,5.4594,2.879087,3.0
RP4-798P15.3,1.317383,1.0,6.474665,7.2836
AC006116.22,0.474016,0.0,5.556321,5.6764
HSPB6,5.180968,4.9069,3.429267,3.1699
CERS6,7.614395,7.6871,12.082501,12.1443
TBC1D30,6.509039,6.6294,5.173458,5.2479
IL18RAP,12.526764,12.6843,6.015399,5.8074
ANKRD22,7.665266,7.5999,5.139945,5.1293
ZNF121,7.138155,7.2095,11.458027,11.462
SERPINA1,15.549996,15.7,10.487102,11.0168
RP3-337H4.9,1.264918,1.0,5.722772,5.8153
PYGM,8.187562,8.2095,6.365287,6.3576
RP11-213H15.4,3.366772,3.6496,0.355221,0.0
PHF24,3.878083,3.585,1.491912,1.585
ARTN,0.998267,1.0,6.401892,6.4429
AL133243.1,2.129915,2.0,7.832055,7.8765
MT-ND2,14.984094,15.0227,17.926159,17.9304
RP11-473I1.9,8.439908,9.0729,2.57712,0.0
MIR210HG,5.785335,6.0444,3.744342,3.7004
ADAM1A,0.99247,0.0,6.855825,7.456
COL9A3,6.415147,6.3576,4.960545,5.2095
CLDN9,8.370339,8.4635,5.256503,5.4263
RP11-383G10.3,0.166958,0.0,5.095287,5.2095
RIF1,7.91436,8.1033,12.078475,12.1173
SUV39H2,4.203646,4.2479,9.210935,9.3103
FAM27C,4.490844,4.5491,2.221242,2.3219
MPZL3,10.217838,10.3554,7.344987,7.3576
HTRA1,6.116447,6.0444,2.658179,2.585
GNLY,11.962734,11.8688,8.06931,8.0334
MT-CO1,16.419546,16.456,19.802948,19.8169
RP11-323N12.5,5.987756,6.3291,4.110853,5.0989
RP11-40C6.2,0.265773,0.0,6.956836,7.1977
DMKN,4.709638,4.7004,1.751121,1.585
LAMB3,6.206619,6.0444,3.792858,3.7004
HLA-G,4.665657,4.8723,2.666566,2.5922
TRAV8-2,3.754152,3.6088,1.997642,2.0
FLT1P1,3.665859,3.8074,0.331372,0.0
H2AFJ,9.146123,9.1688,7.675571,8.0175
SPOCD1,6.295189,6.3923,1.429536,1.0
KIF6,0.505168,0.0,4.965885,5.2854
RP11-1000B6.7,2.250458,2.3219,7.654308,7.7347
CDC42EP2,8.949708,8.9887,6.546365,6.5546
CYP1B1-AS1,5.717702,5.4627,2.949427,2.8074
CPXM1,3.747385,3.7004,10.987273,11.2467
RP11-182J1.12,0.941004,1.0,5.446271,5.5832
CYYR1,5.206947,5.2479,3.547054,2.8074
TNFSF14,10.321147,10.3587,7.079279,7.1085
CASP8AP2,6.160478,6.375,10.79359,10.9106
RP11-455F5.3,6.15168,6.1497,3.089676,3.1699
NINJ2,8.995585,8.9996,7.503286,7.5774
LAD1,2.526117,2.585,0.187919,0.0
RP11-464F9.1,2.041528,1.0215,7.158292,7.463
TNFAIP6,9.007264,9.1548,4.446196,4.5236
ACSL1,15.344636,15.5329,11.096588,10.9248
COL4A5,2.206349,2.3219,6.660122,7.96
PLEKHF1,7.763597,7.9366,6.211284,6.2095
RP11-50D9.3,0.20186,0.0,4.721637,4.8435
RP11-173D3.4,0.170117,0.0,4.701516,4.7371
TSPO2,5.293793,5.3219,3.502847,3.3219
CASC15,1.276193,1.0,6.534904,6.2668
HMGB1P14,0.825987,1.0,5.661673,5.7814
RP11-359B12.2,2.259332,2.3219,7.306644,7.3875
ZNF638-IT1,2.686857,2.8074,8.075479,8.2046
RP11-477H21.2,2.856842,3.0,0.745699,0.0
TMEM63C,6.123604,6.1699,4.488463,4.2001
MEFV,11.819304,11.9837,7.60893,8.098
RP11-44D5.1,0.487728,0.0,6.789675,6.7688
NECAB2,6.506479,6.5999,0.760623,0.0
AC132217.4,2.68445,2.2296,0.122112,0.0
RAD54B,2.67579,2.8074,7.630014,7.7606
CASC5,4.664841,4.7549,10.097576,10.2312
PGAM1P10,0.028442,0.0,4.892766,5.3576
GZMM,9.17314,9.1699,4.747673,4.7004
UHRF1,6.619384,6.7097,11.108039,11.1051
FLNC,5.859795,5.7151,3.33866,2.8074
MAOA,6.946137,6.7549,4.501284,4.4594
KRT18P60,0.119151,0.0,4.984028,5.1293
ATAD5,4.680278,4.585,10.419789,10.4973
ISG20,11.093977,11.2294,8.497594,8.3531
C10orf54,15.320235,15.3787,12.484262,12.4362
RP11-168O16.1,3.990964,4.0875,1.728245,1.585
ASPRV1,8.101868,8.0928,5.222233,5.2479
AC092881.1,1.006101,1.0,7.269553,7.4594
VPS26BP1,0.028442,0.0,4.360502,4.4594
LINC01272,11.737461,11.811,6.589605,6.9307
CTD-3214H19.16,8.783661,9.231,3.110655,3.511
MLANA,1.753954,1.585,7.352738,7.4263
SH2D1B,7.648494,7.6795,5.121794,5.0
AC017035.2,0.440734,0.0,5.72938,5.8074
YES1P1,1.95652,2.0,6.688697,6.8095
EEF1B2,10.305449,10.3019,13.696295,13.7001
PGC,3.833568,4.3923,1.187202,1.0
B3GALNT1P1,0.200938,0.0,5.199342,5.2479
HPCAL4,5.013483,5.0444,3.669536,3.7004
RP11-478C19.2,1.964341,2.2048,6.680298,6.8335
CCR6,5.550188,5.7126,3.770637,3.6871
E2F8,3.491799,3.4594,8.554576,8.697
PI16,5.087322,5.1293,2.764106,2.585
RP1-310O13.7,2.888077,3.0,0.565069,0.0
OFD1P17,0.294412,0.0,6.402375,6.5829
RYKP1,1.037716,1.0,5.981269,6.0268
KIF11,5.858331,5.858,10.424723,10.5038
LOXL1,5.646671,5.7004,4.189297,4.0
RPL7P25,0.125139,0.0,4.949901,5.1699
ESYT3,1.052409,1.0,5.691222,5.7004
S1PR5,8.772909,8.7715,5.336883,5.3219
ACOT11,4.311458,4.3462,9.843758,10.0886
AC091878.1,4.832388,5.0875,1.132354,1.0
SPDYE1,2.918883,3.0841,7.984705,8.043
LINC01554,3.344991,3.3219,1.608281,1.585
RNA5-8S5,7.386536,7.4179,5.022809,5.0224
LPPR2,11.905229,12.0526,9.24325,9.1573
DKK3,5.258423,5.1699,2.317386,2.3219
NPL,11.035236,11.1402,7.783867,7.8392
SERINC2,7.849111,7.9366,6.033445,6.0875
RP11-326C3.7,4.462583,4.5497,2.578064,2.585
INHBB,4.933624,4.6439,1.98619,2.0
PPM1M,11.737782,11.6564,9.459073,9.4491
KRT18P7,0.796418,0.0,5.173427,5.1699
ANO7,2.376617,2.3219,7.321555,6.8826
RP4-591N18.2,0.935674,1.0,6.602095,6.6865
RP4-569M23.4,0.302297,0.0,4.654279,4.858
CTD-3060P21.1,1.776272,2.0,6.574954,6.6724
ZNF382,3.673872,3.8074,8.586185,8.8734
RP11-405O10.2,0.805535,1.0,6.465675,6.585
HPD,5.772472,5.8074,3.390746,3.1699
RP4-742J24.2,0.089534,0.0,5.977191,6.1045
CEACAM6,7.790641,7.6439,4.636038,4.3219
CTC-429P9.4,3.014297,3.5122,0.576463,0.0
RP11-540B6.2,0.923407,0.0,5.542918,5.8074
AP004289.1,0.431191,0.0,5.441732,5.4919
EXO1,3.69222,3.8074,8.447974,8.633
GUSBP9,2.825474,3.025,8.057206,8.0671
MTND5P2,0.611033,0.0,6.174205,6.3399
TUSC8,0.363938,0.0,4.924764,5.2479
PGM5,5.046058,4.9069,2.728925,2.585
LINC00937,8.77103,8.8392,5.209518,5.1759
UNC119,11.19178,11.2674,9.260018,9.2597
MAT2A,10.260024,10.3676,13.646911,13.7021
VPS13C,8.983806,9.1344,13.174506,13.2792
TYRO3P,0.780156,1.0,7.323154,7.3995
RP11-166B2.3,1.401049,1.585,6.177134,6.1898
CCDC88A,8.276575,8.4263,12.741294,12.8402
BLK,8.406176,8.5469,6.647082,6.6439
KNOP1P2,0.646762,0.0,6.117005,6.2479
SHANK3,4.139349,4.0875,9.703155,10.2155
RP11-96D1.9,0.114721,0.0,5.318034,6.0512
RP11-330L19.1,0.339006,0.0,5.759298,5.8582
PRELP,5.01522,4.9542,1.501851,1.0
PCDHGB2,1.173906,1.541,6.31029,6.1164
CD34,4.963945,4.8074,10.618745,12.2897
SERPINC1,3.681663,3.585,1.681251,2.0
RP11-265D17.2,4.768985,5.1497,1.991935,1.6736
NINJ1,12.542112,12.6493,8.875354,8.8041
VDAC1P8,3.264906,3.3978,8.025179,8.1677
RORC,5.632557,5.6147,3.805995,3.7004
RP1-55C23.7,4.334403,4.5236,2.664225,2.585
IER5L,7.499766,7.585,6.107792,6.1653
HAPLN3,7.883434,7.9944,5.970196,5.9542
TUFT1,6.696758,6.7549,4.444469,4.3923
OR7E128P,0.724204,0.0,5.900284,6.0
RP13-977J11.2,5.495872,5.7004,3.880032,3.9069
EXOSC4,9.135705,9.1113,7.658074,7.7195
KCNH3,7.646531,7.5999,5.286423,5.1293
ADORA3,6.222903,6.3375,5.014765,4.9542
CEACAM3,10.852704,10.9662,3.74947,3.585
DPY19L2P3,1.066965,1.0,5.930139,6.1208
RP11-79L9.2,0.310218,0.0,5.547162,5.645
CTRC,4.852008,4.9542,2.640184,2.585
CTD-3187F8.14,4.103836,4.2563,2.238111,2.2928
RP11-190D6.1,0.067522,0.0,4.645753,4.7549
CD8A,9.895169,9.8106,7.427251,7.3399
CTD-2647E9.3,1.048645,1.0,7.236863,7.4512
RP11-162G10.1,0.153085,0.0,5.564599,5.7845
LY96,7.46731,7.8265,5.855153,5.8826
ZNF772,4.066966,4.1699,8.841618,8.9039
RAB33A,6.944041,7.0,5.563179,5.8329
LINC00861,9.358231,9.4919,7.773961,7.7415
BEST1,11.168678,11.3038,8.838564,8.8258
RNA5-8S5,7.386536,7.4179,5.022809,5.0224
RP11-1094M14.8,6.8147,6.858,5.122807,5.0
CR1,11.776226,12.0011,9.333678,9.637
KCNQ5,4.414769,4.3923,9.609588,10.1585
S100A14,2.929094,3.1699,0.298635,0.0
MT-RNR2,16.243054,16.2208,18.809647,18.7373
HSPA7,9.305126,9.3289,6.445437,6.3549
AL928768.3,4.999409,5.0444,2.793721,2.8074
SIGLEC9,10.191456,10.3376,7.184898,7.1997
AC009303.2,6.841522,6.8948,4.487254,4.3219
RP11-10L12.2,1.475255,1.585,6.465283,6.5236
RHCG,3.078993,3.585,0.690608,0.0
KRBA2,3.382189,3.585,8.30406,8.2978
RP11-713M15.1,0.650688,0.0,5.891114,5.8826
YY2,1.7885,1.6826,6.846909,6.91
RAB43,10.92802,11.1279,7.616468,7.9995
CES1,9.087393,9.1623,5.558746,4.3923
GRIK5,4.104029,4.0875,9.434701,9.8517
CICP16,1.552596,1.6182,6.446786,6.5998
RREB1,8.816626,8.8887,12.710069,12.7015
HBA1,20.97655,21.2342,12.645334,12.9978
RP11-1198D22.1,0.104126,0.0,4.304294,5.4922
RP11-1023L17.2,3.889476,3.9165,10.471642,10.5762
CPA1,3.669026,3.7004,0.767403,1.0
ALPL,13.984303,14.5548,4.873172,5.0
OSCAR,11.52936,11.683,8.966896,9.4491
AC007278.3,8.092011,8.3038,3.593479,3.3219
TAS2R12,0.244209,0.0,4.774656,4.9542
SCARNA7,0.823964,0.0,7.461587,6.9773
RP13-516M14.1,8.755513,8.7944,6.394692,6.3923
RP11-133N21.10,0.263824,0.0,4.630408,4.8074
ACSM3,5.470567,5.4992,10.255635,10.1578
CYR61,5.173167,5.0,3.49873,3.4594
RP11-16C1.2,1.978522,2.0,8.643667,8.7142
PPFIBP1,4.197624,4.0875,9.669512,9.789
CEP70,3.668273,3.585,8.643929,8.5962
DTL,4.624891,4.7004,10.009782,10.1674
ANKRD36BP1,0.001649,0.0,5.396302,6.9249
IFI27,6.978477,6.7279,4.82429,4.7004
AC004381.6,4.331768,4.2479,9.059054,9.1755
AK1,8.581984,8.7645,6.531339,6.4227
LATS2-AS1,0.125704,0.0,4.532452,4.585
RP11-566K19.6,0.992978,1.0,5.386871,6.1112
C11orf74,2.956401,3.0,7.818413,7.8704
MYO9A,6.873433,6.9542,11.194149,11.2348
RN7SL558P,0.269019,0.0,4.683929,4.7549
RPL18P10,1.044499,1.0,6.458872,6.5999
SIPA1L2,9.922103,10.1611,7.488831,7.6073
HIST1H2BC,8.278704,8.3576,5.87792,5.6439
RP11-603J24.9,0.340706,0.0,6.23485,7.0851
PLA2G2A,4.376326,4.0,0.158702,0.0
RP11-96C23.13,0.57052,0.0,5.538161,5.4909
BEX5,3.709447,3.8074,1.977771,1.585
RFX8,1.131294,1.0,8.597163,8.8234
TMEM265,6.481829,6.6972,2.1713,0.0
PGA4,5.016663,5.4951,2.046225,1.669
RP11-277P12.6,4.408567,4.504,2.811471,3.0
RP11-44F14.10,3.79078,3.8074,1.274766,1.0
RP4-583P15.14,5.766727,6.0802,3.88158,4.281
FAM186B,1.241792,1.0,7.463564,7.56
SMARCD3,10.208823,10.2527,8.395398,8.375
AC004980.10,0.419229,0.0,4.862207,5.0126
OR2W3,7.476642,7.6294,5.870083,6.2479
CTD-3014M21.1,2.314586,2.0,7.137055,7.1599
SMG1P6,2.02701,2.1603,7.84194,7.9941
RP11-326C3.2,8.435483,8.5392,5.217495,5.0875
UBALD2,12.072971,12.164,10.067254,10.0307
ADM,11.741172,11.8865,5.099451,5.2479
ZNF326,6.934823,6.9658,11.166342,11.1861
ZC3HAV1L,1.223065,1.0,7.845304,7.9307
TAS2R64P,0.460447,0.0,4.862286,5.3576
RP3-393E18.2,4.914215,5.0444,2.301503,2.3219
CTD-2002H8.2,0.804352,1.0,5.438747,5.585
CASC10,0.959586,1.0,5.776388,6.4919
CPA6,0.364269,0.0,4.698946,5.0875
MME,11.265918,11.4573,4.747032,4.5236
RP11-506H20.2,0.26126,0.0,4.50929,4.6439
DNTT,1.108117,0.0,6.02541,5.9542
RP11-23J18.1,4.456641,4.5236,2.647877,2.8074
LIMK2,12.929107,13.0718,10.298636,10.341
CLEC11A,6.797635,6.7415,11.231703,11.6676
LPAR4,0.216851,0.0,6.766937,7.0661
LSMEM1,7.92233,8.0168,5.043728,5.0
RP11-165M1.1,0.497691,0.0,5.464511,5.4919
CETN3,3.143628,3.1699,8.178955,8.2384
AP000476.1,1.299886,1.0,5.862399,6.3576
NFE4,6.36948,6.6439,2.448112,2.3219
NEK5,2.012192,2.0,6.775683,6.7142
RP11-573D15.9,1.705585,1.585,7.488166,7.585
MFAP5,3.050695,2.8074,0.890273,0.0
IDO1,3.736075,3.7004,1.098667,0.0
VNN3,10.361128,10.5661,4.936531,4.9069
GINS1,3.813138,3.8074,8.73946,8.8918
RP11-50E11.2,0.453062,0.0,5.010313,5.1566
ITGAX,14.5559,14.7297,11.430532,11.6931
AOX2P,0.36828,0.0,5.429391,5.1293
RPL7P52,0.374816,0.0,5.649249,5.8074
TMEM38A,6.635878,6.7279,4.487695,4.3923
KIAA0319,5.951642,6.1898,2.426658,2.585
PDPK2P,4.587033,4.7887,9.276303,9.3011
ZNF680,4.13954,4.3219,9.094969,9.2143
CTD-3099C6.9,3.507047,3.585,8.642994,8.7211
RP11-517H2.6,2.047262,2.0496,7.238635,7.2702
KLC3,6.535605,6.6621,1.939123,2.0
RPL9P30,0.095326,0.0,5.390839,5.5236
CCL4L2,6.666689,6.6054,3.725124,3.7071
ZBP1,9.147254,9.1573,6.148471,6.0875
SOCS3,12.158152,12.2958,9.728906,9.7022
ULK4P2,1.885793,1.8718,6.65006,6.89
KLHL23,2.534147,2.585,8.559623,8.8857
ELL,11.475164,11.5962,9.597801,9.5546
LINC00239,3.423237,3.4594,0.803455,0.0
IL10,5.605558,5.7279,3.36582,3.0
RP11-227G15.12,0.840072,1.0,5.404795,5.3576
CD247,10.754304,10.7532,7.541257,7.5157
C8orf17,0.302529,0.0,5.053341,5.2095
RP5-991G20.1,3.347671,3.4621,8.360288,8.4227
CNKSR3,2.627841,2.585,7.263061,7.3399
NADK2-AS1,0.325345,0.0,4.973475,5.1699
CNN1,4.664818,4.7549,0.726668,0.0
SMC2,6.094643,6.1293,10.864526,11.0203
EAF2,5.311067,5.3576,9.918251,9.8345
KIAA1549,1.757983,1.585,9.023914,9.2188
ACP5,8.694413,8.8041,7.125518,7.0661
STAG3L3,7.856566,7.9767,12.09159,12.1281
C19orf33,3.929693,3.9439,1.671995,1.585
GDPD3,8.014418,8.0822,6.519416,6.5392
PADI4,12.633355,12.8508,9.059163,9.0553
C3orf14,3.862915,3.9069,2.101153,1.585
CACNB4,3.464999,3.4594,8.214534,7.9542
RP11-197N18.7,0.302958,0.0,4.703062,4.8074
RIPK4,2.889831,2.8074,0.473209,0.0
GUSBP2,2.125647,2.1473,7.363783,7.4628
RP11-39K24.4,1.283026,1.0,7.243998,7.0661
IQGAP3,4.661784,4.6439,9.75554,9.9159
ADIRF,4.412244,4.1699,0.996394,0.1375
RGS6,5.33952,5.4594,2.595792,2.3219
TRBC2,11.013426,11.1143,8.644764,8.6832
AC026150.8,2.388012,2.585,8.016891,7.9978
PRSS23,6.837934,6.74,5.066482,4.9212
HNRNPA1P50,0.204009,0.0,5.299011,5.4128
AC084219.2,0.50717,0.0,5.669715,6.1914
ARG1,11.532079,11.8337,6.032536,5.7279
ABCC3,8.258599,8.3531,5.919965,6.0
TCEA1P2,2.500104,2.5583,7.208462,7.2816
POMK,2.778339,2.8074,8.490511,8.6221
ZNF667,2.460747,2.585,7.089257,8.0768
RGS9,6.242881,6.2288,3.154524,3.1699
AOX3P,0.116897,0.0,4.618035,4.2479
TRAC,10.558777,10.6119,8.782294,8.7538
MTND5P11,0.559432,0.0,6.390584,6.457
TYMS,6.610571,6.6943,11.23652,11.3627
CASP5,6.994242,7.1189,2.673377,2.3219
NAMPTP1,10.727069,11.0592,6.586698,6.7074
CLEC1A,6.056398,6.1293,2.69169,2.585
SAMD13,0.914001,1.0,5.812153,5.9001
RP11-63K6.1,0.272557,0.0,5.114369,5.2095
MARCH2,11.080696,11.1157,8.684941,8.6511
TMEM169,5.060848,5.0,2.736512,2.585
RP11-1277A3.2,2.631147,2.6576,8.715582,8.8544
LL22NC03-2H8.4,0.856791,1.0,6.563077,6.5388
GOLGA8T,1.29718,0.8074,5.774566,5.8863
HERC2P2,8.489265,8.4597,12.318666,12.3157
TMEM67,2.80831,2.8074,7.521621,7.7549
FNTAP2,0.181674,0.0,4.840969,5.0
BGN,6.085885,5.9069,4.370082,5.0
THEM5,3.282685,3.1699,1.107789,1.0
RPL7P49,0.155768,0.0,4.957911,5.1293
BAIAP3,8.082949,8.2048,6.10926,5.915
CH507-396I9.6,5.685627,5.8669,3.808773,4.0027
C4BPA,5.452257,5.1699,1.14178,0.0
RP11-454F8.2,0.957111,1.0,5.939313,5.9069
KRT15,3.380524,3.4594,0.147456,0.0
RP11-28G8.1,0.518602,0.0,5.484029,5.5236
ALG1L13P,5.797751,5.9649,4.030732,4.0347
RP11-357N13.6,0.619653,0.0,6.986077,7.0444
LGALSL,8.02383,7.7748,5.543174,5.585
RP11-278C7.3,1.278842,1.0,6.017217,6.1497
GCA,12.813663,12.9791,10.59057,10.6073
ALB,6.867355,6.5392,1.539642,1.585
KANTR,1.688639,1.585,6.726349,6.8071
RP11-489G11.3,0.403025,0.0,5.081949,5.2479
NCR3,7.868789,7.858,4.816378,4.7549
PFKFB2,10.793926,10.9344,8.062961,8.2715
CEACAM21,8.62333,8.7448,6.709531,6.8329
TNNC2,4.782639,4.5236,1.350769,1.0
RP11-56B16.1,0.405312,0.0,5.122948,5.1699
RNA5-8S5,7.386536,7.4179,5.022809,5.0224
AGGF1P2,0.682218,0.0,6.220917,6.394
MYL1,3.493308,3.3219,0.032283,0.0
MIR222HG,3.963825,4.0875,9.570924,9.5736
RPS7P11,1.488376,1.4751,6.550886,6.5747
KANK3,4.801485,4.7565,3.512621,3.4607
ANKRD18B,0.408249,0.0,5.702598,6.1753
AP000560.3,0.734085,0.0,6.56816,6.5999
RP11-649E7.5,2.224295,0.0,9.288988,9.42
RP11-717D12.1,0.512753,0.0,6.884098,6.9069
MEST,4.826664,4.858,10.354316,10.7144
MYB-AS1,0.145263,0.0,5.421786,5.6147
IL2RB,10.585547,10.4868,8.849191,8.7108
AL133243.4,1.004389,1.0,8.019046,8.1447
RP11-613D13.5,1.224609,1.0,6.119283,6.229
RP11-20I20.4,5.173573,5.2479,3.235461,3.3219
OCLN,4.960382,4.7549,9.524226,9.4579
ANKRD28,7.969976,8.0334,12.613614,12.5831
HSPA1B,12.801119,12.4266,9.92453,9.892
MKRN2OS,0.512817,0.0,4.873962,4.9542
HCK,13.912196,13.9553,10.55901,10.7296
CTSL,8.698983,8.5314,7.111148,7.1699
CYP17A1,3.80329,3.8001,2.018632,2.0
PLVAP,6.790096,6.7549,5.081266,5.2095
ATP8B4,7.931684,8.0279,12.477288,12.6939
LL0XNC01-237H1.2,0.645698,0.0,5.567406,5.6724
ERI2,4.620169,4.6536,9.464961,9.5874
CLIP1-AS1,0.397095,0.0,5.478497,5.6308
CDA,11.938558,12.0137,7.083249,7.3837
MPV17L,2.41827,2.3219,7.18885,7.1699
KLHDC8A,4.786508,4.7004,2.44689,2.0
RP11-44F14.2,3.359195,3.4594,1.381097,1.0
FTH1P10,7.08746,7.1233,3.407476,3.4686
ACTG2,5.064401,5.2854,0.49721,0.0
EEF1A1P3,0.92768,1.0,8.155117,8.2336
RABAC1,11.1205,11.2033,9.144936,9.1523
CAPN13,3.706949,3.9069,1.383514,1.0
CTB-176F20.3,1.537801,1.585,6.16271,6.2854
RP11-474B12.1,0.208904,0.0,5.947016,6.0
RP11-357N13.2,0.092493,0.0,4.526276,4.585
CTD-2301A4.3,0.562476,0.0,4.970971,5.0444
RP11-381E24.1,0.278997,0.0,5.305966,5.3923
RP11-63N8.3,3.591868,3.7004,0.371849,0.0
LGALS9B,5.082223,5.0005,2.780434,3.079
BTBD3,5.413133,5.5236,10.163063,10.2202
SLC46A2,6.824602,6.9667,4.877662,4.7148
FOXP1-IT1,1.047236,1.0,8.309029,8.3562
HCG4P11,5.783182,5.826,3.742604,4.0772
CHML,5.199627,5.2479,10.568209,10.5878
RP11-142O6.1,0.362466,0.0,6.00312,6.0444
AC013429.5,0.046751,0.0,4.347802,4.4594
ZNF367,4.300137,4.3923,9.034435,9.1573
LEP,4.601137,4.2479,1.379324,1.0
CTD-2286N8.1,1.148653,1.0,5.784898,5.8329
RAB24,11.733495,11.7875,9.380813,9.2958
AIM1L,4.20778,4.3219,2.288572,2.3219
RP11-394B2.5,2.408819,2.585,7.114013,7.2192
RNA5-8S5,7.386536,7.4179,5.022809,5.0224
E2F7,2.699809,2.8074,7.51322,7.6221
KIR2DL3,6.872196,6.9616,2.942283,2.969
TPMTP2,0.197069,0.0,4.861507,5.0444
TMEM119,6.235424,5.9542,3.962736,3.9069
PLEKHG3,10.945172,11.0777,8.497704,8.8966
CD38,7.960642,8.0,12.119357,11.9794
RP11-48B3.3,0.617975,0.0,5.527178,5.6724
SERPINA3,3.183568,3.585,0.068327,0.0
CNTNAP3B,6.411585,6.454,2.559127,2.3978
VNN1,11.823154,12.0175,8.309139,9.034
CD14,12.872564,13.0044,8.423971,8.7313
RP11-464D20.6,0.810924,1.0,6.301742,6.375
CENPU,5.307307,5.3667,9.956749,10.0208
TKTL1,7.006732,6.9542,3.981868,3.8074
CPXM2,3.23472,3.1699,0.976536,0.0
RP11-863P13.4,1.656591,1.585,6.395904,6.5078
TRBVB,0.011869,0.0,4.861932,5.2095
CTC-425O23.5,4.071917,4.2479,9.169701,9.2264
IL1R1,10.389539,10.3129,7.000958,7.0661
RP3-415N12.1,0.232246,0.0,5.021686,5.2095
CASQ2,2.721553,2.585,0.232641,0.0
CR1L,5.097204,5.0457,3.471746,3.1699
RP11-39K24.14,0.694795,0.0,5.314805,5.2479
GOLGA7B,6.264075,6.375,4.217277,4.0875
SCHIP1,1.667907,1.6041,8.019416,9.1279
TGIF2P1,0.195057,0.0,5.08796,5.1699
RP11-90O23.1,0.348706,0.0,5.633023,5.7549
CLIC3,7.655361,7.8265,3.931204,3.8074
C15orf38-AP3S2,8.96194,9.073,6.879165,7.289
ZNF492,0.866475,1.0,5.752875,6.0444
CD3E,10.971952,11.007,8.816298,8.7004
FLOT1,13.548781,13.6618,10.287529,10.4948
OR7E7P,1.706298,1.585,6.265202,6.3923
MIS18BP1,7.960975,8.1189,11.996742,11.9805
CTD-2373N4.3,0.927077,1.0,5.598801,5.3923
RP11-120M18.2,3.742857,3.8349,2.294898,2.4383
POMC,5.39885,5.4919,3.644292,3.1699
OXER1,8.553944,8.5584,7.067499,7.1189
ZNF221,1.452796,1.585,7.172619,7.3923
AC069063.2,0.519404,0.0,5.343247,5.4594
RP11-93B14.9,7.239816,7.1699,5.245173,5.3219
RP4-569M23.5,0.943265,1.0,6.881054,6.9425
PHOSPHO1,12.129036,12.2315,5.858012,5.9069
CATSPER1,6.455244,6.5392,5.003033,5.0
ZC3H12C,3.714954,3.8074,9.044984,9.5333
ZNF70,4.57408,4.585,10.294136,10.3576
NCF1C,11.788247,11.798,8.036425,7.9747
KNTC1,7.054733,7.1293,11.700309,11.811
ECM2,1.981904,2.0,7.825782,7.9189
SHPRH,5.898682,6.0455,10.726461,10.8221
KRT2,4.661226,4.7549,1.229877,1.0
TACC2,3.775634,3.8074,2.160059,2.0
RPL36A,9.225781,9.0941,13.130418,13.1528
RP11-347P5.1,4.541792,4.5236,9.214914,9.3837
BIRC6-AS1,0.196356,0.0,5.356598,5.5236
LIPF,2.870166,3.0,0.237988,0.0
KRT8P15,0.174508,0.0,4.486386,4.6439
TDRD9,8.515023,8.8424,6.277095,6.5236
PLK4,4.031282,4.0875,9.314287,9.4094
RP11-52A20.2,1.439382,1.585,6.872365,6.9189
RP11-16E23.3,0.098687,0.0,4.570202,4.6439
BMS1P1,3.758647,3.8001,10.179723,10.0455
JOSD2,8.197276,8.2761,6.669394,6.585
TRBV3-1,3.96697,3.9069,2.333614,2.3219
RP11-411B6.6,3.469446,3.8115,8.236057,8.3412
FOXO4,10.612646,10.6891,8.844838,8.8041
BAHCC1,5.740309,5.7814,12.520368,12.9429
CPQ,10.796626,10.8895,8.994246,9.0498
RP4-665N4.4,0.136209,0.0,4.695766,4.6439
CTD-3088G3.8,11.353543,11.3778,8.472265,8.4179
THBS1,11.33233,11.213,9.108549,8.918
TLR5,9.866765,10.2021,6.996762,7.1599
DEFA4,8.76809,8.9069,3.48034,3.3219
AC007278.2,5.183679,5.3923,2.852803,2.8074
WDR31,2.471747,2.585,7.224256,7.3576
HOXA10,3.442548,3.585,8.000471,9.4046
GFAP,5.487,5.9773,1.988284,2.0
VDAC1P11,0.14322,0.0,4.560612,4.7004
C1QA,8.818823,8.7649,6.085782,5.9542
LINC00989,4.720969,4.8074,1.418223,1.0
ALG10B,5.058243,5.2095,9.680226,9.74
RP11-1023L17.1,4.717781,4.6843,9.855346,9.9379
TET1,2.642271,2.585,7.855998,8.1649
AC006449.2,5.80798,5.9129,2.255617,1.6041
CTRB2,3.174288,2.7485,0.162702,0.0
WRN,5.434477,5.4919,10.042302,10.1228
LDB3,4.235408,4.0875,1.717334,1.585
IGSF6,11.293341,11.3576,9.145018,9.1079
RP11-326C3.13,3.638712,3.7004,1.883213,2.0
RP11-666A8.9,4.944563,5.2188,3.027108,2.98
LAMA2,4.202097,4.1699,2.469209,2.585
CMTM5,7.364077,7.3663,3.571045,3.4594
NRG1,5.945011,6.0875,2.078077,1.585
KCNK17,1.330003,1.0,6.972182,7.5236
MYL7,2.737681,2.8074,0.00578,0.0
RAVER2,5.028043,5.0,10.153173,10.3565
CYP1B1,9.35693,9.5656,7.219449,7.2931
MYH1,4.732926,4.6153,0.017341,0.0
AC012513.4,0.81381,1.0,5.485605,5.5236
CTD-2522E6.4,0.732964,0.0,5.213973,5.2095
GPD1,4.369175,4.1699,3.108887,3.1699
RP11-394B2.1,1.217366,0.0,6.4194,6.452
ANG,6.620702,6.7377,3.931621,3.9383
SCN5A,4.155995,3.9069,2.466496,2.585
HBG2,11.952474,12.0076,8.653562,8.4512
CNTNAP3,8.68681,8.8648,2.664007,2.211
MANSC1,10.07448,10.3026,6.926479,7.098
SLC16A6,8.806868,8.9127,5.666097,5.3847
TTC22,6.576812,6.6865,4.821806,4.6439
NRBF2P5,1.355381,1.585,6.111429,6.3038
RP11-289H16.1,0.337232,0.0,5.520831,5.8711
AC002454.1,0.696659,0.0,6.422855,6.4263
LRRC37A9P,0.51058,0.0,4.935266,5.1293
RP11-109N23.5,0.062315,0.0,4.76817,4.9069
XPO6,14.740815,14.8766,11.947713,12.0182
RP11-354E23.4,0.129561,0.0,4.668377,4.8074
CBX5,8.659907,8.7347,12.741308,12.8439
SELM,6.090807,6.1699,3.874865,3.9069
SLC25A39P1,0.654205,0.0,5.437882,5.4594
RP11-330L19.2,0.283142,0.0,5.299636,5.4594
ACTG1P10,1.25969,1.1953,5.973785,6.0466
PROM1,2.126708,2.0,9.245613,10.7347
PRR33,9.104957,9.2738,7.167415,7.2574
RP11-685N10.1,0.962307,1.0,5.51969,5.6724
AC008985.1,0.473279,0.0,6.132676,6.1898
CTB-75G16.1,1.70889,2.0,6.440686,6.4594
FAM107A,5.18011,5.1293,1.93252,2.0
ADGRE3,9.478846,9.7148,5.119271,5.1743
MAOB,4.224013,4.0875,2.041549,1.585
FFAR2,12.17455,12.3658,4.68782,4.7004
BATF2,5.903246,6.1898,4.315725,4.2479
KLF1,8.622239,8.6546,7.067329,6.7549
RP1-102H19.7,0.25903,0.0,4.584921,4.7549
HCAR2,11.358348,11.4352,6.356445,6.4798
TRBV18,3.729305,3.8074,1.736973,1.585
MUC19,0.760084,0.0,5.842771,5.8329
SLC25A37,15.439988,15.5066,12.286458,12.2348
TP53I11,11.696982,11.7078,9.464953,9.5718
MNS1,0.761927,0.0,6.735079,6.8683
GPX1P1,5.652444,6.431,2.426532,2.3978
SVOPL,0.343597,0.0,4.796116,4.858
RP11-291B21.2,4.961092,4.9542,3.184326,3.1699
C5AR2,10.993781,11.1855,6.649483,6.8948
PRKCA-AS1,0.249326,0.0,4.700077,5.0
SHC2,3.70579,3.7004,1.926076,2.0
SPN,9.860856,9.8392,13.957684,14.0639
PRF1,11.884286,11.8082,8.664746,8.5887
SH2B2,9.68468,9.8486,7.225741,7.2574
VENTX,7.7754,7.9129,5.563955,5.7004
TRPV4,4.368862,4.3923,2.265891,1.585
RP11-93B14.10,3.82536,3.8074,2.265428,2.3219
CPE,5.007034,4.9542,1.975684,1.585
OSTCP8,0.091261,0.0,4.418307,4.585
PIM3,11.334852,11.4654,9.476378,9.5038
YPEL3,13.309981,13.3565,10.229122,10.1923
IL27,4.757304,4.8074,2.053981,2.0
MYCBP2,9.260551,9.3902,13.152199,13.1974
CTC-457L16.2,2.856446,3.1699,7.479892,7.6958
RP11-326L17.1,0.160519,0.0,4.445081,4.5236
SASH1,5.59419,5.5546,4.089303,4.0
FLT3,7.465012,7.7279,12.738995,12.9656
RPS2P7,5.501959,5.769,4.06698,4.1018
ARHGAP11A,5.466471,5.4867,10.468379,10.5525
CSNK1A1L,4.447976,4.585,0.569965,0.0
PRKCZ,8.402041,8.3601,6.683124,6.8434
ATAD2,6.637297,6.6294,11.263815,11.3542
AGTRAP,12.214728,12.3143,9.953318,10.0279
RP11-166N6.2,4.110686,4.3219,0.445959,0.0
SIRPB1,12.475025,12.5846,9.470612,9.8637
CLEC4E,11.40998,11.4964,5.383991,5.585
RP11-817I4.2,1.700185,1.585,6.488101,6.585
CRISPLD1,1.259245,1.0,7.050494,7.8826
PVALB,2.919045,3.0,0.599788,0.0
CD177P1,6.014937,6.1621,0.274765,0.0
OCLM,1.249608,1.0,6.317035,6.4263
TRPM6,7.908796,8.098,2.810246,2.8074
RP11-402J7.2,0.749177,0.0,5.951073,6.1085
CYP4B1,2.663977,2.585,0.09685,0.0
RTN1,7.055512,7.1898,4.701899,4.585
MYH6,4.700809,4.7549,0.321477,0.0
RPL37P6,0.218784,0.0,4.759482,4.541
ESRG,3.624588,3.585,1.382362,1.0496
MCOLN1,10.895561,10.9166,9.014078,8.9944
RP11-24N18.1,3.192851,3.6576,0.09865,0.0
FOLR3,10.043908,10.3465,3.43635,3.3219
SLC5A3,7.199164,7.1518,11.378918,11.3589
KIAA0101,4.859354,4.858,10.333817,10.3805
CLEC4A,8.928927,8.9944,6.580095,6.5236
RAI2,4.498586,4.3923,0.985632,1.0
ALOX5AP,13.856042,13.9032,9.739021,9.9614
HIST3H2BB,4.239749,4.0875,1.838573,1.585
RP1-20N2.8,1.475562,1.5993,6.54838,6.6526
ESCO2,3.097861,3.1699,8.097906,8.2095
AC079767.4,3.833283,4.0,1.983267,2.0
VPS9D1,11.056395,11.1368,8.519929,8.4933
RP11-551G24.2,0.117329,0.0,4.66057,4.9542
C1orf115,5.644256,5.6147,3.88349,3.9069
RP11-556I13.2,4.927923,5.0875,2.604678,2.6736
TMCC2,10.354245,10.2923,7.750529,7.5157
XIRP1,3.206793,3.0,1.234127,1.0
CHST15,12.429578,12.5715,8.539441,8.585
ISPD,1.980842,2.0,6.803274,6.8455
SECTM1,12.433388,12.5177,6.831621,7.0553
FRMD5,1.070149,1.0,7.109539,7.2854
LINC01451,5.262162,5.3219,2.307993,2.3219
SLC44A2,12.983302,13.0876,10.504845,10.66
KLRC1,4.950015,4.99,3.397948,3.3219
CH17-373J23.1,1.438716,1.585,6.250875,6.3402
HOXB-AS2,0.204963,0.0,4.57959,5.0
ZDHHC19,8.459977,8.8517,1.608217,1.585
HELLPAR,2.663756,2.8339,9.227392,9.225
CXCL1,7.267289,7.2946,4.072456,4.0875
LINC01146,4.065626,4.0875,2.003751,2.0
REG1A,3.498005,3.8074,0.162626,0.0
ZNF519,3.433499,3.4594,8.72368,8.9244
CLDN1,2.721777,2.8074,0.153539,0.0
RP11-666F17.1,0.381347,0.0,4.82299,4.7549
ZNF730,0.311637,0.0,6.20811,6.5552
TNFSF12,9.116917,9.2731,7.036695,7.0444
DTX1,6.105275,6.1293,4.702209,4.5236
CDCA7,4.91994,4.9069,10.750599,11.0755
ZNF114,0.825734,1.0,5.346064,5.5546
PDCD1,6.398201,6.3923,4.869005,4.858
LY75-CD302,1.841915,1.9336,7.64301,8.43
CTA-384D8.34,3.588838,3.7409,2.041534,2.121
AC018462.2,0.253513,0.0,5.488902,5.6264
RPL34,9.473537,9.2831,13.492618,13.4474
SKAP1,8.462558,8.4471,6.86448,6.7142
FNBP1P1,1.373331,1.585,6.629179,6.7279
CXCL16,11.441633,11.5245,6.857276,7.0
CHIT1,8.262702,8.1033,3.513378,3.4594
GCHFR,7.140132,7.3077,5.457274,5.7159
CREB5,11.289427,11.4346,8.242727,8.4594
PCDH1,5.577464,5.6147,3.341921,3.3219
MAPK13,10.851367,11.0112,8.526583,8.611
RP11-148B6.1,0.59388,0.0,5.023386,4.9832
CLSPN,4.129912,4.1699,9.792473,9.8755
RYR2,3.602674,3.7004,1.53232,1.0
BOK,5.595394,5.5546,3.81229,3.8074
PRR13P5,3.810007,3.8856,1.930323,1.7949
RP11-616K22.1,1.250684,1.0,7.096976,7.2479
SERPINA3,3.260165,3.3219,0.213049,0.0
MEX3B,2.62666,2.585,8.95748,9.0875
PKP1,3.929145,4.0875,0.331286,0.0
MYB,5.782557,5.7814,13.158714,13.2716
MUSTN1,6.084778,6.1194,1.056836,0.926
SEPT4,5.518191,5.5236,4.267623,4.3219
RP11-566K11.4,3.804307,3.9241,1.61454,1.3561
KRT5,5.78906,5.9307,0.585721,0.0
TMEM45B,6.920634,6.9658,4.055813,4.0875
CEACAM8,8.447025,8.4838,4.733934,4.585
RP11-22N19.2,6.326173,6.3127,3.578225,3.4594
RP11-609N14.4,1.235238,1.0,7.917705,8.1085
AC004158.3,0.365678,0.0,6.219739,6.3343
AP000925.2,0.469433,0.0,6.031461,6.1085
HPGDS,1.768511,1.585,6.664771,6.7682
SMARCAD1,6.531746,6.5999,10.83622,10.9418
BDP1,7.008314,7.0768,11.767971,11.8677
GOLGA8IP,0.65624,0.0,5.543761,5.4637
RP5-951N9.1,0.211347,0.0,5.214129,5.3219
SMG1P4,4.899956,4.8943,10.005084,10.0921
RP11-670E13.6,5.678719,5.7814,3.29847,3.4594
MYO10,6.124786,6.1293,4.728276,4.7004
ZNF573,2.337318,2.585,7.776753,7.9307
RP11-476D10.1,4.693414,4.8074,0.750948,0.0
RP11-473M20.5,5.147176,5.2854,1.841347,2.0
SNCA,10.944636,11.0279,8.775801,8.9972
CALN1,1.535607,1.585,6.404001,6.1898
ISL2,4.497688,4.5783,1.386312,1.0
GPRC5A,3.887611,3.585,1.228499,1.0
DPY19L4,5.509016,5.6775,10.369688,10.4741
RP11-798G7.7,0.600428,0.0,5.054574,5.2946
PKDREJ,1.810467,2.0,6.480118,6.5699
FCGR3B,14.896456,15.0088,5.077368,4.8654
TNFRSF13B,5.528973,5.585,4.057217,4.0875
RP11-307C18.1,3.10882,3.1699,1.309631,1.0
HIST1H3D,5.94589,6.0224,4.048062,4.0
ANKRD55,7.046914,7.1396,4.023356,4.0
CH507-154B10.1,1.697524,1.585,7.731269,7.9015
HIST2H2AA4,11.017703,11.0646,9.089909,9.0854
NMNAT2,4.344813,4.3923,1.073253,0.0
CRISP2,3.797145,3.585,1.133892,0.0
KRT72,6.508199,6.6147,3.679838,3.4594
LDOC1,5.687382,5.7004,3.903732,3.7004
AC104389.1,4.141423,4.3413,1.273058,0.0
KIR2DS4,6.65619,6.7526,2.742352,2.585
FOXRED2,4.760029,4.7549,9.599164,9.6777
SPATC1,6.317291,6.375,4.205027,4.3219
ROPN1L,8.361443,8.4388,4.669895,4.585
SMG1P3,7.358871,7.3267,12.785955,12.9037
NSRP1P1,0.415057,0.0,5.860349,5.8166
ARRB2,14.565345,14.6004,11.745077,11.7809
EGLN3,4.88885,4.9542,3.025958,3.0
DTX3,7.435823,7.4998,6.080183,5.8074
NRXN2,3.606026,3.585,9.595747,9.7582
TREML4,5.559878,5.5236,4.055775,4.0
RP11-138C9.1,4.859261,5.0268,2.737032,3.3992
PPP2R5B,9.73227,9.8345,7.944361,7.9129
B3GALNT1,3.410741,3.4594,8.574322,8.7415
TRBV25-1,10.215772,10.229,7.493702,7.4761
CDC34,11.326332,11.3493,8.806025,8.8486
SLC7A7,11.572618,11.6935,8.764066,8.4959
CABP5,3.395494,3.585,0.514377,0.0
CLEC3B,5.375618,5.3245,3.803592,3.8074
CLEC7A,11.200087,11.4268,8.485466,8.7582
PROSER2-AS1,0.694178,0.0,5.727219,5.4919
RP11-463O12.3,0.084798,0.0,4.836523,5.295
ANKRD36,5.440913,5.2657,11.175076,11.1936
PFN1P2,2.650929,2.8074,7.907997,7.9379
SLC26A8,9.14666,9.4305,7.126173,7.0661
SNORD3B-1,1.282005,1.0072,8.113334,8.3648
GOLGA8O,2.087527,1.9069,7.965569,8.3488
RP11-67C2.2,6.025117,6.2095,3.189698,3.3219
SPDYE16,3.867016,4.033,8.939418,9.0303
TJP3,5.023223,5.0875,3.13459,3.1699
AC013474.4,0.768572,0.0,5.686927,5.9069
RP6-99M1.3,1.053065,0.0,6.479594,6.4919
SKA3,3.405564,3.4594,8.732908,8.8887
MTND4P14,0.809269,1.0,6.761073,6.7479
PECR,7.911523,8.0389,4.949814,4.9542
RP5-894A10.6,2.734896,2.8074,7.374693,7.4838
EGR1,7.188977,6.8704,12.832418,13.0023
ID3,6.582465,6.6147,3.667688,3.8074
TNFRSF8,7.714167,7.9484,5.455006,5.4263
RP11-115L11.1,6.157031,6.2288,4.860861,5.0444
MYL4,9.232607,9.2969,4.987749,5.0444
PRSS33,3.261726,2.585,0.617521,0.0
ST20,8.910054,9.0811,7.226987,7.2987
APOBEC3A,12.414954,12.5084,6.731911,6.8607
ABI3,9.783536,9.9379,7.276436,7.5699
LYVE1,6.427591,6.4263,3.860276,3.7004
RP5-857K21.6,8.169464,7.888,12.533513,12.3102
KIF20B,4.834191,4.9069,10.153482,10.2491
GPR146,8.740557,8.8549,6.563968,6.7654
RP11-12A2.1,0.703967,0.0,6.214718,6.4757
EPB42,10.220987,10.3437,7.133571,7.1542
DPT,2.997831,2.8074,0.358229,0.0
PWAR5,1.629275,1.585,7.020518,7.7142
RP11-449H3.3,1.516458,1.5753,7.277399,7.5481
RPL7P11,0.040035,0.0,5.203758,5.3999
PRODH,2.736876,2.7655,7.62015,7.7591
HBM,10.536033,10.7296,5.089348,5.2095
LINC01271,5.98918,6.1693,1.221897,1.0
RAB7B,3.231787,3.1699,9.321949,9.7194
LPPR3,3.265015,2.8074,9.413817,10.0715
RP11-603K19.1,0.230426,0.0,4.67395,4.8074
RP11-83A24.1,0.432285,0.0,5.484802,5.6147
GPR42,4.004844,4.0934,0.582721,0.0
RP11-96C23.9,0.057389,0.0,4.657101,4.7004
CRP,2.801261,2.585,0.350553,0.0
RP5-906A24.1,0.34239,0.0,5.414061,5.6656
PRPF38AP2,0.117967,0.0,4.182048,4.2502
RP11-540O11.8,0.166454,0.0,5.016719,5.1699
MDN1,7.922479,8.0,12.338036,12.4112
RP11-203J24.9,6.946139,7.103,4.908205,5.0819
ZBED3-AS1,0.908154,1.0,5.32706,5.4979
CD27,8.575891,8.6573,6.946987,6.9198
TFEC,7.189882,7.3487,11.714811,11.9712
CD300A,12.433359,12.5298,9.559897,9.9577
RP13-487P22.1,0.297299,0.0,4.546381,4.7004
KCNMA1,6.532751,6.1699,3.117796,3.0
MT1M,2.715392,2.3219,0.415374,0.0
CCDC14,6.70215,6.7682,11.882724,11.9877
AC012358.7,0.41684,0.0,4.786598,4.858
RP3-508I15.14,4.577552,4.6241,2.886681,3.0126
TYROBP,13.802222,13.7943,11.320598,11.3636
GIMAP5,9.828609,9.8816,7.682471,7.8028
CTB-50L17.14,7.078241,7.267,3.200553,3.3219
GNAO1,5.399766,5.2854,4.178868,4.0
MYZAP,4.59877,4.6439,3.033356,2.729
CCDC150,2.083952,2.0,6.975613,7.0554
PLD2,8.590853,8.7082,7.202699,7.3487
PF4,9.524264,9.583,5.357787,5.6439
ZBED6,4.282223,4.1235,10.411614,10.5569
CRYM,3.20437,3.1699,1.411717,1.0
MYH14,3.473814,3.4128,0.907472,0.0
INSL3,6.517384,6.4594,4.405232,4.4594
RUNX1,10.066915,10.1911,13.875089,13.9653
ADGRB2,4.70292,4.6439,3.169013,3.3219
RP11-503N18.5,1.040638,1.0,6.012793,6.0
SH2D3A,7.490228,7.4919,6.005616,5.9069
CYTIP,12.776457,12.8234,10.227951,10.2842
TOM1,12.237172,12.3205,10.073992,10.0362
GJA9,0.464475,0.0,5.196216,5.3114
RP5-867C24.1,1.213055,1.0,6.591462,6.6439
S100A11,14.724682,14.6804,10.755104,10.888
PINK1,11.688909,11.7301,9.444892,9.4331
BTBD18,1.074896,1.0,7.462351,7.4676
ATP8B1,2.76064,2.8176,7.968583,8.1001
FABP1,2.866441,2.3219,0.049624,0.0
NCF1,13.29751,13.3662,9.539474,9.5003
UBE2Q2P1,2.063913,2.0,7.383256,7.4998
OLR1,6.163386,6.4094,3.976426,3.9069
CEMP1,5.824133,6.3279,3.388768,4.3505
TSPAN9,6.637858,6.6724,4.564185,4.5236
CTC-510F12.4,7.425713,7.5469,3.973401,4.0875
HMP19,3.635658,3.7004,0.81598,0.0
VSIG4,9.1988,9.5411,7.054005,6.6865
CTC-510F12.6,8.408536,8.627,4.064158,5.0334
LRRFIP1P1,2.220498,2.3561,7.377892,7.4101
CYP27A1,9.085988,9.2021,5.462212,5.0875
CTD-3234P18.6,0.947513,1.0,5.758587,5.8826
CENPI,2.346276,2.3219,7.696502,7.7549
RP11-46F15.2,3.070971,3.0,1.314882,1.585
CTD-2021A8.3,5.536706,5.7832,2.562032,2.6017
RP11-875O11.3,4.18842,4.3923,2.279105,2.3219
ATP9A,8.155044,8.2946,6.692852,6.6582
PFKFB3,13.172197,13.272,9.98537,9.9614
MTCYBP3,0.66689,0.0,6.192827,6.3038
AGPAT9,8.993313,9.0688,7.460801,7.7549
RPL7,11.548778,11.5151,14.996186,15.0207
S100A8,14.910563,15.0202,10.969866,11.9211
BEND7,5.695771,5.6724,2.237957,1.585
SKIDA1,0.870868,1.0,6.143783,5.8826
RAD17P2,0.741609,0.0,5.567829,5.7279
AQP10,5.839605,5.9069,1.758402,1.585
CTB-55O6.8,6.612729,6.6439,3.935683,3.9069
VSTM1,8.402047,8.5196,6.624834,7.5236
BMX,8.986825,9.1548,3.590848,3.585
ORM1,9.485166,9.5318,2.136856,2.0
LCK,10.579586,10.6874,7.951018,7.858
ESRP2,2.736159,2.8074,8.019091,8.0286
ADORA3,6.524559,6.7415,3.989257,3.9059
RP11-43D4.3,0.81033,0.0,7.737036,7.8642
RPL26,10.424406,10.3854,14.409356,14.4067
AMICA1,13.387099,13.503,10.119207,10.4231
SYN2,5.385488,5.5236,2.775277,2.585
RP11-800A18.3,0.72054,0.0,6.376818,6.4094
RPL3P1,0.42004,0.0,4.943726,5.0444
MVP,13.011523,13.1251,10.6439,10.5543
LGALS3,11.084591,11.1529,8.459768,8.5118
TARBP1,7.396177,7.4998,12.186609,12.2222
DSC2,8.715492,8.8948,6.552738,6.6294
PLEKHA5,4.078835,4.0,9.562063,9.7549
EEF1B2P7,0.442663,0.0,5.06706,5.0875
NEURL1B,4.206225,4.0488,9.429457,9.8688
NEGR1,3.051294,3.0,8.339135,8.4179
PDE4A,8.801715,8.8455,7.251721,7.1554
RPS3A,12.120651,12.1136,15.433049,15.4802
TUBA4A,13.162641,13.2467,9.418517,9.5998
AC002511.2,3.161236,3.3219,0.339097,0.0
KIAA0125,6.743018,6.8948,11.486224,11.9136
LRRC25,12.269463,12.3745,8.79302,8.9858
RP11-530C5.2,0.392196,0.0,5.11328,5.0875
CEP164P1,0.544537,0.0,5.288159,5.4124
FFAR3,7.068447,7.1458,1.87863,1.585
SFN,4.604601,4.6439,2.90799,3.0
RP11-455F5.6,5.715813,5.7684,3.470513,3.585
GAPDHP39,0.323231,0.0,6.161684,6.1898
AC083884.8,0.917696,1.0,7.498307,7.5858
RP11-264L1.3,0.103635,0.0,4.628983,4.7549
SPDYE9P,1.073334,1.1375,6.753573,6.8492
GOLGA8N,8.160019,8.2572,12.408628,12.5243
CCDC168,0.670163,0.0,5.093582,5.0
PSMD10P1,1.531968,1.585,6.675048,6.7944
PRC1-AS1,1.36755,1.2388,6.048409,6.0781
RP11-701P16.5,4.737677,4.858,1.979362,2.0
AP001189.4,6.811259,6.9773,2.196457,2.0
CCR7,9.441333,9.6777,7.698987,7.6366
CTD-2349P21.5,0.151341,0.0,6.307225,6.4263
ZDHHC21,5.535818,5.5546,10.358404,10.4828
SIRPG,6.876403,7.0449,5.608266,5.585
RP11-549B18.1,1.418426,1.585,6.319616,6.6439
RP11-2E11.6,0.414609,0.0,5.788582,5.7208
EXT1,8.855627,8.8948,6.430466,6.6294
RP11-326C3.15,6.827126,7.1699,1.753432,1.585
MCM10,3.821866,3.9069,8.90076,9.1033
CAP2,2.621325,2.585,0.299513,0.0
GP1BB,8.229645,8.6352,3.88839,4.7772
CFAP45,6.907121,7.098,3.680773,3.7004
HAS1,3.729597,3.7004,1.491806,1.585
TMEM176B,8.548407,9.0444,6.768276,6.4263
THBD,10.204736,10.314,6.906099,6.9658
PCDHGC5,0.894997,0.0,5.383934,5.5053
HIST1H3H,7.880051,7.9425,6.544643,6.6439
RP11-465L10.10,5.845169,5.9642,1.669642,1.585
RP11-632F7.1,3.000976,3.3219,0.755749,0.0
FAM157A,7.108128,7.2044,1.533697,1.3674
HSPG2,6.361299,6.242,11.444506,11.3211
FPR1,15.254644,15.3921,7.809253,8.1948
KRT8P39,0.823528,1.0,6.075117,6.1085
ST20-MTHFS,5.701615,5.9117,4.372321,4.4731
LRFN1,9.908386,10.0142,7.996732,8.0424
ARHGAP24,8.427682,8.4992,6.461298,6.6294
AATK,11.276855,11.3807,7.23881,7.3309
HBA2,21.867395,22.0549,12.034377,12.2355
ARMC12,5.457407,5.2854,4.075065,4.1699
RP11-59D5__B.2,4.784347,4.8074,3.258903,3.3219
HOXA3,1.797218,1.585,6.929333,7.9704
IGF2BP2-AS1,0.131001,0.0,6.854554,7.0875
FOSB,6.465556,6.1699,13.937106,14.0542
CCL3,8.267707,8.7371,6.464314,6.4566
PRDM5,5.75047,5.6724,2.394207,2.0
LCMT1-AS2,1.777688,2.0,7.697003,7.8265
ITGA9,5.019899,4.9542,9.568305,9.7106
RP11-91I20.4,0.176748,0.0,5.174654,5.1699
RP11-403P17.6,6.267848,6.4102,4.693174,4.7076
MTBP,3.433171,3.4673,8.338501,8.3966
HOXB5,0.640318,0.0,4.758694,5.6147
ERVFRD-3,0.278902,0.0,4.692239,5.0334
RP11-397P13.6,0.989638,1.0,6.184349,6.2095
LINC00624,1.996458,2.0,8.268564,8.3709
AC074289.1,10.204622,10.2819,6.553046,6.7127
RAMP3,3.533181,3.4594,1.863142,1.585
KCNE1,8.845137,9.0622,6.696799,6.6935
DHRS9,8.898392,8.8857,7.268412,7.7142
CTC-425O23.2,1.523253,1.585,6.635701,6.7415
ZNF91,5.764807,5.858,10.432103,10.542
AC124914.3,0.245149,0.0,5.988654,6.1293
C9orf131,1.731677,1.7991,6.329865,6.3347
RP11-399K21.12,0.235105,0.0,6.82137,7.1396
WLS,9.445329,9.5812,3.736434,3.7004
SIGLEC10,11.249226,11.325,9.121502,9.0063
QPCT,11.482903,11.683,6.026854,5.9069
RPL17,11.014678,10.9444,14.301243,14.314
AC015849.16,0.885236,1.0,5.31997,5.4919
MYBPC3,8.567903,8.5925,4.896614,4.9542
PKD2,6.297792,6.3399,10.711062,10.8704
LLNLF-173C4.2,12.848008,12.9693,5.143339,5.2141
POR,12.050409,12.2618,9.36024,9.3619
ANKRD36C,4.179534,4.1102,11.031888,11.1299
RP11-652L8.4,4.976597,5.1293,3.53301,3.4594
PAGE2B,3.167287,3.1699,1.272289,1.0
DHRS13,9.744829,9.709,7.462544,7.4473
KIR2DL1,6.707388,6.6947,2.310532,2.1953
GOLGA8R,4.390426,4.4216,10.344202,10.4282
LINC00216,1.271467,1.0,6.705465,6.8202
BTNL3,3.584636,1.0215,1.101748,0.0
RNASE4,6.679793,6.8307,5.022544,4.98
RP11-222K16.2,5.193594,5.3219,2.434506,2.3219
CTA-305I2.1,0.525465,0.0,6.536076,6.6294
TAS2R13,0.130449,0.0,5.158446,5.3576
SOCS1,6.843265,6.9773,5.285787,5.2854
FKBP1B,6.277446,6.272,4.722634,4.6194
RP11-250B2.6,1.043428,1.0,5.641253,5.7814
CXCL5,4.760745,4.9542,1.866186,1.585
BMS1P2,1.61968,1.669,8.158463,8.057
RP11-76E17.3,6.36839,6.5392,4.356045,4.3923
MYOZ1,3.247443,2.8074,1.094415,1.0
RP11-793H13.12,0.147923,0.0,5.247216,5.3219
KCNJ15,11.995183,12.2273,3.861676,3.585
RP11-53B2.3,1.651187,1.585,7.02269,7.2668
PDLIM3,4.463864,4.3923,0.804295,0.0
DSCC1,2.735295,2.8074,8.094823,8.1749
SGOL2,4.251481,4.3219,9.356857,9.4471
RP11-392B6.1,0.179818,0.0,4.930103,5.0875
RPL7AP10,1.529994,1.585,6.509935,6.5999
GADD45B,11.978101,11.9776,8.602133,8.462
HIST3H2A,6.620226,6.6724,3.018601,2.585
MXD1,14.611643,14.6856,11.676777,11.749
HIST1H2BK,8.993475,9.0009,7.443179,7.4833
KRT73,5.321409,5.36,3.628258,3.497
RP11-216N14.7,1.411435,1.585,7.344366,7.5078
RAB5CP1,0.219038,0.0,4.857254,4.858
RP11-439E19.10,1.087689,1.0,8.205221,8.4136
MT3,2.734896,2.8074,0.239404,0.0
NEBL,4.496513,4.2479,2.146596,1.585
SEMA6B,7.972994,8.1293,5.401697,5.4263
DCN,6.685522,6.5078,4.598703,4.858
CRYM-AS1,0.486897,0.0,4.865505,5.0
MIAT,11.479104,11.5221,8.638854,8.514
LIPN,6.527707,6.5699,3.354754,3.3219
GOLGA8M,1.451313,1.3448,6.43799,6.0794
MPHOSPH9,6.944213,6.9788,11.515316,11.5739
FASLG,5.331684,5.3576,3.494236,3.585
FANCM,4.0641,4.2479,9.156096,9.29
PTGDS,8.487985,8.4471,6.200847,5.8826
REV3L,7.191696,7.2901,11.353723,11.4167
RGS2,12.594989,12.7205,9.74047,9.6221
ZNF660,3.432553,3.4594,9.449478,9.6087
KIF14,3.286264,3.1699,9.039618,9.0444
BCYRN1,2.076056,2.0,8.666169,8.6944
ZC3H12A,10.351932,10.4346,8.754725,8.7748
CEBPB,13.015347,13.1901,9.359093,9.289
ERG,5.274579,5.2479,10.871591,11.3597
RP11-678G14.3,6.195125,6.3923,4.588262,4.4594
KLHL13,1.955278,2.0,6.908031,6.8455
FAM135A,4.704366,4.7549,9.28538,9.4998
RP11-823P9.4,0.741079,0.0,8.023274,8.0715
TRIM63,3.088331,3.0,0.879224,0.0
PODN,4.934625,4.858,3.234509,3.3161
MGP,6.620448,6.3399,3.587577,3.7004
RP11-6I2.3,4.207093,4.585,1.328422,1.0
GNAZ,6.33142,6.4594,4.035077,3.9069
BCL2A1,10.562525,10.5981,7.660641,7.8642
SMCR5,0.459785,0.0,6.491795,6.6147
ANKRD44-IT1,0.938856,1.0,5.964577,5.9773
HMOX1,11.527853,11.5103,8.01017,7.9773
PCDHGC4,0.510451,0.0,5.179918,5.2106
CADM3,3.041683,3.0,1.098394,0.0
RP11-76E17.4,4.393532,4.2479,2.75501,2.8074
ANKRD26,4.143672,4.2479,9.306343,9.445
MYO5C,3.271334,3.3219,8.624666,9.0765
BCL6,14.377175,14.4726,10.023858,10.1933
RP11-39K24.12,0.688118,0.0,6.071853,6.0661
AF127577.10,3.623749,3.7323,1.436559,0.0
RUNDC3A,9.857974,9.8887,4.192942,4.0
HOXA5,2.238471,2.0,6.877772,8.2621
SON,11.172749,11.3106,14.372246,14.4241
RN7SKP16,4.041591,4.2479,2.045826,2.0
RP1-168P16.3,0.555331,0.0,5.35145,5.3923
RP11-334C17.5,8.388053,8.3864,6.519435,6.6294
LILRB3,13.24466,13.3997,8.576789,8.671
FAM157C,10.555236,10.5899,8.673509,8.6491
FAM215B,5.256859,5.3129,9.850848,9.9801
RP11-196B3.2,0.496505,0.0,5.44374,5.585
RAB36,6.024395,5.8826,4.462865,4.5236
BMI1,7.202275,7.2946,11.377991,11.3509
KRT18P57,1.530349,1.585,7.094679,7.2288
C5orf67,3.359346,3.4594,0.287414,0.0
CACNA1E,8.136275,8.3707,1.574171,1.585
VN1R1,2.236217,2.3219,6.890225,6.9531
RPL7P7,0.080347,0.0,5.480055,5.6061
MAMDC2-AS1,0.3502,0.0,5.811405,5.93
TPSD1,0.953552,0.0,5.644028,5.4986
ACKR1,6.461472,6.7004,3.438234,3.4594
CTC-204F22.1,1.018197,1.0,6.190539,6.1898
RP11-20I23.8,5.050917,5.1643,9.745431,9.8035
SLC4A1,12.130364,12.1864,9.572539,9.7262
TMEM40,6.485183,6.5546,2.276565,2.0
ALMS1,6.529625,6.4594,10.922318,10.9651
WNT10B,5.891691,5.9542,4.204474,4.0875
RP11-118E18.1,0.146342,0.0,4.55209,4.6439
NUPR1,4.870883,4.585,2.76591,2.8074
INSC,4.45159,4.585,1.377607,1.0
SDCBP2,5.761648,5.8485,3.857579,4.0
ABTB1,14.004489,13.9652,10.568244,10.5155
RP11-887P2.5,0.373903,0.0,5.121617,5.2095
ALDH1A2,5.081985,4.9649,2.402876,2.3533
PDZK1IP1,9.681264,9.7056,3.440411,3.585
CTC-343N3.1,1.916031,2.0,7.089352,7.1898
GJB6,5.55564,5.5546,1.673399,1.585
ZNF594,3.892124,4.0,8.540943,8.6221
PGAM2,3.806634,3.6427,0.56629,0.0
CTD-3193O13.12,0.435767,0.0,5.093851,5.2059
RP11-903H12.5,4.860119,5.4202,2.353053,2.5753
RP11-861E21.2,0.911147,0.0,5.953162,6.3005
DGAT2,12.340393,12.5041,6.791346,6.9658
ITPK1-AS1,1.850136,1.585,6.447824,6.4594
LY6G6F,6.103745,6.2288,2.32259,2.06
KRT19,3.330223,3.1699,0.15888,0.0
RP11-631M6.2,1.311835,1.1506,6.668024,6.5929
RP11-463D19.1,0.065282,0.0,4.547983,4.7004
MARK2P8,1.651612,1.585,7.620798,7.6582
FTO-IT1,0.861992,1.0,5.373358,5.4919
CTA-363E6.6,8.180075,8.1749,1.838023,1.585
RP11-294J22.7,1.424015,1.585,8.031079,8.0928
RP11-96D1.11,8.293409,8.3896,6.006403,6.9473
GRK6P1,1.592096,1.585,6.55205,6.5236
PABPC1P1,0.254074,0.0,5.619563,5.6724
RP11-166P13.4,0.559236,0.0,6.143699,6.2668
OLFM1,3.737347,3.7004,1.990651,1.585
HESX1,1.118728,1.0,5.733372,5.7814
FSD1,6.154831,6.0875,2.741339,2.585
RP11-326A19.5,8.338567,8.4355,4.909433,6.0509
TMSB4XP4,5.01438,5.1346,3.569672,3.591
RP11-172F4.2,0.250955,0.0,5.284157,5.4019
ARHGAP11B,5.482802,5.5132,10.174424,10.1941
TRBV2,4.015045,4.0875,2.457947,2.3219
TLE2,5.918344,5.8826,4.13681,4.1699
ASGR2,8.917712,9.0168,5.52795,5.8826
CLDN20,0.650695,0.0,5.652494,5.8329
ITPKC,9.794736,9.4878,8.08651,8.1085
KIF18A,3.501684,3.4594,8.300573,8.3794
RP11-893F2.18,1.442283,1.585,6.51562,6.6439
AIM2,7.502999,7.7142,5.353517,5.4263
TREML3P,7.691287,7.8392,2.749614,2.8074
PLA2G7,5.683415,5.7549,3.394371,3.585
WIPI1,9.919204,9.9348,7.663931,7.6765
CD300LB,9.046557,9.1573,7.474327,7.6221
AC018755.18,7.314227,8.6755,0.361981,0.0
DBIL5P2,0.14289,0.0,4.80025,4.8074
MIR17HG,2.354006,2.3219,7.803422,7.8392
NPM1P29,1.15545,1.0,5.639019,5.858
RP11-453N18.1,0.168627,0.0,4.964318,4.9542
TRBV7-9,4.49512,4.5236,2.495762,2.585
ESPN,6.249233,6.2288,3.796247,3.3219
AC002543.2,1.038909,1.0,7.016275,7.0457
RP11-561O23.9,0.927471,1.0,5.875712,5.9069
BTNL8,8.653695,8.7142,2.46554,2.3219
BIVM-ERCC5,2.112188,1.2327,7.615969,8.1595
ZNF385C,2.252583,2.3219,6.944585,6.7944
XCL2,5.030955,4.9649,3.279302,3.2063
HNRNPRP1,0.332747,0.0,7.247482,7.4012
TSPYL6,0.33898,0.0,4.907557,4.9542
TRBV19,5.224568,5.3576,3.45755,3.4594
CRABP2,5.112089,5.1699,3.211025,3.1699
RP11-144G6.12,2.115842,2.3045,7.513084,7.6215
RP11-383F6.1,1.606057,1.585,6.278701,6.3576
FGFBP2,9.121307,9.1189,5.952339,5.9069
DEPTOR,3.872345,3.8074,9.349813,9.2911
MYOZ3,2.197341,2.3219,7.094062,7.4594
FCRL6,7.678779,7.6724,6.219435,6.1085
RP11-77H9.8,4.396383,4.585,0.762067,1.0
HIST1H1C,10.153893,10.2456,6.897677,6.8455
OLFM4,9.716815,9.8517,2.827231,2.3219
AC092338.5,0.438357,0.0,5.895332,6.0224
CCR3,6.221463,6.3038,3.612808,3.585
TTC28,4.148524,4.1001,9.710027,9.8646
RP11-704M14.1,1.744532,1.1827,5.977649,5.9821
CEACAM1,10.511673,10.4776,7.115304,7.0334
GOLGA8H,2.067372,2.266,6.940682,7.0136
CCDC144CP,1.275014,1.157,7.152573,7.2192
KRT7,3.873542,3.8074,0.811849,0.0
MARCKS,11.287098,11.4273,8.577555,8.5375
CTC-251I16.1,10.99177,11.0674,8.401025,8.683
SLC16A3,13.66492,13.8302,10.233132,10.1849
TGFBI,10.694799,10.8305,7.609566,7.1293
DNMT3B,3.130079,3.1699,9.452701,9.6184
RP11-452K12.3,3.709184,3.585,1.690618,1.585
IRAK1BP1,3.086757,3.189,8.377281,8.511
CTC-260E6.3,0.561484,0.0,4.932394,5.3576
FBXO43,1.591297,1.585,6.361055,6.4429
SFTPC,3.47024,3.585,0.57698,0.0
MYL3,3.735453,3.585,0.343905,0.0
SETP10,0.091854,0.0,4.442986,4.585
RP11-313P13.5,1.031278,1.0,5.594376,5.7004
GCM1,4.59412,4.7004,0.83838,1.0
DCAF13P3,0.591517,0.0,4.976235,5.0444
PANX2,8.693097,8.7415,6.393595,6.7142
CXCR5,8.364014,8.431,6.927969,7.2399
FAM227A,0.901031,1.0,6.092199,6.1085
CFAP58,5.245786,5.2854,3.894846,3.9069
MND1,1.842429,2.0,6.711529,6.7142
TNFRSF18,6.635331,6.7944,4.097533,3.8074
RP11-43D4.2,0.256886,0.0,4.757269,4.858
OLAH,8.119463,8.3619,1.339328,1.0
ZNF736,5.976582,6.1293,10.499652,10.5971
RP11-1149M10.2,3.386271,3.4594,1.14684,1.0
HK3,13.602403,13.6972,8.709488,8.8234
PPBP,9.728403,9.8424,6.844959,7.1699
ZNF724P,1.255197,1.0,7.656176,7.9038
TICRR,3.966151,4.0,9.452406,9.5234
CBX5P1,0.186059,0.0,4.532421,4.7004
RP11-1102P22.2,1.485343,1.0,6.597976,6.6582
CTD-3222D19.4,0.751764,0.0,5.995492,5.9773
CH507-254M2.3,0.296024,0.0,5.088089,5.2311
SLC6A12,5.776037,5.8074,3.971148,4.1699
RP11-54O7.3,0.955964,1.0,6.284624,6.2668
MFSD7,7.620607,7.7211,6.056792,6.2288
RP3-467K16.4,4.703996,4.9542,2.953358,3.0
IL18R1,10.743956,10.9556,6.695182,6.7415
DAAM2,9.386165,9.5096,4.003271,4.153
GOLIM4,5.684153,5.7549,10.237388,10.3859
RP11-5N19.3,0.126371,0.0,5.137453,5.4263
RP11-44F14.8,4.527326,4.585,1.717194,1.585
RFX7,6.955798,7.0,11.494539,11.5859
HNRNPA3P11,0.182179,0.0,5.736575,5.8329
UBXN6,12.990899,13.0423,10.40593,10.4105
SPEG,5.793536,5.7814,4.308503,4.0875
ZNF714,4.376695,4.4594,9.731646,9.8159
TNNI2,7.472605,7.4512,4.632153,5.0875
RP11-318K15.2,0.992261,1.0,6.921124,6.9069
CDKN2D,11.980501,12.0802,8.617857,8.6618
C1QC,8.009805,7.8704,5.514503,5.1293
TGFA,8.700134,8.9307,6.121671,6.0
SLC22A1,6.30353,6.3576,1.421624,1.0
FKBP7,2.584419,2.585,7.423113,7.4838
EFCAB8,5.094615,5.2854,3.146643,3.1699
MEDAG,3.486095,3.3219,0.436355,0.0
RP11-424C20.2,1.220633,1.1375,6.395258,6.4761
HOXA6,0.284721,0.0,5.702561,6.8207
CTA-339C12.1,0.563477,0.0,5.029898,5.1293
RP11-324E6.6,4.267672,4.4443,2.464234,2.6576
ORC6,3.882785,3.8074,8.600922,8.676
TRIO,7.922682,8.0056,11.885894,11.9979
FAM20A,8.24775,8.5236,5.740382,5.6147
RAB43P1,7.142012,7.2305,5.016586,5.3074
B3GNT8,10.226547,10.3641,8.072331,8.1447
CMKLR1,7.860731,7.9366,6.51496,6.4757
CYSTM1,11.923827,12.0286,6.950416,7.098
RP11-544A12.4,0.403973,0.0,5.203964,5.275
DNM1P46,1.31195,1.0072,5.856588,5.9129
AC010240.2,0.784601,1.0,6.890477,6.8948
HIST1H2AD,5.811016,5.8826,3.324623,3.3219
FGG,3.597237,3.585,0.038064,0.0
SPARCL1,6.464681,6.3038,4.248354,4.2479
APOC3,3.643393,3.1699,0.121832,0.0
MIR181A1HG,1.665776,1.585,7.98157,8.098
NCR1,6.743673,6.858,4.230066,4.0875
POU5F1P4,0.743935,0.9709,6.726628,6.818
RP11-141B14.2,1.010403,1.0,6.015803,6.0
EFEMP1,4.792542,4.5236,2.471772,2.0
SMIM1,7.216869,7.2479,4.017864,3.9069
AC007950.1,2.709905,2.3219,0.099249,0.0
FOLR2,5.937459,5.9542,4.045527,4.0875
NCF2,14.430912,14.5326,10.558823,10.8634
XXbac-BPG252P9.10,3.22266,3.4725,0.861839,0.0
RP11-54A4.2,4.538885,4.6439,2.859988,2.8074
CHD9,7.495792,7.5546,12.30878,12.3311
ZSCAN31,2.346056,2.3219,7.227562,7.2761
TMEM120A,11.081757,11.1849,7.833898,7.9129
PDE2A,6.091645,6.1293,4.505265,4.585
AC004893.10,0.848242,1.0,5.616277,5.6724
ADGRG3,14.089133,14.2903,8.118809,8.1649
BRD7P4,0.322799,0.0,4.641845,4.7666
ITGA4,8.775828,8.7944,13.063496,12.9883
NKTR,9.965373,10.0848,13.609032,13.7238
PCAT18,0.578173,0.0,6.470476,7.5755
OMD,1.423937,1.0,6.336691,6.5078
C15orf48,3.831765,3.3219,1.869177,2.0
RP11-256L6.3,6.35959,6.5461,4.052417,4.2532
IL1R2,13.282141,13.4778,3.967355,3.7004
ZNF521,2.652737,2.585,7.654999,9.2668
CTD-2291D10.4,0.116009,0.0,5.16764,5.5236
RSPH14,4.046159,3.9791,1.071802,1.0
EBF4,5.551193,5.585,4.030112,3.8074
MEX3A,1.457382,1.585,6.080908,6.0224
LILRB4,9.73484,9.8417,7.716292,8.5583
RP11-373D23.3,6.291901,6.2854,3.033905,3.0
HOXA10-AS,0.670827,0.0,5.647887,7.0082
S1PR4,12.322783,12.3699,9.992961,9.9915
ASH1L-IT1,0.071721,0.0,4.351599,4.4594
RP11-20D14.6,11.473772,11.6865,4.812683,4.7549
ERCC6L,2.832037,3.0,7.997088,8.1749
RP11-879F14.2,3.919189,4.0,0.816057,0.0
RP13-786C16.1,0.763761,0.0,7.769619,7.9484
MROH7,3.267518,3.3016,8.745025,8.9962
AC007283.5,5.078461,5.4243,1.024761,0.0
FTH1P2,6.080048,6.1481,4.543218,4.6323
LLNLR-222A1.1,2.349849,2.541,7.019855,7.1116
HBB,22.030258,22.2486,13.123455,13.3853
PGA3,5.64284,6.2802,1.845857,1.3334
AC007906.1,0.211432,0.0,5.598035,5.7562
FGB,3.335849,3.4594,0.22349,0.0
CD274,7.27034,7.4757,5.024386,5.0875
SYNGR3,4.253671,4.1699,2.839353,2.8074
RPL9P32,0.198509,0.0,4.842255,4.9222
RPL3L,3.56882,3.4594,1.911109,2.0
AC009950.1,7.935138,8.2325,2.864667,0.0426
RP13-890H12.2,5.65087,5.7181,4.411142,4.5298
RP11-638I2.6,3.773626,4.0409,0.318251,0.0
FRAT2,12.012798,12.1095,9.530047,9.4455
MARCO,8.694888,8.7177,4.438534,4.2479
ALDOC,9.03705,9.0307,6.919417,6.858
HOXA9,3.637853,3.585,8.62698,10.352
AC015971.2,2.56228,2.4751,7.337323,7.3532
AC127904.2,1.943217,2.0,7.220602,7.2384
PPP1R3B,11.328158,11.4798,8.219476,8.1849
CTD-2544N14.3,4.224864,4.6921,1.669198,0.0
ANKRD36B,5.221247,5.2327,10.618763,10.6252
MCM4,7.101833,7.1085,12.057643,12.2195
CTC-265F19.1,1.002945,1.0,5.994521,6.1898
RP5-1112D6.7,1.328857,1.0,6.319762,6.4429
KIF15,4.171495,4.2479,9.041327,9.2336
CTD-2179L22.1,0.666838,0.0,6.141486,6.1898
CTB-102L5.7,1.570576,1.585,7.160313,7.1997
SCUBE1,2.878342,2.8074,7.61219,7.4757
TRIM29,3.851105,3.9069,1.751378,1.0
CLEC4D,9.072124,9.3083,4.815001,4.7549
COL7A1,6.389744,6.375,4.960931,4.858
FTH1P8,5.776842,5.8197,2.363416,2.433
SULT1C4,1.177661,1.0,6.249593,6.9425
MTR,7.183288,7.1997,11.408835,11.4414
FTH1P20,6.020518,6.0618,4.611485,4.6594
RP11-361L15.3,4.02379,4.1914,1.389534,0.0
ZNF683,5.198831,5.1293,3.663935,3.4594
LINC01094,5.33094,5.3219,3.97692,4.1699
CDC42-IT1,0.630986,0.0,6.068931,6.1085
FASTKD1,5.942476,6.0661,10.458189,10.5216
FAM186A,0.732129,1.0,5.910547,5.9773
B4GALNT3,5.588742,5.7004,4.147837,4.0875
RP11-326C3.12,6.608132,6.8485,2.030409,2.0
RP11-182N22.9,2.517318,2.6645,7.773559,7.7742
RP11-571F15.2,0.470733,0.0,5.041984,5.0
EIF4BP5,0.342113,0.0,4.771908,4.9551
RP11-34P13.14,3.924608,4.5934,0.176125,0.0
ATP5HP4,1.1042,1.0,7.03968,7.1599
F12,6.462892,6.5546,5.159205,5.1293
CTD-2369P2.12,8.318248,8.4069,4.110661,3.904
HES4,4.191042,4.1699,2.617061,2.3219
HBQ1,8.987836,9.0661,2.961362,2.8074
PID1,6.266915,6.375,4.157673,4.0875
TRDC,7.687516,7.7951,5.804371,5.5999
TRBV29-1,5.432578,5.4919,3.088307,3.1699
TLR8,10.969403,11.5023,8.06998,8.4221
CLEC10A,7.202553,7.3038,4.93575,5.0
TNFRSF12A,6.770628,6.8948,4.527157,4.585
TUBB1,9.2013,9.3167,7.245608,6.8959
RP11-7F17.3,5.365147,5.3576,1.432639,1.585
WT1-AS,0.276778,0.0,6.567235,7.7477
ST8SIA6-AS1,0.34867,0.0,4.790621,5.1699
FCER1G,13.935875,14.0168,10.544324,10.5962
AC009120.5,1.211672,1.0,6.186605,6.2479
RP11-270M14.1,0.038576,0.0,4.470736,4.585
TMEM132D,4.443053,4.7004,0.409192,0.0
TTC16,7.243288,7.2192,4.977802,4.8074
LAT,9.698054,9.7009,8.178691,8.195
RP11-118E18.4,0.246337,0.0,5.943787,6.0875
ARAP3,10.655034,10.7515,7.938392,8.3663
RP11-70C1.1,4.218792,4.3219,2.143279,2.3219
AC011330.5,0.886854,0.0,6.819783,7.534
RP11-54I5.1,0.043939,0.0,4.830476,5.2095
MT-ND4,16.036581,16.0907,18.932164,18.9293
KLF17P1,0.628673,0.0,5.275718,5.2854
RBM11,3.743515,3.8074,2.210295,2.0
RP11-855A2.2,1.970974,2.0215,8.026457,8.1069
LRRCC1,3.569269,3.585,8.993021,9.0
CD8B,8.282388,8.3215,5.637886,5.5236
AC144530.1,0.622877,0.0,5.154501,5.1763
APOD,5.750453,5.4919,2.755786,2.585
ZNF66,2.398505,2.3219,8.141788,8.3805
CTD-2349P21.6,0.047982,0.0,5.156694,5.2854
RP11-181G12.2,6.054013,6.1293,4.768675,4.858
TREML2,10.531574,10.4188,8.003802,8.0928
SSBP3-AS1,3.242373,3.3219,8.288656,8.3038
RP11-1415C14.3,3.744777,4.0505,9.046314,9.1982
IER3,9.934774,10.068,6.284584,6.4757
ITGB2-AS1,11.127494,11.2697,8.703165,8.6221
LINC00862,3.690719,3.8074,1.562065,1.585
COL17A1,6.22965,6.1898,3.720891,3.585
CD2,9.614989,9.7296,7.833439,7.7279
CCL4,9.359978,9.1992,6.451305,6.3212
ALOX5,13.544926,13.6628,10.016342,10.2527
SPACA6P,6.53131,6.6147,5.038254,4.9542
LINC00671,6.847787,6.9542,2.565941,2.3219
GZMB,10.109811,10.23,5.965758,5.9542
RPS2P52,0.285494,0.0,6.849635,7.0661
RP11-266L9.5,1.69021,1.585,6.864292,6.7944
GRAP2,9.740893,9.8994,7.771279,7.4838
ANKRD34B,4.578365,4.3219,2.165778,1.585
LINC00282,5.697359,5.8194,4.362721,4.2913
CDK6,7.730161,7.7347,14.248656,14.2484
GATA2,5.68157,5.7004,10.464846,10.9498
SH2D2A,8.96908,8.7108,6.039097,6.0
LCN2,11.575537,11.5343,3.872616,3.585
TFPI,5.158911,5.1293,9.683966,10.1724
RP11-254B13.4,0.609899,0.0,5.447391,5.5853
RP11-44D5.2,0.207134,0.0,5.912351,5.8477
RP4-669L17.8,10.987832,11.0825,7.854481,7.984
SERPINI2,1.105748,1.0,6.297817,6.8723
SLC35E1P1,0.3061,0.0,4.96324,5.0444
GNG11,7.515063,7.6294,4.777261,4.6439
MSRB1,13.271692,13.3208,9.442784,9.5078
WDFY3-AS2,3.802786,3.8074,1.875995,2.0
HIST2H2AC,4.972015,4.8826,2.638411,2.6159
AP1M2,3.982734,3.9069,0.821612,1.0
PDLIM7,12.208113,12.2482,9.635227,9.5887
FAM127A,9.153609,9.2992,7.097771,7.8764
TMEM176A,7.871034,8.1599,6.197161,5.858
RPS3AP34,0.893642,1.0,6.238295,6.2475
HP,11.138646,11.2054,7.133342,6.8769
MROH7-TTC4,1.46872,1.157,7.002774,7.4055
AP003419.11,6.881869,7.5855,4.752875,5.6974
C19orf38,11.344512,11.3326,8.196536,8.3487
RP4-568C11.4,8.229422,8.4051,1.907297,1.585
RIMKLBP1,0.414062,0.0,5.598818,5.7661
SPDYE10P,2.524253,2.7463,7.847295,7.8844
RPS2P45,0.701777,0.0,5.414401,5.4919
RP11-134L10.1,7.520934,7.4682,5.558798,5.6392
GK,11.120758,11.3275,9.107501,9.1664
ZNF618,4.374366,4.3923,10.616084,10.6555
DMPK,8.217056,8.3309,6.360477,6.2854
MAPRE3,7.764228,7.8642,6.049241,6.1497
C5AR1,13.539822,13.7218,8.642601,8.7177
MCEMP1,12.109104,12.2987,7.533879,7.4658
TACSTD2,5.425474,5.3576,2.893955,2.3219
ZBTB8A,2.498847,2.585,8.727427,9.1344
ALDH1L1,3.193368,2.8074,0.887206,1.0
KAZN,7.393691,7.3942,5.593166,5.6693
FBXL19-AS1,4.067328,4.2479,8.741834,8.7846
SLC12A9,12.812675,12.9222,10.381024,10.5058
STARD10,8.697543,8.7515,6.605032,6.5629
WDR49,1.70098,1.585,7.467183,8.0033
SPIN4,4.188903,4.2479,10.139763,10.2562
TTC3,9.213763,9.3465,13.089729,13.1907
RP5-1099D15.1,0.996253,1.0704,6.76605,6.894
GNGT2,6.616058,6.616,4.55989,4.7004
AC005682.5,2.702589,2.8074,7.425049,7.4757
RP11-82O19.1,0.217127,0.0,5.142059,5.1699
RP1-117O3.2,1.122682,1.0,5.79938,5.7671
CTD-2196E14.7,0.839655,0.0,6.178815,6.2913
C1orf186,3.58916,3.7004,9.982828,10.4263
DNAH17,9.279387,9.3987,6.709836,6.7415
RP11-849I19.2,0.403948,0.0,5.800435,5.7814
IFIT1B,7.852509,7.9887,4.371592,4.1699
IFITM3,13.709177,14.0097,9.155768,9.2852
BCAS1,4.310065,4.3923,2.384914,2.4033
RP11-617F23.2,1.058596,1.0,7.101307,7.0444
RP4-657E11.10,0.469001,0.0,4.77628,4.8074
MCPH1-AS1,1.196281,1.0215,5.831296,5.8989
CD5,9.17874,9.1344,7.52601,7.4838
SNORD3B-2,1.102797,0.0,8.263335,8.2562
UBE2V1P1,0.37153,0.0,5.183702,5.2854
AC017104.2,0.163487,0.0,4.595535,4.6439
RP11-420K14.6,1.781063,1.7137,6.749101,6.876
SNHG4,2.739222,2.8074,7.45741,7.5323
MBLAC2,3.817606,3.9069,8.836365,8.9636
DOK2,11.301217,11.327,9.007801,9.0
TNNC1,5.01942,4.8074,1.236659,1.0
CCDC171,2.708439,2.585,8.349961,8.5196
CIT,5.288823,5.2854,10.052288,10.1599
PRG3,4.408881,4.0875,1.388584,1.0
RP11-770J1.5,8.28992,8.5033,4.40742,3.0479
ST6GALNAC3,7.23553,7.2479,3.750682,3.585
COX6A2,2.561437,2.3219,0.109288,0.0
SUSD4,4.637188,4.6439,2.718924,2.585
CATIP,6.244163,6.2974,4.368612,4.3205
FSTL4,3.845655,3.8074,1.471121,1.585
TSPO,13.080579,13.1227,10.425233,10.3718
CELA3A,3.03972,3.0,0.157052,0.0
ASPN,1.547928,1.585,6.158975,6.3219
PCED1B,8.660202,8.8106,6.763511,6.8535
AC092835.2,0.7567,0.0,5.268859,5.4263
LINC00694,9.516682,9.8122,5.313778,5.4263
AC108004.3,0.849966,0.7398,7.135916,7.4951
RP11-762L8.6,1.067432,1.0,5.615643,5.9542
LRRC58,7.366496,7.5078,11.563389,11.5507
SLC26A11,8.330584,8.4009,6.187394,6.2095
PFDN4,3.237115,3.1699,8.19745,8.1548
LINC01270,8.61636,8.7636,2.326524,2.3219
UHRF2P1,0.473644,0.0,5.062436,5.288
PCDHGA11,1.114287,1.0,5.733071,6.0641
RAB3IL1,7.083426,7.1497,5.135859,5.0444
BOLA2P2,0.61359,0.0,5.019535,5.0875
C1orf116,5.160318,5.0444,2.933129,2.8074
CAP2P1,1.076296,1.0,5.990425,6.0444
TRBV5-1,5.082557,5.0444,2.992642,3.1699
CEP290,4.973269,5.0807,10.256577,10.3751
SPDYE11,1.141284,1.2079,6.930216,6.9848
RP11-30L15.4,1.18295,1.0,6.570184,6.6294
RP11-500C12.1,5.622074,5.6885,3.021313,2.9355
AL133245.2,2.19474,2.3219,6.951356,6.9773
OSM,10.260341,10.2396,7.660122,7.7415
SNORD3A,4.478968,4.3709,10.203448,10.1339
RP11-391L3.3,1.767741,1.585,7.102964,7.1898
EEF1A1P4,0.650412,0.0,5.195969,5.3154
SLC11A1,15.124818,15.271,9.307771,9.3197
RPS12P27,0.319705,0.0,4.877863,4.9069
ZFP36L1,13.104531,13.134,10.298598,10.4263
G0S2,9.698014,10.1573,4.259875,4.1699
CBS,4.736313,4.813,3.212183,3.3219
AC079807.3,0.367452,0.0,5.575917,5.7279
RP11-276H1.3,0.627441,0.0,5.856037,5.9542
HEY1,3.747691,3.8074,1.119412,1.0
HBD,11.395691,11.4702,9.041706,9.1616
RP11-405M12.4,4.655045,4.7549,3.262487,3.4594
PLAGL1,7.807869,7.9887,11.798845,11.9549
SPRR3,3.683985,4.7004,0.00578,0.0
RP11-157K17.5,2.408434,2.585,8.183186,8.2143
SUGT1P2,0.626468,0.0,5.531338,5.5868
KB-1836B5.1,0.447139,0.0,5.154921,5.2095
SLC22A4,9.798845,9.7977,7.510623,7.6921
KLF3P1,0.18275,0.0,5.496975,5.6147
NUAK2,10.322626,10.4136,6.996605,7.1396
SLC5A9,5.699794,5.4963,3.234839,3.5097
RNASE1,8.465427,8.3663,5.405739,5.5236
PRMT1P1,1.546241,1.585,6.498008,6.5521
RP5-979D14.1,0.089303,0.0,4.946421,5.1293
RP11-473I1.5,0.03311,0.0,4.202658,5.2008
LINC01572,1.309879,1.0,6.312654,6.3988
HNRNPA1P76,0.577457,0.0,5.532634,5.6147
ACHE,5.778623,5.858,4.36794,4.4594
AC097721.1,0.187856,0.0,4.986363,5.1293
KLHL11,2.578738,2.585,7.840234,7.8642
TRBV6-1,3.552221,3.585,1.817409,2.0
KATNBL1P1,0.042047,0.0,5.657665,5.858
AC019070.1,0.130846,0.0,4.858235,4.9542
MSRB3,6.678435,6.6865,11.413855,11.7469
C5orf66,4.951594,5.0544,10.637294,10.7506
GABARAPL1,11.202972,11.2656,9.052545,9.0952
MMP9,13.877671,14.0405,4.912924,4.9533
EPGN,0.444065,0.0,5.26268,5.585
PRSS57,5.511768,5.5236,11.29893,11.5971
CTD-3065J16.6,5.764695,5.8691,2.872649,3.0
ETF1P2,0.77056,0.0,6.647377,6.6875
HPGD,8.856448,8.6618,6.108282,6.2095
PARPBP,3.838718,3.9069,8.726955,8.7912
SLC2A3P1,0.066793,0.0,6.175249,7.311
WDHD1,4.393686,4.4594,9.507842,9.6384
LINC01136,4.061916,4.0875,2.767853,2.8074
AC239868.3,3.050729,3.269,0.767201,0.0566
SACS,5.718309,5.8074,11.186322,11.3486
CTD-2547L24.3,5.073248,5.2854,3.688535,3.9069
FAM161A,2.237719,2.3219,7.293786,7.3576
LINC00593,3.197973,3.3219,0.222601,0.0
RP3-508I15.21,7.761516,7.8517,5.355979,5.4594
GPX3,8.185558,8.0112,6.377155,6.3038
SAP25,8.99887,9.1102,7.166607,7.1057
LRRC37A4P,7.072309,7.3057,11.751838,12.2232
EFCAB13,3.355855,3.585,8.662351,8.7549
FAM209B,5.183318,5.3023,3.150644,3.3219
SFTPA1,3.292595,3.3234,1.169469,1.0
MYBPC2,3.727275,3.4594,1.580665,1.585
PIEZO2,0.964952,1.0,6.293853,6.4757
CCDC26,0.472493,0.0,5.389083,5.4263
GPBAR1,8.036182,8.1898,6.523894,6.2668
CTD-2540B15.13,4.658339,4.7469,2.247051,2.0356
RP11-162A12.3,0.529671,0.0,5.409449,5.4919
RP11-201O14.1,0.153286,0.0,6.249265,6.3038
FBXO2,5.389148,5.4594,2.13556,2.0
RP1-229K20.5,3.969289,4.0875,2.168946,2.3219
IFI30,14.239042,14.373,10.581326,10.7279
RP11-39K24.13,0.769412,0.0,6.255409,6.2095
RP11-867G23.4,3.75787,4.2196,0.512602,0.0
RP11-47L3.1,4.522011,4.585,3.023373,3.1699
GIMAP4,10.999132,11.1611,8.540891,8.5078
LSP1,14.531293,14.6569,11.289586,11.5117
RN7SKP163,0.155263,0.0,4.464566,4.5236
CYP21A2,3.632686,3.8032,2.164305,2.3219
JAKMIP1,5.88071,5.9069,3.879126,3.8074
SUCNR1,4.715471,4.7004,9.812049,9.9024
RP11-665C16.1,0.338223,0.0,4.911015,4.9069
FAM179B,5.472665,5.6439,10.011979,10.0707
RP11-54O7.1,0.47282,0.0,6.394447,6.7238
CEACAM4,10.43518,10.3718,7.649038,7.7142
CCDC144A,2.94786,2.6982,8.676931,8.4064
RXFP4,0.767571,0.0,6.466277,6.5699
SPDYE5,3.517749,3.6713,8.712912,8.7872
C1QB,9.015881,8.8796,5.868543,5.5236
RP11-829H16.5,0.19528,0.0,4.727995,4.7549
ZNF610,1.678313,1.585,6.732412,6.9425
FLJ42393,1.171588,1.0,6.90343,7.0
LRRTM2,1.30685,1.0,6.203254,6.3923
NFIL3,12.128923,12.1836,9.688826,9.7108
CD6,9.918458,9.9672,7.957308,8.0056
DDIT4,12.301777,12.3898,9.098038,9.091
RAMP1,5.122048,5.0444,3.560112,2.8074
NCLP1,0.986811,1.0,6.290436,6.3399
RP11-226M10.3,0.777549,0.0,8.493013,8.5392
RP5-1028K7.2,3.602489,3.7004,1.677858,1.585
DDX50P1,1.497871,1.585,6.757711,6.8948
BAG3,8.271539,7.983,5.761622,5.6724
CTA-414D7.1,1.225316,1.0,8.212232,8.4051
CTB-139P11.2,1.603536,1.585,6.249127,6.3219
FTLP3,7.856648,7.8201,5.615638,5.5723
GATA1,8.886575,9.0224,6.955926,6.9069
AC017104.6,4.217586,4.2479,2.797632,3.0
CPA3,4.571066,4.6439,10.19607,10.4294
COL13A1,2.89914,2.585,0.752414,0.0
PFKFB4,11.316597,11.447,8.550853,8.8134
PRELID2,2.269644,2.3219,7.209154,7.3309
LPO,1.549667,1.585,7.709854,7.9248
CD24,9.827408,9.7465,7.600036,7.1634
SUGT1P3,1.169914,1.0,5.939308,6.0081
SFTPB,4.753275,4.8074,3.486054,3.585
CEBPD,12.110525,12.2134,9.615516,10.0098
TCAF2,8.180366,8.206,6.793047,6.8312
FCN1,13.976384,14.1315,10.730462,10.7985
KRT86,3.065472,2.8074,0.652854,0.0
DUSP13,6.349784,6.4429,0.667065,0.0
SPIN1,7.409787,7.5392,11.661424,11.7389
RP1-28O10.1,3.743438,3.9069,1.072079,1.0
KNOP1P4,0.101118,0.0,4.331988,4.6439
BUB1B,4.403503,4.4594,9.793205,9.9708
RP1-261G23.7,2.830998,2.5826,0.708405,0.0
LMOD1,5.028151,5.1293,1.878416,2.0
KCTD3,5.297412,5.4263,9.836668,9.9901
CTD-2233K9.1,2.232147,2.3219,7.235438,7.3487
B3GAT1,6.982279,7.0661,4.524545,4.4594
AOC3,6.889826,6.8673,4.800094,4.796
RP11-810M2.2,5.305765,5.4738,1.358293,0.0
RP11-932O9.10,1.339781,1.0,5.950971,5.9069
KIR3DL2,6.197371,6.2288,2.950351,2.8074
CTC-529I10.1,1.271422,1.0,5.879495,5.9542
PCOLCE2,6.270113,6.1497,2.567739,2.0
BCL2L1,12.60323,12.6321,10.42425,10.3542
FGA,3.649511,3.7004,0.028902,0.0
FPR2,11.906525,12.0303,6.48071,6.5546
SOD3,3.377023,3.3219,0.96353,1.0
TBX21,8.849085,8.858,5.928046,5.858
NRIP1,6.97625,6.971,11.218431,11.4051
RP11-563J2.2,6.900115,6.9658,5.544468,5.5546
CST7,14.048389,14.1211,10.548567,10.3185
STIL,4.189642,4.0875,9.500851,9.6147
RP11-161M6.2,5.762764,5.8074,4.187717,4.1699
HIST2H2BF,9.331639,9.0853,7.726968,7.6267
RP11-133N21.7,0.367688,0.0,4.86252,5.0444
RP11-70L8.5,0.290362,0.0,6.67633,6.7415
SEPT7P1,0.26562,0.0,4.742464,4.858
AC159540.2,0.533522,0.0,5.842672,5.8412
TRH,1.491845,1.0,6.002984,6.1497
TNFRSF9,6.580008,6.7814,4.60212,4.6439
TPSAB1,4.220996,4.1243,8.907582,9.2498
PRSS1,3.720986,3.3219,1.263069,1.0
ASS1P1,2.898912,3.0,8.250862,8.3663
LINC00506,0.523332,0.0,6.782701,7.0768
CTC-471F3.5,1.831171,2.0,7.018268,7.0334
TCL1A,7.430877,7.6935,5.581959,5.8329
UMODL1,1.762269,1.585,6.564099,6.6147
RP11-57H14.5,0.569056,0.0,5.330552,5.4683
TPST1,8.638046,8.9218,5.739747,5.6147
CTD-3022L24.1,0.112315,0.0,5.445724,5.5546
ST6GALNAC2,9.282118,9.3105,6.587967,6.5328
MTRNR2L12,1.031933,1.0,5.674028,5.5304
RP11-525G13.2,0.613262,0.0,5.544971,5.7004
RP11-177G23.1,0.077656,0.0,4.242317,4.7004
SOGA1,6.439247,6.4919,11.751977,11.8057
AC005264.2,3.363638,3.3291,8.302205,8.629
RP11-32B5.1,1.55082,1.585,6.262375,6.4738
RP11-761E20.1,0.031409,0.0,5.088854,6.0
SLC45A3,5.198304,5.2095,10.374108,10.5167
CTA-246H3.11,1.214896,1.0072,5.829091,5.953
RP5-1142A6.8,0.964183,1.0,5.895209,5.9069
RP4-569M23.2,0.701986,0.0,5.341229,5.5236
