Gene,Mean_GTEX_Healthy,Median_GTEX_Healthy,Mean_TCGA_Tumor,Median_TCGA_Tumor
DNM1P41,6.770897,6.76035,4.659347,4.7004
LINC00636,0.777692,1.0,5.051494,5.0
DNAH3,2.180247,1.7925,7.150363,7.2384
LINC01224,0.669297,0.0,8.666149,8.7415
IL32,8.0422,8.01065,12.091789,12.1874
KRT1,6.126474,6.3209,1.05094,1.0
RAET1K,0.327468,0.0,3.992196,4.0959
HOOK1,5.438792,5.2854,10.445387,10.4727
CTD-2591A1.1,3.638528,3.8074,1.517942,1.585
LINC00592,0.045455,0.0,3.494788,3.4594
ESM1,3.618807,3.9069,8.508355,8.6402
ADTRP,1.715445,1.585,6.035099,6.0224
NPHP3,11.768862,11.8154,9.40976,9.5058
RP13-554M15.2,6.392618,6.4838,3.700996,3.9069
PSORS1C3,0.757691,0.0,4.382023,4.3219
PKMYT1,3.249822,2.9954,10.33591,10.3686
HLA-DRB1,9.192845,9.0896,13.345252,13.5165
EFCAB1,8.328999,8.60915,5.936518,5.6439
KLK8,1.295118,1.0,11.800692,11.948
RP11-95H3.1,5.532209,5.67215,1.187209,1.0
HIST2H3PS2,4.101989,4.5748,1.435895,0.9635
RP11-554A11.9,4.186873,4.1699,2.003283,2.0
RP11-106M3.2,8.812415,8.9109,5.929911,6.1473
NCAPG,3.906138,3.85795,10.096739,10.2015
AC012499.1,0.206477,0.0,3.723486,3.7004
CTD-2027I19.2,5.200314,5.3219,3.025982,3.1699
CH507-39O4.2,0.240568,0.0,4.29395,4.3923
SLC2A1,9.573926,9.43135,14.04266,14.1319
LEMD1-AS1,9.120983,9.46655,4.970411,5.2479
RP11-774O3.3,9.764184,9.85175,7.645502,7.8009
RPRM,8.217231,8.2428,5.855209,6.0
TNNT1,4.290097,4.4594,11.333186,11.7004
KRT8P10,0.141928,0.0,4.441143,4.5211
PHLDA2,4.826203,4.61445,9.628717,9.6546
RLN1,0.397749,0.0,3.755761,3.8074
EVPL,5.032212,4.8074,11.423637,11.6083
XCL1,1.624507,1.585,5.612713,5.8063
RP1-118J21.25,0.551661,0.0,4.227731,4.3219
AC003090.1,6.168989,6.23815,1.78397,1.585
PWAR6,9.47929,9.6027,7.022828,7.3837
C11orf85,0.832115,1.0,5.187675,5.2095
RP11-166D19.1,12.502707,12.51755,10.280957,10.4757
CTD-2224J9.8,4.292949,4.2847,1.972268,2.0
MEF2C-AS1,6.330449,6.324,2.471017,2.585
LINC01127,2.619509,2.585,6.633023,6.6865
FGFBP1,1.787635,1.585,5.94217,6.0
JAKMIP3,8.427716,8.44875,4.16333,4.0875
LA16c-380H5.5,0.697941,0.0,7.329878,7.3219
RCAN3,5.789767,5.858,10.639839,10.7362
HES7,4.351947,4.42585,1.872569,2.0
IGLC3,5.973869,5.49705,10.564026,10.8056
PRRT1,10.605698,10.68995,8.245215,8.2288
WNK4,8.190166,8.4129,4.973631,4.8718
GABRA3,0.277948,0.0,4.685559,4.1699
DOCK10,10.610265,10.73515,8.407654,8.4594
RP11-597D13.7,5.769316,5.9783,2.817829,2.858
USP18,6.758647,6.81495,10.917624,10.9873
CA10,4.970833,5.30365,1.401654,0.0
CAPN3,9.508027,9.52625,6.797233,6.9144
RAD54L,3.981,4.039,9.41193,9.4327
SLC18A2,7.827631,8.1315,2.952024,3.0444
RP13-608F4.5,2.183539,2.2968,6.411196,6.4904
OGN,11.557217,11.6886,7.121842,7.2384
RP11-357H14.16,0.334925,0.0,5.552335,5.9241
MYH7,5.974452,6.25275,1.724515,1.0841
AKR1C2,8.219495,8.33795,5.912287,5.972
ADCY2,8.685548,8.7039,4.235133,3.9069
PDE1C,8.474198,8.5353,4.613086,4.7549
PCDHGA2,8.90127,8.91855,6.751842,6.6796
TULP2,4.088585,4.2479,1.863066,2.0
POU6F1,10.773948,10.79725,8.282185,8.3487
PLP1,7.600764,7.5507,3.269802,3.0
DNM1P47,6.855417,6.9693,2.003769,2.0
LYZ,6.989818,7.0196,11.258363,11.2538
PART1_2,0.034041,0.0,4.259271,4.7544
NR2F1,11.920152,11.9528,9.42655,9.4593
FLJ26245,0.0,0.0,3.21786,2.8074
CCDC167,6.254845,6.2849,10.582948,10.5821
RIMKLBP2,4.381251,4.4915,1.562208,1.0
AP002954.3,5.058923,5.04375,2.708477,2.8074
CRB3,2.670235,2.585,9.949206,10.0238
CDH6,5.981601,5.832,12.349739,12.7653
BPI,6.285927,6.5078,2.686891,2.3219
RP13-514E23.1,5.154478,5.2479,1.95368,2.0
NRK,11.754941,12.03925,6.610813,6.8948
SLPI,5.037963,4.67215,14.901399,15.0346
CD164L2,1.058166,1.0,6.466259,6.4919
CH507-513H4.3,13.587518,13.50935,17.876067,17.8137
GS1-24F4.2,0.329567,0.0,3.941506,4.0875
MAPK4,7.115011,7.07665,4.694387,4.7004
IGDCC4,10.398318,10.4419,7.584566,7.585
ANXA3,6.166968,6.0875,11.272269,11.3778
PHACTR3,8.224162,8.43255,4.777926,4.858
FGF10,8.038169,8.1515,1.850828,1.585
PRRT2,12.353757,12.4554,7.460785,7.5546
ADCY10P1,8.55171,8.6438,5.518982,5.5236
IGHV3-21,1.962693,1.585,6.319466,6.0239
RP11-57A19.2,0.724325,1.0,6.062429,6.1293
FXYD6,13.373458,13.38765,10.820933,10.7826
RP11-138B9.1,4.568248,4.7549,0.624456,0.0
CXCL8,4.952001,4.61445,8.958298,8.9972
ANTXR2,12.051192,12.1611,9.178124,9.1874
TNFAIP8L3,8.95231,8.81855,6.228385,6.2854
SPDEF,2.389301,2.3219,9.152753,9.375
KIAA1324,4.378691,4.3219,8.967799,8.6865
HIST1H3F,0.113636,0.0,3.440302,3.4594
AJAP1,9.037695,9.0987,6.793449,6.6724
GNG4,10.567773,10.7801,6.916692,6.9658
HOXB-AS3,0.661533,0.44705,5.588435,5.4919
C19orf73,1.649607,1.585,5.897224,5.9069
LINC00982,7.204391,7.30835,3.05381,2.585
PRPH2,7.388743,7.3835,5.262073,5.3219
CFB,8.789235,8.66475,14.508724,14.6805
CDO1,8.871174,8.9542,5.391084,5.4919
PCDH11X,7.302397,7.36775,2.104959,1.585
RP1-253P7.4,6.847941,7.0607,4.269985,4.3923
RIPPLY3,1.059286,1.0,5.390234,5.4594
CENPE,4.689525,4.61445,8.739913,8.7814
XDH,0.783135,0.0,7.635303,7.7211
FAM181A-AS1,0.301368,0.0,5.107816,5.2769
CTD-2653D5.1,3.966341,4.1354,1.145297,1.0072
STRA6,5.165032,4.858,9.818605,9.8811
ECE2,5.414376,5.26445,10.495641,10.4903
ADAMTS9-AS2,9.09009,9.1761,4.357193,4.4594
NEK2,1.667005,1.585,10.026895,10.1408
CTHRC1,6.018383,6.1395,10.943486,10.9823
CRIP1,7.684614,7.41455,13.211281,13.5142
AC079779.4,4.474767,4.6816,0.851089,1.0
RNF112,7.000591,6.93655,4.235131,4.3219
DNM3OS,10.28461,10.38485,7.1284,7.0768
ANO4,7.747001,8.2687,3.699801,3.7004
FAM83H-AS1,2.233295,2.0,10.310056,10.4168
TUBB3,2.831509,3.82265,7.150792,7.3665
RP11-2N1.3,3.242234,3.3219,0.152176,0.0
PBK,1.622619,1.585,9.721337,9.8154
DACT1,10.15827,10.1098,7.736736,7.7944
IGKV1-12,0.335865,0.0,3.85971,3.3219
MARVELD3,4.622308,4.52325,9.668473,9.8005
TUBA1C,10.079698,10.0613,14.610496,14.705
LY86,4.088762,4.1287,8.169966,8.3794
RP11-19P22.8,7.061902,7.11065,2.078678,0.4005
AKR1C1,9.118735,9.0584,6.399253,6.5497
NFASC,11.494572,11.4424,8.446211,8.3619
BMP7,3.224651,3.1699,11.191326,11.7859
RP3-325F22.5,2.321426,2.3219,7.51668,7.6073
MUC1,7.968159,7.82515,14.823642,14.996
IGLV2-14,3.803205,3.5799,7.645446,7.7531
MSL3P1,2.464093,3.1699,8.628323,8.9681
FAM184A,8.417655,8.37065,5.737673,5.8329
FPR3,5.062506,5.2095,9.369516,9.5216
SALL1,8.217108,8.3509,5.907919,5.7004
CA4,6.201943,6.16975,3.886524,3.585
TMPRSS3,2.035106,1.585,11.797063,11.9687
DDR2,12.245725,12.30235,10.042274,10.1085
KLK7,2.179408,2.0,13.43346,13.7209
KLF4,11.356426,11.2449,9.19403,9.1396
KCNA5,6.321628,6.218,4.214213,4.0618
LOC100421166,6.277944,6.49105,0.361612,0.0
KB-1572G7.2,7.57284,7.59445,4.755148,5.1579
ELFN1-AS1,1.485253,1.585,7.061951,7.585
FOXG1,5.250065,5.56915,2.586712,1.585
IGFN1,5.998273,6.0768,3.31132,3.0
GOLGA8Q,5.91272,5.8044,2.106769,2.0772
BCL11A,3.964258,3.9069,10.32966,10.6073
TRPM2-AS,1.221122,1.0,7.44146,7.7482
COL6A4P2,8.044088,8.16985,4.48117,4.5236
TNNI1,3.546086,3.585,7.882425,7.8329
CXCR2P1,1.231969,1.0,6.05671,6.0444
TMPRSS4,1.458698,1.585,11.281319,11.623
BSND,0.265895,0.0,4.495121,4.6439
MYOZ2,4.920486,4.8074,2.230551,2.3219
NUP210,7.397103,7.3837,12.333297,12.3891
DNAAF3,2.734188,2.585,8.629484,8.7715
DLGAP5,2.341407,2.16095,10.009576,10.0768
RP13-1032I1.10,0.342951,0.0,4.828021,5.7999
C9orf152,1.320094,1.0,6.980856,7.0444
RP11-677I18.3,4.134865,4.3111,1.666345,1.6229
TEKT2,3.86033,3.95345,7.878601,7.8826
IGKV1-33,2.877398,2.6962,6.743978,6.6476
HRASLS2,1.672555,1.585,5.48417,5.585
IGKV3-20,4.380111,4.3219,8.777883,8.9327
BRCC3P1,5.330022,5.5543,2.528745,2.585
RP11-535A5.1,6.300836,6.40065,2.774708,2.8074
EGFL8,10.967182,10.982,8.20119,8.3148
RACGAP1,6.916227,6.8703,11.408856,11.4548
OR7E102P,0.651686,0.0,4.532819,4.7004
ACVR1C,7.937941,8.098,5.373833,5.3923
PLIN4,11.213145,11.2082,8.116362,8.224
PRRX2,4.216949,4.1699,9.795755,10.0042
RP11-446H18.6,4.736791,4.8074,1.65408,1.585
TTK,2.990602,2.9037,10.250384,10.4051
IGLV3-1,2.172435,1.7653,6.539348,6.436
SNHG23,6.066838,6.04375,1.745492,1.585
MIR3648-1,0.086769,0.0,5.865305,5.9425
MMP15,6.32665,6.32955,11.723752,11.8033
IGLV3-21,2.464065,2.16095,6.634929,6.5546
FLJ43879,3.074537,3.1699,0.540867,0.0
CSPG5,3.332101,3.3219,8.665499,8.7682
OBP2A,0.780382,0.0,7.11461,7.3545
NPW,2.678692,2.8074,8.990689,9.1447
DMRT1,0.192124,0.0,3.832103,3.7004
TNFSF12-TNFSF13,2.628459,3.49235,6.501231,7.1648
TRIM46,4.475005,4.2849,8.52467,8.5622
DYNC1I1,8.212624,8.24315,6.055858,6.0
RASSF7,7.566018,7.5771,11.926332,11.9516
CDH4,9.262376,9.346,4.521751,4.3219
GAL3ST2,1.697786,1.585,7.391522,7.6864
FOXA3,1.203899,1.0,5.422633,5.6439
KLHL33,4.315916,4.5236,0.960554,1.0
THPO,6.461795,6.4919,3.245415,3.3219
RNU4-2,1.06007,1.0,5.483433,5.1699
F10,9.68331,9.77545,6.103141,6.0875
C14orf39,3.867523,3.95345,1.462899,1.0
MFSD6L,1.03096,1.0,8.053769,8.1599
MACC1,3.116611,3.0,10.103207,10.2216
NTF4,2.039328,2.0,5.880077,6.033
AC079630.4,5.443305,5.59985,3.02396,3.0
SMIM22,1.444959,1.2925,10.910283,11.0979
ITPR1,12.035899,12.0566,8.9779,9.098
ENHO,3.310938,3.3219,7.472947,7.4919
KIAA1211L,5.310281,5.1897,10.168803,10.2312
FAM83H,4.971517,4.88245,13.405836,13.5115
RAP1GAP,6.820344,6.8008,11.245239,11.4231
WNT7A,0.627938,0.0,9.996335,10.6768
FBP1,4.471886,4.5222,9.065978,9.2095
RP6-24A23.8,4.387427,4.5236,0.273251,0.0
CD1A,0.313819,0.0,4.027677,3.8074
CCL28,5.853647,5.85715,10.497204,10.6555
CCDC64B,2.578153,2.45345,9.601766,9.731
C20orf166-AS1,4.346624,4.04375,1.923525,1.585
CRNN,4.672772,4.6439,1.833814,1.0
RP11-283G6.4,0.534113,0.0,8.307634,8.611
WISP2,12.000573,12.12915,6.238239,6.2095
PRSS53,8.574634,8.51645,6.202096,6.2765
KCTD14,4.583943,4.585,10.190591,10.3337
AMIGO3,2.059795,0.0,6.002227,6.6812
PITX1,4.438244,4.2459,8.838391,9.2264
RP11-1228E12.2,5.032313,5.30415,3.023403,3.4944
DCLK1,9.66808,9.764,7.116266,7.1699
LINC00858,0.554905,0.0,4.876453,5.5546
GRIP2,9.623045,9.56465,5.598917,5.6642
TSACC,1.713856,2.0,6.00648,6.0444
AP000473.8,7.556189,7.70385,3.55555,3.585
SPATA12,1.695768,2.0,5.695168,5.6147
TSPAN5,11.22972,11.29205,8.431959,8.5507
TMEM240,7.474782,7.5736,5.370619,5.4263
ACSM1,6.51166,6.5314,3.939891,4.0
CIRBP,14.433599,14.548,12.24741,12.3253
TCEB1P19,4.541824,4.6439,2.47105,2.585
PARM1,10.631726,10.6115,8.472256,8.5236
MYBPH,0.955411,1.0,4.972463,5.0444
DLGAP1-AS5,2.990231,3.1699,0.71746,0.0
CDR2L,7.652258,7.5038,12.157234,12.145
TFCP2L1,4.109666,3.85715,8.99907,9.1007
CXCL9,2.912748,2.585,9.259249,9.5546
DLEU2L,6.068572,6.2465,3.468416,3.585
LGALS2,0.971539,1.0,4.717221,4.7549
IGLC2,6.870135,6.41245,11.603154,11.8404
PTPRZ1,5.85058,5.76765,2.741491,2.585
ITGA10,8.422909,8.52335,6.118382,6.1293
TEKT1,1.243414,1.0,5.216002,5.1293
C21orf62,8.226701,8.45545,2.971755,2.7634
TSPAN8,9.269026,9.52255,6.086707,6.375
RP11-5A19.5,7.979666,7.959,5.707512,5.9914
SNHG24,6.092393,6.19965,0.870997,0.0
BEGAIN,8.35299,8.64535,6.252615,6.3323
AL162151.3,7.55766,7.7947,0.221667,0.0
MTND5P1,4.864743,4.9069,1.804562,1.585
PI3,2.148513,2.0,9.524627,9.5962
CAPSL,0.491644,0.0,5.479788,5.6439
RAB40A,7.495335,7.5141,5.446917,5.557
OR2I1P,0.213125,0.0,4.208339,4.1699
RP11-256I23.3,4.023332,4.1287,0.717523,0.0
ERBB3,6.327117,6.2283,12.655787,12.8341
AC007009.1,0.755928,0.928,6.539084,6.6188
DOC2A,8.87861,8.9143,6.498912,6.5917
RP11-288H12.3,7.637087,7.7108,5.378906,5.4919
IGSF10,12.422007,12.47195,8.445848,8.5018
UNC13C,4.8018,5.4919,1.790879,1.585
FAM72B,3.941638,4.00445,8.122664,8.1715
TBX18,7.920493,7.9744,5.794705,5.8074
DDX3Y,2.572135,2.585,0.032967,0.0
FABP4,6.465469,6.4346,4.271609,3.3219
LEFTY2,9.89979,9.9874,5.001505,5.0431
RP11-446H18.1,6.588872,6.90085,2.505122,2.585
RP11-2C24.7,4.723859,4.8074,1.995863,2.0
HERC2P3,9.667369,9.78585,7.572543,7.5841
FAM106A,5.757699,5.73065,2.026826,2.0
HMGN2P15,3.943409,4.0764,1.498757,1.585
NAALAD2,9.186418,9.13955,5.877714,5.7814
FAM83D,4.368206,4.2849,10.632167,10.7969
TNFRSF11B,3.833582,3.9069,8.651478,8.6689
CTC-497E21.3,0.122811,0.0,3.881356,4.0
CTD-2626G11.2,7.45191,7.7444,4.527311,4.8074
XXbac-BPG181M17.5,0.0,0.0,3.645897,3.5211
RHOF,7.009208,7.0475,11.391678,11.5345
RP11-448G15.3,8.601261,8.58675,6.115417,6.1898
FAM181A,0.484983,0.0,8.561198,8.7313
GRHL3,1.962535,2.0,8.16149,8.2668
CYP2A6,4.906148,5.13215,2.432613,2.3219
RP11-379F4.8,4.817173,4.858,2.506109,2.585
PRSS22,1.556001,1.0,8.847311,9.058
TMEM52B,0.54635,0.0,5.422698,5.7004
HPN,5.599353,5.7004,10.61977,11.0921
HTR3A,0.569077,0.0,9.103239,9.4346
TOP2A,4.739886,4.3923,12.232911,12.3652
SSTR3,7.548214,8.0821,4.327625,4.2479
RPPH1,3.525624,3.1699,9.9415,9.857
SPRR2E,4.045218,4.07765,0.542549,0.0
DSP,8.101156,7.82655,14.264591,14.4114
LINC01215,0.741905,0.0,6.084602,6.1293
FGL1,2.975341,2.8074,0.695265,0.0
SKA1,1.916673,2.0,8.700152,8.817
PNLIP,5.242699,6.01085,0.153302,0.0
ATP1A2,10.024786,10.14515,5.752498,5.4594
RMRP,2.975373,3.1699,10.147427,10.1329
PAEP,0.988018,0.0,7.002263,6.8826
SLC25A27,11.289607,11.41075,7.912564,8.0224
RP11-727A23.1,4.041909,4.161,0.937763,0.0
NCAPH,3.335301,3.2459,9.889384,10.0154
FXYD4,0.18076,0.0,4.286076,4.0875
RP4-794I6.4,1.625034,1.585,6.916778,6.9887
RP11-230F18.5,7.020792,7.0875,5.032337,5.1699
CST6,3.21081,3.1699,7.215912,7.1997
CHST6,2.433578,2.35605,8.29928,8.1497
CTD-2012K14.5,5.581192,5.6427,3.017016,3.1699
MRGPRF-AS1,5.87471,5.89615,1.207571,1.0
IRX3,4.813794,4.75335,9.080837,9.2609
GFPT2,10.988822,11.00385,8.392821,8.4136
SHE,9.031059,8.97295,6.97838,7.0112
GOLGA8K,5.271676,5.38355,2.272262,2.2357
KSR2,1.001256,1.0,7.98254,8.0056
NDN,11.411426,11.4257,9.344019,9.5333
NFATC4,13.379256,13.37275,10.984238,11.0471
FAM72D,2.633007,2.8245,7.694737,7.7192
DEPDC1,2.297711,2.3219,9.929089,10.086
CCL11,1.860086,1.585,5.838425,6.3923
NAPSB,3.172874,3.34185,7.174863,7.2854
RP11-495K9.2,4.08006,4.4803,1.307721,0.0
TMEM72-AS1,4.57456,4.72765,2.417605,2.585
ZNF300P1,9.265627,9.22035,5.309352,5.3923
RP11-515O17.2,3.200234,3.3219,0.425732,0.0
LTB,3.417974,3.2459,8.298143,8.2808
LINC00602,4.494007,4.51085,0.519203,0.0
FAM83A,1.849728,1.585,9.192263,9.3061
CHMP4C,3.871432,3.9069,10.08959,10.2081
FOXJ1,2.03941,1.585,11.411393,11.5878
OR7E28P,0.70097,0.0,4.585032,4.9293
C2orf70,1.42921,1.585,5.219243,5.2479
DEPDC1-AS1,0.045455,0.0,3.400455,3.585
MAGEA4,0.144943,0.0,4.72226,3.7004
TSPAN1,3.810487,3.8074,10.683082,10.821
POLQ,3.599172,3.585,8.742972,8.8138
CCDC144NL,3.94391,3.811,1.583935,1.0
CXorf67,4.073611,4.0875,1.902403,1.585
AUNIP,3.247277,3.2657,8.328654,8.4157
CENPA,1.842334,1.585,9.457985,9.5661
CCDC33,1.97237,2.0,6.542019,6.6724
LINC01559,0.216903,0.0,3.763567,3.7004
CCDC178,6.578397,6.7073,4.570249,4.5236
SIT1,1.925419,2.0,6.102065,6.375
CELF2-AS1,5.943624,6.1497,1.853931,2.0
GDA,1.393962,1.0,5.792446,5.8074
RP11-126K1.6,1.712872,1.585,6.300489,6.2854
MEG8,6.496297,6.49965,1.829504,1.585
FERP1,5.266343,5.40765,2.926918,3.1342
KRTAP5-AS1,0.853305,0.0,4.402149,4.4666
RP11-295G20.2,3.86211,3.9069,8.68538,8.7748
CLSTN2,13.538372,13.67625,9.052443,9.1898
ZNF540,9.251288,9.323,5.159247,5.1293
FAM3B,2.054602,2.0,8.570105,8.6582
CH507-236L23.3,0.78419,0.7398,4.351817,4.3923
AADAC,1.872031,2.0,6.906554,7.1189
RP11-522B15.3,8.911461,8.8324,5.128134,5.1699
FAM138B,3.711935,3.84625,0.656296,0.0
RNF183,3.53456,3.4594,7.825065,7.9542
ACTA1,6.385452,6.54675,3.179678,3.0
UBE2Q2L,3.996357,4.0539,1.808711,2.0
DHRS2,8.518883,8.7607,5.743613,5.7279
CYP11A1,10.214474,10.46325,6.854587,6.9283
GDAP1L1,5.738403,5.82015,3.186976,3.1699
TTLL3,13.09412,13.15635,10.335443,10.3663
BLACAT1,3.074257,3.1699,9.253283,9.4808
OR7E22P,1.375137,1.585,5.931631,6.0224
MPZL2,6.858059,6.82035,11.778225,11.8533
CTD-2378E12.1,3.761074,3.7539,1.202489,1.0
CACNA1B,2.945457,3.0,8.171388,8.3966
FLG-AS1,7.248202,7.261,4.856591,4.858
GRHL1,4.203519,3.9069,8.745591,8.9571
CDC6,5.336265,5.3215,9.509671,9.6147
SIK1,9.914444,10.11415,7.699931,7.549
RP11-613D13.8,7.362292,7.58955,2.058827,2.0
TTLL10,1.083583,1.0,5.965454,5.9542
EPHA1,5.236356,5.1897,10.847698,10.8588
PRSS21,1.957709,1.7925,10.08172,10.8305
COL16A1,14.007073,13.9079,10.36918,10.3253
CTA-268H5.14,4.952353,5.2287,1.597745,1.585
AC006273.5,2.121934,2.16095,5.986902,6.1898
DYDC2,1.480092,1.0,7.30203,7.3177
RP4-625H18.2,2.003143,2.0,6.054609,6.375
CAMK1G,9.41909,9.5555,6.34797,6.4094
RP11-353N14.2,0.40911,0.0,5.279236,5.6147
EPCAM,4.445205,4.45795,14.157886,14.2867
RP3-525N10.2,6.106439,6.2571,1.627286,1.0
AC131097.4,3.337068,3.39065,0.944221,1.0
KCNIP2,8.574283,8.6905,6.437982,6.4975
GALNT12,4.323385,4.3923,9.789326,9.809
AP000432.2,0.056818,0.0,4.642178,4.4594
CENPF,6.338675,6.45115,11.709895,11.7271
ST14,4.944388,4.7004,13.748947,13.9124
RP11-107E5.3,3.792699,3.8074,0.988086,1.0
RP4-781K5.2,9.028751,8.961,3.249747,0.0
NXPH2,4.894778,5.33975,1.826189,1.585
GS1-184P14.2,1.249637,1.1538,5.968211,6.0719
AC025165.8,8.402512,8.49565,4.322128,4.4712
AP001062.8,4.739707,4.9962,2.275023,2.516
TRPM3,7.973866,8.1058,3.72996,3.7004
NEFH,9.743351,10.064,7.671605,7.2946
RP11-981G7.6,6.288658,6.3399,4.265884,4.3923
CORO6,8.505815,8.2376,5.660129,5.7279
RP4-545L17.11,0.344773,0.0,3.955486,3.9069
NRXN1,4.716548,4.8074,1.789852,1.585
RP11-403B2.7,4.92884,5.3208,2.683572,2.7203
IGKV4-1,3.595349,3.2459,8.161679,8.2192
RP11-713P17.3,5.434219,5.5546,3.367744,3.4594
LINC01535,3.058898,3.1819,6.95739,7.0029
RP11-426D19.1,4.955283,5.0875,2.773448,2.8074
DACT3,9.665585,9.63025,7.54998,7.4512
ADCY8,0.692822,0.0,4.993882,4.4594
CTXN1,6.774876,6.85175,12.707518,12.8152
BRS3,4.971518,4.9993,1.353668,1.0
GFRA1,9.18278,9.1434,6.492122,6.4263
MAMDC2,11.635025,11.87825,7.351111,7.3878
PGM5P2,7.562728,7.7176,3.076118,3.1027
GPR19,1.40029,1.585,6.937727,6.9887
RP11-97O12.6,8.083451,8.13445,5.427768,5.5236
SLC1A7,8.309641,8.39845,3.224824,3.1699
IL1RN,4.38251,4.2849,9.629254,9.7482
RP1-27O5.3,0.792534,0.0,4.9039,5.3635
AMY2A,4.842784,5.17845,1.493137,1.1375
CT45A3,0.011364,0.0,3.321275,2.319
PTCH2,10.820659,11.01745,7.263845,7.1799
RP11-327J17.9,7.344717,7.4429,1.629091,1.585
CLIC5,5.1076,5.2089,11.841634,12.0241
RP11-148L24.1,4.907712,5.06595,1.153106,0.0
RP11-2N1.2,5.373789,5.6864,0.968592,0.0
NBEA,9.854648,9.8602,7.091375,7.2946
MIR497HG,8.753149,8.7915,6.386193,6.3343
RP11-54H7.4,1.37319,1.0356,6.901408,6.9541
AGAP11,8.993527,8.96025,4.949227,5.0772
KIAA1755,9.505136,9.43045,5.595006,5.7004
FFAR1,6.458501,6.5849,2.59292,2.3219
SLC6A20,1.617466,1.585,5.762855,5.3923
MISP,3.386536,3.3219,10.955054,11.1978
ARHGAP6,10.424838,10.50035,6.94463,6.9189
TPX2,4.436825,4.3571,12.49127,12.58
LAMC2,6.651695,6.59965,12.5729,12.8212
RLN2,0.934072,1.0,5.376087,5.6147
ATP8A1,11.161944,11.2318,8.552478,8.7039
FPGT-TNNI3K,6.96942,6.95155,4.87424,4.9359
DLG2,8.647032,8.61285,5.466745,5.5546
RP11-411K7.1,0.936562,1.0,4.736907,5.0875
SERPINF1,13.713338,13.6211,11.492811,11.6298
ALDH1A1,12.537209,12.44225,9.663841,9.683
PPP4R4,8.478293,8.5679,4.672215,4.7549
SYNE3,9.83017,9.8496,7.647705,7.6865
RP11-110I1.6,0.064957,0.0,4.648878,4.0626
PEAR1,10.703178,10.65595,7.289644,7.3399
LPPR4,2.407009,2.0,6.747482,6.7814
HRC,7.279636,7.1084,4.143324,4.0875
GUCA1B,5.686008,5.6864,3.396708,3.585
RP11-217B1.2,0.956264,1.0,4.472432,4.5236
LINC01124,1.461736,1.585,5.348474,5.4263
EPPK1,4.234369,4.1287,12.403041,12.6109
SPA17,5.198728,5.2095,9.626986,9.638
GDNF-AS1,7.568602,7.65445,3.43466,3.3219
COX7A1,8.809055,8.80255,6.602699,6.5999
IGLV6-57,1.528273,1.0,5.863402,5.6147
AC009166.7,4.114592,4.1699,0.886267,0.0
VWA2,2.576508,2.585,7.405536,7.5546
SIGLEC11,11.422565,11.7433,5.738933,5.8197
LYPD1,3.89991,3.6836,13.131571,13.4449
KIF26B,5.257985,5.1699,9.459002,9.5507
CDCA2,2.655948,2.585,8.545695,8.5925
UPK3B,6.038622,5.72765,12.188823,12.5187
UBD,1.55606,1.585,8.739341,8.8734
C10orf105,5.900689,5.887,3.626409,3.8197
SPATA17,3.577412,3.7004,7.693651,7.7748
PRLR,8.906743,8.9438,6.620717,6.5999
JMJD7-PLA2G4B,11.496507,11.59265,8.924662,9.0712
GSTM5,12.295915,12.24435,5.782467,5.9071
SULT2B1,1.814032,1.585,7.225098,7.3837
FSHR,4.344933,4.3219,1.216304,1.0
SNORA73A,0.72832,0.0,7.65806,8.157
CFH,13.482568,13.5056,10.800959,10.8619
RP11-734K23.9,9.659309,9.7886,7.350419,7.4409
PYGO1,9.480973,9.4988,7.236778,7.3309
CASP12,6.64613,6.8642,2.059331,2.0
WFIKKN2,12.920839,13.29665,3.76468,3.4594
JAM2,10.275101,10.28135,8.184651,8.1599
RP5-1054A22.4,3.573689,3.585,1.135774,1.0
DPEP3,1.071898,1.0,5.243491,3.7004
LRRC15,2.684633,2.585,7.584382,7.4429
RGS19,6.021106,6.04425,10.732913,10.8041
CHST7,10.447907,10.4546,6.942975,6.9189
HSPB7,9.989925,9.8933,6.945954,6.9189
KRT13,7.661165,7.6899,4.443776,4.1699
AP000280.66,5.523159,5.8681,1.033636,0.7655
LINC01532,1.633816,1.585,6.409389,6.7279
EDAR,1.221174,1.0,5.648593,5.6724
RP11-469H8.6,0.099489,0.0,7.247403,7.3663
RNF2P1,0.279632,0.0,3.812359,3.8963
DRAXIN,1.715314,1.585,5.574533,5.4594
SIGLEC15,1.3667,1.0,5.570308,5.3219
TMEM30B,7.201735,7.1599,11.313203,11.4089
MTL5,5.741532,5.9069,10.052334,10.1033
CKMT1A,1.85565,1.6859,8.860887,9.2701
RP3-522D1.1,0.806917,0.78765,5.1836,5.107856
SLC9A2,0.905497,1.0,7.683593,7.7682
SMTNL2,7.810825,7.8455,4.775735,4.5236
C8orf49,7.352817,7.5314,1.847245,1.0
RP11-661O13.1,4.180432,4.2483,1.873259,2.0
GREB1,14.352869,14.54595,10.476762,10.4959
CACNB2,9.793519,9.8742,5.543412,5.5236
MUM1L1,12.953708,12.9536,6.525918,6.8074
STAR,14.744352,14.8716,5.568847,4.9514
RP11-554D14.2,0.034091,0.0,3.853892,4.0875
CDH23,12.349614,12.4161,9.125994,9.152
RP11-822E23.6,3.025965,3.4469,0.279792,0.0
SYNGR4,0.235852,0.0,3.896742,3.8074
LINC00853,0.667508,0.0,4.31151,4.3923
COL21A1,7.699528,7.7813,4.62669,4.6439
ABCA10,11.464399,11.5504,4.491072,4.6439
RP11-79D8.2,5.175983,5.28925,2.091839,2.1276
GOLGA8S,6.16761,6.35225,2.067346,2.0976
CLDN18,4.945311,4.9771,1.894425,2.0
ABCA5,10.452393,10.48885,8.311365,8.4263
C20orf203,6.284405,6.3576,4.066937,4.0875
CES4A,9.642942,9.70955,6.63002,6.6279
DDIAS,3.793252,3.9069,9.193913,9.2923
MTMR11,11.218147,11.29435,9.109989,9.1396
CMTM8,4.547074,4.4594,9.931157,9.9844
RP11-835E18.4,5.297502,5.56545,1.15369,0.0
AMY1C,0.538222,0.0,7.334804,7.6565
RP11-80H5.5,1.771552,1.96535,5.539934,5.7339
NDC80,3.923752,3.9069,9.545549,9.6582
FGF19,0.022727,0.0,3.380796,2.585
RGPD6,11.431358,11.4217,9.372054,9.8157
FBN1,12.717901,12.7708,10.682532,10.6795
CCL7,0.393724,0.0,4.480441,4.4594
FOXA2,0.573752,0.0,7.206693,7.7074
RP11-360O19.4,0.102273,0.0,3.912701,4.0
FXYD3,4.053176,4.04375,11.370071,11.526
USP32P3,6.57354,6.71055,4.288762,4.4087
VWC2,9.36381,9.76655,4.206697,4.0875
UNC80,6.025855,6.4429,3.687187,3.585
HOXC-AS1,4.282474,4.42585,2.061626,1.585
FBXL16,4.211497,4.1699,9.499018,9.6475
GATM,11.793415,12.0092,9.236079,9.3038
LRRTM1,3.21255,3.1699,10.63777,10.8978
SFRP2,5.039842,4.585,9.406577,9.5236
ABCC8,4.992209,5.0,1.701118,1.585
KDM5D,2.544039,2.585,0.030625,0.0
AF001548.3,3.09558,3.0,0.763352,0.0
FFAR4,0.841799,1.0,5.362907,5.5546
RASGRF2,10.646917,10.82495,7.816614,7.8074
LRRC26,0.433607,0.0,5.473432,5.4131
RP11-13K12.1,3.185527,3.0,7.71804,8.0821
RP11-5O23.2,0.108093,0.0,3.618176,3.5993
RP5-1024N4.4,6.12367,6.12045,2.435521,2.5135
PCSK1N,4.829785,4.72765,9.736188,9.8673
RP11-1081M5.1,5.279769,5.47495,1.526052,1.0
NBEAP3,1.79578,2.0,5.475134,5.858
RP11-9E17.1,4.849275,4.8074,9.153412,9.1267
RP11-589M4.4,3.985581,4.1699,1.472172,1.585
TDGF1,7.721703,7.78435,4.50559,4.3923
TSPAN12,6.013175,5.98865,10.554866,10.5803
RNVU1-18,1.852852,1.7287,7.52798,7.3902
ARNTL2,3.976415,3.85715,9.034083,9.1163
CUBN,9.208561,9.1886,6.284063,6.3038
RAD51AP1,4.719939,4.78115,9.853945,9.9816
AP1S3,3.53564,3.4594,7.91604,7.9773
MAL,5.29645,4.858,10.89255,11.2456
RGS9BP,0.769995,1.0,4.612596,4.7317
RP11-122M14.1,0.267158,0.0,4.748139,4.7549
AC005943.2,1.467466,0.0,7.255409,8.3982
C1orf194,1.305305,1.0,6.304078,6.2288
PPAPDC3,8.519088,8.56225,5.612788,5.6439
LCN6,6.86568,6.9425,1.830886,1.585
OXCT2P1,7.103509,7.0864,3.631686,3.8797
XIST,15.918375,15.92765,12.132441,12.2506
KRT80,3.596814,3.5222,10.36254,10.5157
CTD-2104P17.1,4.878749,4.9542,0.810884,0.0
RTL1,5.646649,5.8197,1.442911,1.0
LGR6,6.280989,6.04375,11.030655,11.4732
RIC3,10.464205,10.5574,7.690196,8.0
RP11-231C14.6,4.693082,5.03375,1.01468,0.263
FCGR3A,6.857122,7.1429,10.889381,11.09
SH3BP5-AS1,11.515416,11.50125,8.927013,9.0363
C1QTNF7,8.875215,8.89015,6.630927,6.7415
MYH2,3.738526,3.6271,0.720503,0.0
RP11-486B10.4,0.787092,1.0,4.426664,4.585
ARFGEF3,5.064574,5.0,9.287605,9.5275
RBBP8NL,0.493116,0.0,8.362599,8.7245
RP1-283K11.3,3.78741,4.0,1.429012,1.0
DDX43,5.603182,5.80515,3.218008,2.8738
TES,7.759213,7.67205,11.965548,12.0887
TDO2,1.858449,1.585,7.780453,7.7211
MMP7,1.836751,1.2925,11.99408,12.2647
IGHV4-61,1.404842,1.0,5.291668,5.1035
TCF21,11.588567,11.5491,7.101063,7.4375
LRRK2,10.24228,10.28135,6.936104,6.9773
MOV10L1,6.928081,6.94835,4.219527,4.1699
RP11-12A20.4,5.008631,5.08685,3.009434,3.1699
SPC24,3.628333,3.585,9.995086,10.0782
CPNE4,1.71773,1.585,5.578237,5.4594
IGF2BP1,0.933631,1.0,5.25513,4.8074
CCDC68,9.595718,9.94295,6.216578,6.3219
AP000473.5,6.483884,6.5469,3.253448,3.3219
CAPN9,2.513175,2.3219,7.165192,7.2946
ARHGAP40,0.835377,0.5,6.060177,6.2095
MIR4435-2HG,5.787459,5.72125,9.982635,10.0243
WNT2B,10.771972,10.73785,8.092444,8.0011
MTMR9LP,11.042588,11.05255,7.10687,7.1599
RP11-679B19.1,6.827555,6.82655,3.438141,3.4594
GABRQ,0.907749,0.0,4.580421,4.6439
PENK,8.303159,8.5362,2.954016,2.585
CAMK2N2,1.24224,1.0356,6.41392,6.2517
OASL,3.458642,3.4594,9.445462,9.6384
CECR2,8.732615,8.94535,5.71352,5.6724
MPPED1,6.564864,6.6933,1.362789,1.0
ABHD17C,6.417334,6.44285,10.499083,10.623
ASCL2,2.11567,2.0,7.729446,7.6147
RP11-21B21.4,4.494077,4.5236,1.389641,1.0
SMG1P7,8.206789,8.27865,5.981601,6.067
SYCE3,0.247216,0.0,4.387883,4.4594
FAM84B,8.110724,8.0768,12.127354,12.1948
LINGO1,6.559619,6.4263,10.691648,10.8788
CLDN7,4.68291,4.5236,13.14744,13.2273
CKS1BP3,0.35618,0.0,5.912369,6.3757
PRDM8,8.451339,8.51765,5.236521,5.3219
LINC01229,4.802217,4.9069,1.147895,1.0
GPR37L1,2.983859,3.0018,6.935344,6.904
SGPP2,4.655072,4.5236,10.783379,10.8734
GYLTL1B,7.167533,7.2384,11.482554,11.6036
CBX7,12.315253,12.30525,9.840716,9.8917
DIAPH3,2.38891,2.0,8.984299,9.0741
VPREB3,0.697274,0.0,5.048163,5.0444
PLK1,6.912031,6.98915,11.565774,11.6698
RP11-256I23.2,7.225016,7.3353,3.871027,4.0215
RP11-69E11.4,8.931457,8.9911,6.843319,6.9792
HPDL,4.274559,4.1699,8.336605,8.4136
CD180,3.418819,3.4594,7.744941,7.9773
RP11-624M8.1,1.941992,2.16095,5.875046,6.2038
TSHZ3,11.750293,11.85015,8.494324,8.6073
XXbac-BPG246D15.9,3.496342,4.3733,7.883958,8.4997
KCNK9,1.017961,1.0,5.746008,5.7549
FOXL2NB,11.82931,12.17775,4.343986,4.2479
VIP,4.245099,4.2089,1.520644,1.585
L1CAM,5.910607,5.89475,11.027499,11.2639
RP11-524F11.1,5.875989,5.94245,3.603963,3.7004
RP11-13K12.2,0.269943,0.0,5.271275,5.4594
C11orf96,13.763065,13.6937,9.18461,9.1183
WHAMMP2,8.636074,8.681,5.240277,5.2615
NOTUM,0.81293,0.0,7.219491,7.1599
RHOBTB3,12.611366,12.6923,9.64331,9.7911
RP5-890O15.3,0.045455,0.0,3.76756,4.0
RP11-755F10.3,6.026523,5.9338,3.081915,3.1699
DPF3,9.491653,9.82975,6.760301,6.9887
ZNF471,10.602397,10.6742,8.197005,8.3038
SYPL2,7.280159,7.7039,4.627294,4.6439
GOLGA8B,13.638103,13.79255,10.366144,10.5348
FAM183A,1.860703,1.585,6.000566,5.9069
OR8S1,3.940583,4.0,0.788624,0.0
ACTC1,5.97428,5.78115,3.659107,3.585
ELOVL7,4.159539,3.9069,8.940923,9.0362
SLC6A10P,0.805284,0.5,5.168381,4.7549
EGFL6,1.738764,1.585,10.037318,10.1762
RP11-632F7.3,3.356133,3.4594,0.80385,0.0
S100A4,8.082059,8.07945,12.182781,11.9905
PCDHA11,2.234211,2.3016,6.87107,7.5002
SPTSSB,1.974826,1.585,6.061721,5.9773
UNC5A,3.286648,3.3219,9.332952,9.6018
SBK1,5.536727,5.5391,10.983603,11.0478
KB-1572G7.3,4.337727,4.4413,1.441878,1.6135
RP11-359J14.2,4.499145,4.6439,1.307797,1.0
CCDC64,4.952085,4.8074,9.461113,9.5118
RP11-3J1.1,0.011364,0.0,4.408504,4.585
RP11-532F12.5,2.576538,2.585,9.23623,9.2668
PRL,4.170592,4.72765,1.299967,1.0
IL21R,2.532361,2.69585,6.589917,6.8134
PITPNM2,11.650839,11.7031,9.209841,9.3083
PLIN5,12.003501,12.1699,6.325091,6.420248
EDA2R,8.5606,8.60165,6.179712,6.2095
GPR88,6.584872,6.62575,3.238462,3.1699
C2orf54,1.571722,1.585,8.002812,8.2384
CTB-12O2.1,4.953356,5.08685,2.050639,2.0
RP11-74M13.4,5.939505,6.30365,0.78932,0.0
RP11-1180F24.1,3.09741,3.0487,0.867786,1.0
SOCS2-AS1,6.590495,6.54775,4.093928,4.0875
GTSE1,4.13256,4.0,9.473977,9.5058
FGF22,6.59094,6.6582,2.27927,2.3219
ACKR2,3.638147,3.5222,7.965461,7.8342
MUC5B,3.955549,3.7539,9.197685,9.3197
LINC01320,0.565774,0.0,6.047895,6.5546
ANKRD35,8.170541,8.08475,5.571979,5.3923
NEIL3,0.975641,1.0,7.69478,7.7549
MGST1,6.352531,6.09705,11.179263,11.363
ELOVL3,1.922709,2.0,6.066065,6.1085
KRT8P45,0.879511,1.0,5.414093,5.4935
RP11-171I2.1,4.687955,4.8047,0.89567,0.0
HNF4G,0.322045,0.0,3.650623,3.4594
COL14A1,12.630457,12.5813,9.704898,9.8009
RP11-307B6.3,3.385191,3.46795,1.081103,0.0
PTPRN2,9.122325,9.21785,7.041076,7.0334
RP4-742C19.13,8.096333,8.1573,4.450994,4.6628
ATP1A3,2.543764,2.6962,7.170671,7.1085
DST,13.388939,13.33515,10.573227,10.6768
SULT1C2,3.84314,3.7004,8.015464,8.3264
RANP4,5.579651,5.7414,3.110258,3.3219
ADORA1,3.306898,3.1699,8.685039,8.683
TLR8-AS1,0.10892,0.0,4.331756,4.4594
CTD-2587M2.1,5.7146,5.6439,3.273639,3.3219
FAM198B,12.492691,12.5547,10.104979,10.1644
IGFL2,0.920149,1.0,5.286386,5.3219
AC064875.2,5.840044,6.0334,1.950743,2.0
MRVI1,11.015572,11.0818,8.915452,9.0607
RBPMS,13.055884,13.0452,10.930922,10.9495
DPY19L2,10.32023,10.37575,6.326961,6.4244
LINC00885,0.342874,0.0,4.104295,4.2479
PLD4,3.910286,3.93825,7.990561,8.1456
AP000251.3,0.338999,0.0,7.046355,7.1599
DES,11.88817,11.7444,8.700956,8.7482
SLC4A3,13.45526,13.5913,9.910091,10.007
POF1B,2.878235,2.8074,7.176779,7.4512
RP11-571M6.7,0.552415,0.0,4.061936,2.4854
FOXQ1,0.78177,0.0,9.467944,9.8361
HSD11B1,10.021809,10.0437,6.348567,6.4263
ADH1B,12.418705,12.2631,5.647795,5.087
RP1-225E12.2,3.949395,4.0188,1.740471,1.6369
CPA4,1.833134,1.585,6.341326,6.3219
MTRNR2L4,4.314045,4.3923,1.654583,1.585
MYH11,13.685775,13.74865,8.786265,8.7553
DOK7,3.602025,3.5222,10.657777,10.8626
HIST1H2BJ,2.734456,2.8074,7.156224,7.1599
LINC01234,0.899908,1.0,4.526577,4.0875
RP11-440D17.3,5.624361,5.6181,9.819329,9.9114
RP11-321P16.1,3.790511,3.95345,0.622089,0.0
MSLN,4.397917,4.08495,15.110843,15.3713
COL9A1,1.702497,1.585,6.90943,7.1085
GABRA2,4.181576,4.2459,1.409537,1.0
C1orf233,5.712632,5.832,10.816611,10.8903
PCP4,3.634417,3.4594,7.507217,7.8009
DEPDC1B,3.001689,2.8074,8.943993,9.0224
GJB2,3.419733,3.3219,9.220561,9.4409
CYP4F3,2.681698,2.585,7.233145,7.4512
CACNA1F,2.387493,2.3219,6.384898,6.4263
TNXA,5.599093,5.4521,2.419664,2.546
TWIST2,9.790133,9.6484,7.038302,7.1898
SLC6A3,5.084823,5.1084,2.921236,2.8074
FSIP2,7.124811,7.15845,5.072057,4.9542
CYP4F12,8.284197,8.3815,4.407885,4.5236
DIRAS2,1.457187,1.2925,7.356975,7.4998
DMBX1,0.172386,0.0,4.936882,4.8074
AC104667.3,1.175182,1.0,6.109446,6.3219
CTD-3214H19.6,1.20578,1.0,5.766583,5.9307
CCL5,5.5064,5.4093,9.782897,10.032
FAM53B-AS1,3.502228,3.585,1.132488,1.0
ATG16L2,11.495181,11.4955,9.382374,9.5129
RP11-689K5.3,0.305966,0.0,4.951166,5.2479
LINC01257,0.379736,0.0,3.861331,3.8074
CTD-2231H16.1,2.049686,2.0,6.456034,6.7279
ZMAT1,11.210506,11.2819,7.589954,7.7415
CH507-513H4.4,13.587518,13.50935,17.876067,17.8137
XRCC2,4.515594,4.61445,8.870489,8.9658
RP11-553L6.5,10.713297,10.7792,8.589234,8.6475
FAM111B,2.391466,2.3219,8.684464,8.697
CTD-2651B20.4,3.519552,3.4594,0.446649,0.0
TGIF2-C20orf24,2.332975,2.86155,6.657989,6.8863
CYP4Z1,1.313186,1.585,5.377528,5.4219
ACTN2,6.971139,6.96575,3.80963,3.8074
COL4A6,10.11711,10.11955,6.57054,6.5999
INHA,11.156412,11.3864,6.759522,6.7814
TCERG1L,6.919775,6.995,3.072963,3.0
PRAME,7.254885,7.5698,11.815708,12.3542
RAB25,3.293444,3.1699,11.180012,11.9348
NPIPA8,6.870101,6.9446,4.613168,4.3448
TRBV5-4,0.301044,0.0,3.616982,3.7004
RP11-510N19.5,0.809573,0.0,6.921406,7.1027
CTD-3051D23.4,0.552792,0.0,4.290579,4.5236
LINC00894,9.281966,9.3411,6.867168,6.8709
LEMD1,3.145031,3.1699,9.110012,9.3376
RRM2,3.465569,3.2459,11.193644,11.2432
RP11-468N14.13,0.171328,0.0,4.77267,4.858
LL22NC03-N95F10.1,0.07483,0.0,5.120777,5.1699
RP11-645C24.5,7.075628,7.1573,4.361438,4.4594
CYP21A1P,7.296345,7.13895,5.201448,5.2422
SNX29P2,8.318293,8.3778,4.934434,5.0496
CRABP1,1.316002,1.0,10.321413,10.5825
CCL21,7.935969,8.02225,5.675246,5.8074
DNAJB13,2.436316,2.3219,8.754031,8.924
VSTM2L,2.383697,2.0,7.759787,7.6653
MYL2,4.572493,5.0,0.977804,0.0
CLDN3,2.182017,1.7925,14.904922,15.0501
CDT1,4.743609,4.78115,10.616398,10.5793
MAG,10.094031,10.41045,7.123478,7.3129
ECHDC2,13.586172,13.62605,11.100991,11.218
RP11-283G6.6,0.115568,0.0,3.479566,3.4594
RP11-736N17.4,1.427825,1.585,7.389441,7.5546
C7orf57,1.36811,1.585,5.820673,5.8826
MALRD1,4.828542,4.95345,2.54716,2.585
RP11-98D18.9,1.780107,1.846,6.35435,6.4031
RP4-738P15.1,4.125505,4.2849,1.954257,1.585
AQP9,3.869501,3.8074,8.4173,8.4221
RP11-544M22.1,2.598566,2.8074,0.196041,0.0
SLC25A3P1,0.256462,0.0,5.826484,6.3576
FAM83B,0.979064,1.0,4.622159,5.2854
C1orf106,3.289801,3.0,12.086335,12.25
RP11-433J8.1,0.780755,0.5,5.274402,5.4594
SYT17,4.589085,4.6439,9.670023,9.8138
ANPEP,5.825489,5.5391,10.536138,10.4666
CLDN4,4.945499,4.6439,14.566276,14.6943
N4BP2L2-IT2,8.844331,8.9899,5.771611,5.8826
DHCR24,10.866065,10.8201,14.926256,15.0576
CEP126,9.795969,9.8702,7.216407,7.2668
SYT4,4.374992,4.4915,1.412554,1.0
DUSP5P1,5.133053,5.26665,1.623205,1.585
ZDHHC8P1,11.067398,11.2396,7.564835,7.5157
MEG9,9.035251,8.98755,3.53682,3.4594
SLC34A2,3.032441,2.6962,14.924512,15.2055
HSF4,10.933309,10.83675,8.443873,8.6268
FBXO40,3.525982,3.4594,0.898306,1.0
PPP1R14C,2.619081,2.3219,8.66497,8.8978
FGF2,10.135398,10.16435,6.456167,6.3896
RP11-398J10.2,3.712552,3.8074,0.453171,0.0
CD48,4.297805,4.3219,8.695074,8.9324
TMC4,5.64023,5.72765,12.506997,12.5622
CENPK,4.430198,4.5236,8.709859,8.8826
ZEB2,12.046905,12.0849,9.710881,9.7888
WI2-2610K16.2,0.92886,0.0,5.365108,5.5236
GDPD2,1.435776,1.585,6.403739,6.6147
ADGRG4,3.770036,3.0,0.397344,0.0
SRD5A3,6.912052,6.91865,11.401018,11.432
SAMD12,6.089491,6.107,10.413899,10.5595
S100A2,3.893295,3.85715,9.713429,9.7177
TK1,4.966915,4.8074,11.807258,11.8819
IGHV4-31,0.761208,0.0,4.227851,3.7004
SLC30A10,5.353497,5.67215,2.084956,2.0
ZBTB16,10.157311,10.43715,5.751738,5.7279
RP11-89K11.1,6.675883,6.5858,3.572762,3.7015
CKMT1B,2.468261,2.3798,9.355072,9.5297
NEURL3,1.198065,1.0,5.873029,5.9307
AC005537.2,1.44277,1.0,6.33165,6.9425
SYNPO2,12.368677,12.34705,9.067757,9.0928
FAM103A2P,2.971728,3.4242,7.462314,7.5038
ARHGEF7-AS2,3.065426,3.26375,0.352027,0.0
LDLRAD1,0.671485,0.0,7.358358,7.5999
CTB-31O20.6,5.058503,5.1593,0.0887,0.0
RP11-136C24.3,5.982543,6.08085,3.539596,3.8329
RP11-1260E13.4,8.550903,8.62755,5.401608,5.2479
DKFZP434A062,4.378215,4.4594,2.313131,2.3219
RP11-298I3.5,6.697292,6.98295,3.766,4.5185
AC007128.1,0.048653,0.0,4.151814,4.3695
RP11-32B5.7,5.469993,5.602,2.712987,2.8074
CA12,4.911705,4.5236,9.916573,9.9218
RP11-1038A11.3,0.507857,0.0,6.277612,6.7415
ATP1B2,10.476935,10.59945,7.857096,7.4429
C12orf54,3.684842,3.79075,1.195161,1.0
HIST1H3G,0.456982,0.0,6.907292,6.9658
IGHV1-69-2,1.855859,1.585,5.66427,5.2983
OR52N4,4.65526,4.6439,1.425971,1.0
NKX2-8,0.210135,0.0,3.699454,3.7004
CCDC116,5.478294,5.5391,2.883518,2.8074
SYT12,2.997856,3.1699,8.617806,8.7448
RP11-732A19.5,7.835184,7.8559,5.533711,5.709
ADAMTS10,10.290015,10.18175,7.993017,8.0553
PRCD,6.831857,6.9763,4.478356,4.5286
SLC28A3,2.320211,2.0,8.565351,8.8265
AC006946.16,7.6268,7.84235,4.461856,4.7004
SCARA5,9.123493,9.1137,3.428726,3.1699
CD300LG,5.682126,5.8074,3.105478,3.1699
RP11-236L14.2,8.798499,8.789,2.553145,2.585
HSPD1P11,5.565964,5.6864,0.91317,1.0
AP001476.2,6.497036,6.7073,2.633665,2.3219
RBMS3,10.681742,10.7465,8.144848,8.1997
CSDC2,12.881405,12.9545,7.349339,7.4429
CTD-3193K9.4,3.867263,4.46235,0.852938,0.0
ASPM,4.283652,4.2089,10.153214,10.1997
TRIM58,1.654694,1.585,7.769713,8.0661
CHGB,8.811093,9.0091,4.537797,4.4594
PHF21B,8.101983,8.2046,2.932292,2.585
TIFAB,0.392833,0.0,4.351339,4.5717
CTD-2054N24.2,5.775173,5.8613,3.739615,3.8074
ADD2,4.866786,4.9069,9.586603,9.9263
SERPINB5,2.292568,2.3219,6.193293,6.5699
FAM201A,1.286107,1.0,5.880321,6.5668
AC005481.5,5.34375,5.5546,1.959109,2.0
AC005104.3,5.09507,5.1084,2.870957,3.0
KB-1269D1.8,4.975531,5.1897,1.645533,1.585
HLA-DQB1,6.914858,6.8838,11.386644,11.6146
C15orf59,9.296526,9.20825,6.004049,5.9542
PAQR4,4.746936,4.7414,10.571233,10.5396
KIAA0895L,12.303597,12.2709,9.311193,9.4051
IGLV1-40,3.112086,2.69515,7.161079,7.1599
SIGLEC16,10.249567,10.5263,5.004404,4.9809
RN7SL417P,4.287634,4.3923,1.069708,1.0
RP11-2K6.1,2.146541,2.32335,6.458767,6.4545
ZNF577,10.668399,10.6622,8.532627,8.585
CDC20,3.890112,3.7004,12.05819,12.2021
RP11-93K22.13,0.353375,0.0,5.5656,5.7549
KCNS1,1.023316,1.0,7.297957,7.2761
TPTEP1,9.038923,9.2125,6.475563,6.0934
CTD-3076O17.1,3.41046,3.48925,0.86095,0.0
RP11-1081M5.3,4.846045,5.0,1.301808,1.0
GSTM2,13.664816,13.6597,10.960309,11.0393
LINC00891,8.547767,8.61285,4.794741,4.8074
DARS-AS1,2.770574,2.6974,6.721246,6.7552
FTOP1,4.695248,4.858,2.277597,2.3219
AC012531.25,7.142462,7.3487,2.58048,2.585
ROS1,0.356805,0.0,4.648317,4.585
FRMPD3,8.248336,8.3923,4.656635,4.7549
CTRB1,5.115166,5.77055,0.636745,0.0
C8orf46,7.160834,7.33175,5.059657,5.2095
MPPED2,4.55751,4.61445,9.556489,9.7698
C4BPB,10.120159,10.65495,2.766275,2.585
RP11-70D24.3,3.76896,3.9069,0.65329,0.0
C1orf95,8.453922,8.41285,6.277654,6.1497
FP236383.5,0.027402,0.0,3.683474,3.843
CHD5,5.894087,5.6427,3.356782,3.3219
UPK2,1.046526,1.0,5.833626,5.4919
RP11-523O18.5,3.928975,3.9662,1.092071,1.0144
KIF4A,3.454455,3.4594,10.047459,10.1215
HOXB6,2.80125,2.8074,8.494993,8.4179
ANLN,5.893497,5.85715,10.749057,10.8178
HIST1H2BH,0.516709,0.0,5.522397,5.5546
SYTL1,5.892267,5.7004,10.37618,10.421
AKT3,11.913047,11.963,9.082982,9.1065
RP11-632K20.7,8.501482,8.4623,6.443954,6.5474
TACC3,7.607185,7.5925,11.845412,11.8922
HRK,1.468657,1.585,6.685625,6.8202
LINC01503,5.133292,5.0,9.583081,9.6165
CCL14,8.082573,8.0708,5.677034,5.6927
IL4I1,3.387268,3.3219,11.557689,11.7708
EYA2,4.172355,3.85715,12.066617,12.3977
IGF2BP3,1.393382,1.02505,7.538344,7.342
AC092667.2,4.826261,4.9081,2.037554,2.0
MCHR1,6.858477,7.1032,3.760903,3.7004
LGALS17A,0.6304,0.0,5.416561,5.7004
KRT23,1.838267,1.585,10.441798,10.8106
RP13-104F24.1,7.45679,7.49405,5.380298,5.8153
PRR11,4.545668,4.3923,9.75313,9.8942
AC026150.6,4.539625,4.7271,2.386847,2.585
GPR37,2.274593,2.3219,7.310525,7.5236
LDHD,9.441828,9.4838,7.276826,7.3923
CNGB1,0.375895,0.0,6.238207,6.3038
C2CD4D,1.299503,1.0,6.459039,6.4263
ZIM2,7.325273,7.46985,2.80166,2.9222
NAT8,4.264807,4.3923,2.039856,2.0
LGI4,9.093961,8.80895,5.979262,5.8826
ZNF695,2.105776,2.3219,7.534431,7.6844
SDC1,6.431833,6.31285,11.430005,11.5551
NFE2,2.285599,2.16095,7.549156,7.8392
SLC18A3,0.097557,0.0,4.047891,3.8074
SST,3.238619,3.0,9.552109,9.7211
TCEAL4,14.014019,14.12725,11.775603,11.883
RP11-1081L13.4,5.848864,5.97025,3.647027,3.6871
NUDT10,9.049256,9.1577,5.83352,5.9619
GUCY1B2,1.041742,1.0,4.98495,5.3219
CTD-2377D24.6,0.562428,0.0,4.383163,4.0875
ABRACL,5.6611,5.6293,10.46009,10.4615
ANKRD10-IT1,8.008851,8.0112,5.973135,6.1497
HIST2H2AA3,8.326723,8.3759,3.097901,0.0
YPEL4,9.358116,9.43765,6.525207,6.5699
DKFZP434L187,3.886314,4.1699,1.479129,1.0
PLEK2,2.72371,2.585,7.858192,7.96
IFI6,9.765905,9.6768,14.827712,14.9764
MIR3648-2,0.086769,0.0,5.865305,5.9425
KRT8P13,3.211328,3.3219,0.818536,1.0
BNIPL,4.154157,4.0,8.290904,8.5661
PABPC5,7.778469,7.9069,4.61675,4.7549
SCARNA10,0.673075,0.0,5.68807,5.5423
NLRP7,0.973492,0.0,6.424086,6.6582
HKDC1,1.694936,1.585,8.770736,8.9099
AC144450.2,0.154375,0.0,4.530277,4.7549
RP11-348N5.7,6.13402,6.1395,4.132246,4.3219
CYP19A1,5.818958,5.70015,3.600569,3.7004
RP11-161H23.5,7.74659,7.6875,0.955609,0.0
UGT2B7,0.88562,0.0,9.035896,9.6952
RP11-60L3.1,0.437561,0.0,5.930146,6.1497
WNT2,2.804756,2.16095,6.782805,7.0444
CLVS1,1.910258,1.926,6.331675,6.4459
TNNI3,3.356378,3.39065,8.246137,8.5118
LRFN2,4.877406,5.05425,1.474263,1.0
SLC5A8,4.807032,5.2287,0.503156,0.0
GREB1L,9.113099,9.14085,5.33563,5.3219
RAB39B,3.520052,3.585,7.562397,7.6935
CHAC1,4.128398,3.85715,8.894764,8.8704
RMRP,0.709747,0.0,5.214917,6.0712
RP11-360L9.7,2.456977,2.68255,6.337832,6.4904
BHLHA15,0.93593,1.0,5.354475,5.4594
SLC5A1,1.77897,1.585,8.394304,8.7814
KRTAP2-3,0.07483,0.0,3.613371,3.4594
AC004623.3,7.577616,7.61925,4.872542,5.0811
GNRH1,7.718603,7.7813,4.960796,5.0875
LINC00115,7.58155,7.5818,5.517804,5.6053
RP11-27G14.4,0.163459,0.0,5.76822,5.9542
BAMBI,10.975267,11.1156,7.320795,7.3309
APOC2,1.388611,1.44595,5.961452,6.0361
CLPSL1,0.172386,0.0,4.012206,4.0875
FAAH2,3.998817,3.9069,8.810394,8.9099
C6orf201,4.661344,4.66645,2.386514,2.4621
DNM1P51,7.8261,7.9373,4.612034,4.6814
CCDC144B,8.300247,8.2538,4.476195,4.6479
RP11-20I23.1,0.556775,0.0,4.016382,4.5993
CEBPA,5.519714,5.47285,9.780827,9.8297
PWRN3,2.88727,3.1699,0.274018,0.0
RP11-746M1.1,6.180128,6.58435,3.519436,1.8278
GP2,5.511728,6.1496,0.214857,0.0
RP11-283G6.3,1.226156,1.0,6.16488,6.3038
VIT,9.717214,9.7793,3.240586,3.0
AC006946.17,4.696378,4.9542,1.894485,1.585
RP11-27K13.3,1.040849,1.0839,5.023504,4.9837
UNC93A,0.490852,0.0,4.187968,4.2479
ZNF385B,8.629558,8.85955,4.361802,4.5236
ATP12A,0.344773,0.0,4.341921,4.0875
ARSH,0.097557,0.0,3.387559,3.585
FOXN1,0.852381,1.0,5.804673,5.8329
PCAT14,7.435934,7.55035,4.30412,4.3219
LPAR5,4.551295,4.5543,8.558269,8.6724
LRRC2,8.769775,9.0293,5.568185,5.5236
KLK5,1.32704,1.0,11.676296,12.1267
NTN1,6.187181,5.96575,10.48245,10.6768
RN7SL674P,3.3719,3.4594,0.641663,0.0
UPB1,4.151012,4.0875,2.047344,2.0
CD68,7.086217,7.151,11.888303,12.1057
MKI67,4.38022,4.2479,12.417711,12.5464
VCAN-AS1,0.186468,0.0,4.325166,4.7618
NKG7,3.756535,3.7004,8.031933,8.2479
CCND1,8.461517,8.4662,12.630996,12.7681
RP3-332B22.1,4.471244,4.5236,1.225065,1.0
FAM153B,12.031548,12.1198,7.023258,7.0733
BMPER,7.799664,7.77805,4.554547,4.6439
RP11-70L8.4,6.182462,6.37925,3.805183,3.9098
SLC27A2,2.30192,2.3219,6.866817,6.9542
LINC00871,0.195988,0.0,3.862419,3.9069
RP11-7K24.3,1.269648,1.0,7.815597,7.858
KCNK13,1.853372,1.7925,6.170165,6.2479
AGR2,2.388707,2.585,7.603906,7.5314
HLA-DPA1,9.34484,9.2783,13.55772,13.8291
LINC00284,1.602958,1.9006,8.252793,8.4094
LINC01152,1.268615,1.0,4.842167,5.0444
LINC00222,3.88884,3.9069,1.666152,1.585
STXBP5L,9.590931,9.8895,3.59812,3.585
CDC25C,1.419792,1.585,8.798615,8.9218
PADI2,3.918106,3.95345,9.534909,9.5699
LINC01574,0.390042,0.0,4.695655,4.9542
MAD2L1,6.247353,6.2854,10.539237,10.584
AC002044.1,0.393834,0.0,3.84695,3.9069
RPL29P11,5.762941,5.67245,3.624506,3.6159
KREMEN2,0.923897,1.0,8.622435,8.8573
GUSBP11,11.451339,11.47075,8.604952,8.7176
RASL11B,10.981968,11.05765,7.474215,7.5392
HIST1H4H,2.55549,2.585,6.58385,6.5546
LINC01101,0.350363,0.0,5.84099,6.0
KIT,10.541299,10.7702,6.495698,6.5078
FABP6,0.900936,0.5,6.060518,6.8329
RP11-416N2.4,6.126599,6.21915,3.842231,3.7004
RP11-494K3.2,3.240586,3.2459,0.579583,0.0
LA16c-349E10.1,5.84958,5.8938,3.513276,3.7148
SEMA3E,2.228795,1.79905,7.019008,7.285
RP11-327J17.7,4.87952,5.0444,1.834394,2.0
KCNC3,4.254119,4.0875,10.352796,10.4168
CYP4X1,5.082325,4.88245,9.462864,9.5038
CTD-3193K9.11,3.498478,3.7004,1.187368,1.0
SFMBT2,10.206752,10.25145,8.035222,8.0768
SPP1,6.883168,6.8514,14.141489,14.2706
TUBB3,5.930239,6.0923,10.620782,10.754
DAPP1,4.034303,3.9069,8.256436,8.4305
TPSG1,5.129548,5.1235,0.929343,1.0
MYBPC1,4.762485,4.8327,1.611151,1.0
AQP6,1.222136,1.0,6.021347,5.9307
VEPH1,2.540949,2.3219,8.209001,8.2192
LL0XNC01-116E7.1,4.265518,4.2479,0.711276,0.0
RP11-1055B8.9,3.888831,3.9069,1.596157,1.585
ST8SIA2,1.167406,1.0,6.724266,7.0
VSTM4,11.523544,11.55045,8.348927,8.4512
CHI3L1,6.331122,5.88245,13.481825,13.5572
CPEB1-AS1,5.842994,5.84775,2.025421,2.0
GOLGA6L4,10.344656,10.43235,6.459604,6.5703
ITLN1,6.397427,6.1712,3.988191,3.585
CCNE1,4.755047,4.72765,10.706779,10.7797
FAM83E,1.318757,1.0,7.154705,7.6073
MAB21L1,5.201538,5.2095,2.325568,2.3219
OTX1,1.674266,1.585,6.407104,6.8202
XXbac-BPGBPG55C20.2,9.559699,9.6465,7.229529,7.3797
PMP2,3.069675,3.1699,0.802874,0.0
HJURP,2.910775,2.6962,10.272084,10.3805
CH507-513H4.5,2.638968,2.71215,8.319069,8.2465
LINC01356,0.927556,1.0,4.901888,4.9653
PPARG,9.007181,9.08745,6.782243,6.7279
SOWAHB,1.252406,1.0,7.19032,7.3487
SPATA41,5.855977,5.9069,3.712848,3.8074
SYNDIG1,4.486833,4.4915,9.476715,9.7748
STYK1,1.765722,1.585,6.731236,6.9069
CD80,1.388989,1.585,5.0272,5.1396
MYBL2,3.035427,2.585,12.024132,12.1202
RP11-806H10.4,1.980275,1.7925,6.160077,6.2479
TRPV3,6.984633,7.01955,4.920825,4.8074
PKP3,3.644822,3.3219,12.036702,12.224
SPRR2F,9.124035,9.5655,2.829991,2.3219
PERP,9.013081,9.0647,13.201131,13.3191
RP5-1056H1.2,4.674362,4.61445,2.478939,2.3219
MEOX2,6.319581,6.3576,3.655343,3.585
AMY1B,0.504584,0.0,6.890488,7.0662
HOGA1,2.413013,2.3219,6.222457,6.4757
SCN3A,6.073085,6.0631,3.270463,3.3219
RP3-512B11.3,1.995276,2.0,6.774184,6.8329
TMEM125,4.931612,5.2479,10.805927,10.8773
CTGLF12P,7.144448,7.1217,4.795331,4.9625
RP11-1299A16.3,5.743282,5.7939,2.718351,2.8074
JAZF1-AS1,4.836222,4.9542,2.697256,2.585
SPTBN4,9.194431,9.2276,7.046564,7.0444
ALOX12P2,3.654224,3.8074,8.161686,8.3663
SLITRK6,1.868768,2.0,5.709842,5.7814
NGF,8.44783,8.42205,5.194704,5.1699
RP11-567M16.1,6.676174,6.71415,4.274582,4.3219
VIPR2,9.712718,9.5924,5.304391,5.288
FOXI1,0.086193,0.0,3.333594,3.1699
COLEC11,9.93041,10.1604,6.882285,6.5078
SORT1,9.007658,8.8689,13.453473,13.5152
RGS22,9.196625,9.25735,5.757895,5.585
LIN7A,8.47828,8.52885,5.842937,5.9069
CTNNA3,6.148697,6.2288,3.372141,3.3219
LMO1,1.341887,1.0,5.048522,5.0
ATOH8,9.904325,9.8749,7.740528,7.7347
NEIL1,10.696231,10.6303,8.510381,8.6519
CLGN,3.93277,3.8074,9.55944,9.6952
LINGO4,0.578509,0.0,4.552318,4.6439
HOXB4,3.515409,3.39065,9.920207,10.3644
HSPB6,13.611035,13.73515,10.603864,10.5187
CSAG3,0.122216,0.0,4.352997,4.3219
WIPF3,12.07487,12.25675,8.596038,8.7279
ANKRD22,1.681565,1.585,6.293593,6.5699
RP11-246E12.2,0.816545,1.0,4.472522,4.6439
FHL2,13.753313,13.8941,11.638989,11.7586
AC002398.12,7.133223,7.27675,4.029858,4.4436
PTCHD3P1,3.633173,3.9053,0.524672,0.0
CKS2,6.056866,6.0875,11.676863,11.6452
SERPINA1,6.752385,6.8392,11.677991,11.7834
RP11-60L3.6,1.071252,1.0,5.732104,6.0
RN7SL1,7.945088,7.7514,11.992797,11.8974
U47924.27,0.303181,0.0,6.972766,7.0112
VIM,17.047475,17.07825,15.548618,15.7031
CTD-2036P10.6,5.28195,5.33885,2.441981,2.585
KIF2C,5.194478,5.1084,10.818919,10.9416
LINC00313,4.674691,4.36165,2.37854,2.3219
RHBG,9.260978,9.57175,2.597687,2.585
MIR503HG,9.631539,9.90155,5.59537,5.6724
LL0XNC01-116E7.2,3.892652,3.95915,1.62698,1.585
RP11-800A3.4,3.879377,3.85715,8.448543,8.5353
SCNN1A,7.651672,7.4958,14.35413,14.5336
RP11-395N3.2,4.682859,4.72765,2.40043,2.3219
LL22NC03-N64E9.1,1.305422,1.51845,4.880801,5.2238
ADAM1A,4.35829,5.2728,2.092399,0.0
PRR15L,2.378965,2.3219,9.98436,10.1111
NPFFR1,3.291117,3.3219,8.365372,8.6073
CLDN9,1.338731,1.585,9.144594,9.2808
ADGRB3,6.073425,6.0224,2.60529,2.3219
NBL1,14.266834,14.3233,12.316097,12.4032
FCHO1,6.765987,6.858,10.992069,11.1319
ZNF849P,0.780728,1.0,4.264395,4.5236
TFAP2A,3.72732,3.7004,9.824919,10.2015
CTD-3074O7.11,0.273607,0.0,3.745774,5.0483
RP11-455O6.9,3.01354,3.0,0.76104,0.0
ADGRF1,0.921577,1.0,7.678456,7.9189
RP11-303E16.2,3.28032,3.3219,7.610996,7.5699
RP11-564D11.3,0.556878,0.0,4.303664,4.4594
GATA6-AS1,9.234467,9.332,5.839167,6.0224
BASP1P1,0.112578,0.0,4.093248,4.1699
GALNT15,10.332194,10.1594,6.178136,6.1898
PROX1,9.272381,9.32075,4.985674,5.0
YWHAEP7,0.131648,0.0,3.458912,3.585
PER1,13.889702,14.0157,10.652654,10.6644
ZBED2,1.409108,1.0,9.770522,10.0782
LCN10,8.855159,8.89085,6.089681,6.2479
RP11-323N12.5,0.0,0.0,8.57468,8.853
AC137932.4,7.673802,7.65285,4.970902,5.1647
LAMB3,5.975866,5.9307,11.6698,11.8431
LINC00473,9.97365,9.9487,2.065356,1.8875
RBM5-AS1,6.848758,6.9694,4.115238,4.3219
KLHDC7B,1.458989,1.585,7.413339,7.4263
CTD-2034I21.2,0.056818,0.0,4.019722,4.3219
IL18,5.190493,5.1084,9.383335,9.5078
RP11-164J13.1,9.22557,9.26385,6.357288,6.5514
DIRAS3,10.488019,10.52795,7.009518,7.0
GAL3ST3,2.248801,2.16095,7.307947,7.8704
RP11-1000B6.7,6.691491,6.67945,3.570877,3.7004
LINC01139,4.426073,4.5543,9.221608,9.5755
TCEAL6,6.930216,7.0748,1.396427,1.0
CTD-2527I21.5,4.56044,4.52165,2.256025,2.0426
TLR7,2.919101,2.8074,7.524276,7.6724
RP11-182J1.12,7.277198,7.32425,3.678461,3.9155
RP11-171I2.3,3.664778,3.8074,0.794343,0.0
PABPC1P7,3.370981,3.4594,1.037728,1.0
ALDH3B2,1.669947,1.585,10.967835,11.4163
SDPR,10.682165,10.67905,7.612515,7.585
LINC01237,5.324444,5.4093,3.187826,3.3219
RHPN1-AS1,1.418432,1.585,7.962898,8.1033
UBAP1L,9.963242,10.0327,7.388439,7.4998
AC011516.2,3.29946,3.585,0.979426,0.0
SLC9A4,0.975099,0.0,7.227743,7.4094
NINJ2,3.750749,3.7174,8.300062,8.4063
LAD1,3.50269,3.1699,11.846166,12.0014
TRHDE,8.698278,8.69065,4.476208,4.1699
CA9,3.606082,3.4581,9.119153,9.2282
RP11-464F9.1,6.564122,6.66185,4.541423,5.5135
RP11-496D24.2,0.356136,0.0,4.185834,4.3219
TNFAIP6,2.91472,2.585,7.09736,7.3129
RP11-228B15.4,9.994278,10.00755,6.898109,6.9588
FHL5,7.234707,6.8826,3.276893,3.3219
CXCR3,1.679269,1.585,6.600246,6.8202
MAPK10,9.440447,9.53135,6.842012,6.8826
LINC00924,8.33888,8.445,3.697646,3.9069
CASC15,8.640697,8.8746,6.084326,6.1898
AGRN,10.072323,10.1163,15.14007,15.2787
RP11-320G24.1,6.304992,6.31055,3.164992,3.0
C12orf56,1.699356,1.585,7.403521,7.7004
ZFPM2,10.909469,10.9505,8.677811,8.676
C1orf132,9.895993,9.90005,7.658173,7.7814
ZNF638-IT1,5.104751,5.2095,2.571065,2.585
PTPN6,7.212676,7.1799,11.455936,11.5008
TMEM63C,3.514518,3.1699,8.278138,8.3917
RP11-44D5.1,3.532492,3.6954,1.265876,1.0
RP11-554I8.2,0.349305,0.0,4.747385,5.0875
RP11-384L8.1,2.352143,2.3219,6.334542,6.4263
PLA2G1B,5.739145,5.75465,2.634108,2.585
KLF2,12.179648,12.36155,9.594789,9.5999
CASC5,3.554197,3.5222,8.754958,8.8202
UHRF1,4.238305,4.11455,9.874429,9.9274
PTH2R,0.962706,1.0,7.937165,9.0928
MAOA,11.565278,11.74845,8.543601,8.4998
TRIP13,5.949248,6.0454,10.733957,10.8156
RP11-260M19.2,3.977238,4.0875,1.389646,1.0
XPNPEP2,6.09346,6.0977,3.519973,3.4594
MUC15,1.111547,1.0,6.678775,6.858
CCDC39,9.152608,9.2485,5.575283,5.4919
SLC22A3,10.46157,10.5157,4.602574,4.4594
RP11-395N3.1,4.151348,4.2479,0.816388,0.0
AC092881.1,3.833607,4.04375,1.625367,1.585
C2orf88,6.928399,6.983,11.067481,11.2491
RP11-97O12.5,3.203469,3.4848,7.466536,7.358
LINC01272,3.297542,3.39065,7.428768,7.5392
RP11-788M5.4,5.240991,5.23555,1.819726,1.6554
MAP3K5,12.312886,12.244,9.156184,9.3106
GJD3,0.567558,0.0,4.566969,4.8094
RP11-767I20.1,3.026023,2.6962,0.699389,0.0
HMGA2,4.820022,4.6741,9.687539,9.9238
CASC9,0.52498,0.0,4.900893,5.9307
KCP,2.33975,2.0036,7.456633,7.2676
CELF2,11.742442,11.7651,9.663764,9.7632
IGSF9,6.11685,6.1392,12.062434,12.2375
RP1-34H18.1,3.745216,3.8074,1.425661,1.585
CTD-2510F5.4,0.514169,0.0,4.786122,4.9069
PAX8,6.651375,6.71955,14.325238,14.6117
FAM189A2,10.877102,10.8494,7.403246,7.4009
PGC,5.634652,6.1084,1.167509,1.0
DLK1,12.874625,13.1588,4.933669,3.8074
RHPN2,6.869077,6.9829,11.976292,12.0303
GPR39,1.281578,1.0,8.195281,8.3525
PLS1,4.328873,4.3923,10.25146,10.4242
ANGPTL5,8.13634,8.388,1.21684,1.0
SOX9-AS1,0.931857,1.0,5.32952,5.3923
HPCAL4,7.170268,7.4008,4.340154,4.1699
MAPK15,5.577077,5.53705,10.651203,10.7022
RP11-244F12.2,1.064151,0.0,5.134844,5.4992
E2F8,1.531607,1.585,9.299226,9.3487
E2F2,2.275992,2.0,9.30397,9.3987
PI16,5.196724,5.0222,2.961607,2.8074
ATRNL1,9.560335,9.86555,5.418076,5.3576
LRRN4,3.026759,2.6962,7.890738,7.8887
MYBPHL,0.624168,0.0,4.183303,3.7004
PAK6,4.470285,4.78765,9.129224,9.402
KIF11,5.318139,5.2287,11.0112,11.117
MASP1,7.254702,7.28075,4.647235,4.6439
DRC1,1.097402,1.0,5.715168,5.6147
DHFRP1,2.12484,2.61685,6.731824,6.9683
NR2F2,14.042193,14.11485,11.93091,12.0081
COL4A4,8.535958,8.5353,6.202558,6.2288
C10orf91,0.451248,0.0,5.694264,5.7004
LINC01554,5.199183,5.2479,1.441202,1.585
RNA5-8S5,6.318914,6.2714,10.674757,10.5596
SERINC2,4.932991,4.9542,12.433314,12.5365
INHBB,6.269393,6.1598,10.354484,10.545
FAM167A,2.11543,2.0,7.539694,7.6865
SERPINB2,1.809251,1.585,6.450794,6.6582
LINC00908,7.587206,7.5999,5.238052,5.3576
NR0B1,6.676794,6.7944,3.260542,2.8074
MYLPF,2.992638,2.8074,7.25107,7.3129
TYMSOS,1.824667,1.585,6.1398,6.1085
DMRTC1,4.443215,4.57555,1.629215,1.3219
RP11-295M3.4,1.95129,1.585,10.057388,10.3309
DNAH5,2.323117,2.3219,7.252486,7.3309
CXCL17,1.244432,1.0,9.875415,10.032
CSPG4P11,9.10743,9.25335,6.105918,6.2436
PALM3,2.831314,3.0,8.912729,9.2021
C1QL4,0.673076,0.0,6.866056,6.9773
AC084219.3,5.495249,5.6777,3.114499,3.441
ZWINT,5.727072,5.7414,10.747089,10.7969
AASS,11.718075,11.6928,6.821579,6.9542
FLRT2,11.836935,11.8733,8.6453,8.8796
RHPN1,6.841184,6.72765,11.364795,11.4388
LHX9,8.621109,8.58115,4.571967,4.6439
CEACAM6,2.176284,2.3219,6.495061,6.7004
ISG15,7.06781,7.0607,12.508153,12.6768
EXO1,3.207508,3.1699,9.040257,9.0928
APELA,0.521939,0.0,4.036362,4.1699
MAPK12,10.218932,10.25815,7.811628,7.7787
THEMIS2,7.083959,7.25265,11.282964,11.4099
RP11-389G6.3,5.56477,5.8826,2.424765,2.3219
SMOC2,12.718465,12.7713,10.139607,10.2819
HLA-F-AS1,7.206672,7.185,5.178065,5.2273
FOXL2,11.100009,11.45635,5.650989,5.9542
RP11-408H1.3,0.47902,0.0,4.573393,4.6439
GTSF1,1.953155,1.585,5.673454,5.0444
RP11-218E20.3,1.204549,1.0,4.831151,4.9069
RAB3C,5.323425,5.24745,2.317364,2.3219
RP11-64K12.8,3.713922,3.86045,1.296406,1.1763
RIBC2,2.734124,2.9037,7.435159,7.4179
SLAMF9,0.182692,0.0,3.830133,3.9069
KRT8,7.670583,7.68055,16.120958,16.2363
CTD-2171N6.1,0.304908,0.0,4.261719,4.0875
ETV4,3.194099,3.1699,11.488355,11.6439
EDN2,1.463991,1.0,7.666467,7.7879
PRELP,13.80602,13.80335,11.080535,11.2276
RP11-615I2.2,9.364684,9.44165,5.834367,5.8629
RP11-395I6.3,6.825477,6.8327,4.492784,4.585
RP11-386G11.10,7.894932,8.3418,5.110055,4.6363
SCGB1D2,1.161609,1.0,9.233452,9.3264
CTC-260E6.4,3.450209,3.4594,7.905942,8.021
CITED4,8.023492,7.98,12.375128,12.3851
OR7E12P,4.894393,4.97105,1.718347,1.5898
BAIAP2L1,6.702138,6.6483,11.841049,11.9788
KCNN4,4.582601,4.7004,8.935447,9.1033
LKAAEAR1,0.537102,0.0,4.923903,4.9069
ATP2A1-AS1,1.445261,1.585,5.582941,5.5106
RORC,4.001216,4.0,9.622962,9.8533
PIWIL2,7.199152,7.2192,4.19194,4.2479
NOL4L,8.462485,8.4429,12.470114,12.5696
DAW1,0.684388,0.0,4.412294,4.4594
RP11-259P15.4,4.392922,4.5236,0.577773,0.0
EHF,2.400236,2.0,11.388107,11.6896
UCA1,1.100165,1.0,9.336021,9.3465
CTRC,3.867993,4.1699,1.73383,1.585
DUSP26,9.106381,9.23435,3.657158,3.4594
RP11-1280N14.3,7.0669,7.1727,5.065808,5.5081
CCDC183,7.989825,8.10805,5.680904,5.7255
RP11-495K9.3,4.229026,4.3808,1.762569,1.0
KLK11,4.698551,4.6439,11.532974,12.006
PHYHIP,8.213484,8.0279,4.973147,4.9069
RGAG1,6.038323,5.9771,3.195942,3.0
KLRG2,0.543024,0.0,7.467538,7.5078
RNA5-8S5,6.318914,6.2714,10.674757,10.5596
DEFB1,1.392712,1.0,9.422675,9.7912
PROM2,7.256451,7.1799,11.639444,11.9278
ACOXL,1.519183,1.585,5.380347,5.4263
PADI3,0.345026,0.0,3.778742,3.3219
S100A14,4.37179,4.1699,11.248588,11.3619
OVOL2,0.700824,0.0,9.741591,9.9024
KRT87P,0.097557,0.0,3.61438,3.7049
DENND2A,10.556057,10.566,7.43728,7.3309
FXYD2,7.332966,7.34595,4.64992,4.6859
CCDC36,7.437807,7.6292,4.391569,4.5236
WSB1,13.612847,13.63165,11.480288,11.6087
C1QBPP2,0.805212,0.5,4.463306,4.6206
OAS2,6.931244,6.7814,12.074977,12.2559
AC009238.7,0.069261,0.0,3.724353,3.858
NMU,0.989645,1.0,9.152131,9.2761
GRIA1,3.854244,3.9069,1.450806,1.0
LYPD6B,2.699612,2.585,11.091434,11.1468
CTD-3035K23.7,9.415925,9.4583,4.934155,5.0609
PLA2G2D,0.970067,0.0,4.823544,4.7004
RP11-407B7.1,1.043298,1.0,5.004302,5.0444
AL035610.1,1.406685,1.0,6.088955,6.2668
TSPAN15,6.28394,6.1084,11.446979,11.4686
CES1,9.404091,9.49355,6.202286,6.4429
ERICH6B,4.263511,4.3579,2.069336,2.0704
RP11-3B7.1,5.782209,5.93055,3.044958,3.1699
PGR,11.207022,11.20735,7.485395,7.4324
FGF7,10.193881,10.08525,6.748482,6.7992
RGN,9.325735,9.31285,7.196725,7.3923
CPA1,6.294131,6.7682,3.949528,3.7004
SAMD12-AS1,0.260511,0.0,4.371519,4.3923
OR7E91P,0.079545,0.0,3.478209,3.4594
SCGB2A1,0.649278,0.0,10.584819,10.6457
IGKV1-39,0.429373,0.0,4.025511,4.0197
ALPL,6.956441,6.9542,12.029486,12.1082
CTD-3064M3.7,7.179124,7.02785,4.65702,4.6439
RP11-5O17.1,2.139825,2.3219,6.293958,6.3087
CDH18,0.914018,1.0,4.419545,3.9069
RP1-34B20.4,0.591732,0.0,4.18266,4.1699
TFAP2C,3.829658,3.7539,10.455276,10.8074
SMIM24,2.048319,2.0,6.641039,6.4594
RN7SK,7.367722,7.2758,12.563635,12.6015
SCARNA7,1.211582,1.0,6.383545,6.4757
RP11-89K21.1,0.172386,0.0,5.620452,5.4263
HIST1H3J,0.056818,0.0,3.295023,3.3219
ACSM3,13.140909,13.19055,10.009849,10.0584
SLC26A9,1.866422,1.585,6.908685,7.0768
ABCA6,11.327136,11.4808,5.677842,5.8329
PTPN5,6.573301,6.5314,3.950183,3.8074
FAM81B,0.886081,0.5,5.650848,5.6439
ST6GAL1,9.184111,9.1434,13.320321,13.3933
GABRG3,0.5833,0.0,5.622177,6.0444
DTL,3.459823,3.1699,9.736365,9.7532
ACTA2-AS1,8.504469,8.39775,6.244583,6.2307
IFI27,9.056099,9.0607,14.297068,14.6594
ACAD11,11.522823,11.5109,9.502919,9.6191
RP4-800G7.2,9.989875,9.99155,7.509108,7.6368
RP4-539M6.19,2.735067,3.0583,7.049294,7.2161
SLC43A1,10.079085,10.1065,7.970603,8.0334
NR2F2-AS1,8.731195,8.7489,4.10547,4.1699
INMT,9.008577,9.0306,6.350917,6.2854
SLC2A3P2,4.422027,4.585,2.130234,2.0
RP5-1024C24.1,0.564957,0.0,4.762205,5.0
ATP6V1B1,5.50134,5.37495,12.928856,13.3009
EMILIN1,13.455594,13.477,11.092089,11.1812
CYBA,9.181456,9.16365,13.699764,13.7184
SYK,6.195998,6.17985,11.850296,11.9509
RP11-706O15.5,2.519124,2.6924,6.754456,6.812
TMEM102,3.883497,3.8074,9.792967,9.7814
UBE2C,3.069232,2.585,12.087158,12.179
ALDH1L1-AS2,6.849133,6.95245,1.541484,1.585
SLC7A14,4.846983,4.85715,1.320888,1.0
LINC00337,0.174318,0.0,3.756487,3.7004
CDCA5,4.969133,4.9069,10.784884,10.8439
RP11-603J24.9,0.032455,0.0,6.614446,8.1369
PLA2G2A,11.61157,11.80175,5.759571,5.6439
ICOSLG,5.585223,5.52355,9.820352,9.8731
CTD-2020K17.4,1.565561,1.585,6.269676,6.3923
ANOS1,4.9527,5.1699,9.116483,9.2969
RP11-96C23.13,6.735659,6.893,3.730398,4.0704
INA,1.407553,1.2925,7.140012,7.1189
LINC00304,6.095133,6.1497,1.093065,1.0
XIRP2,3.464164,3.4594,0.835614,0.0
CTD-2311M21.3,8.443568,8.7889,3.045816,3.0704
SOX11,0.656328,0.0,6.336323,6.1497
CENPW,5.171298,5.1293,9.460099,9.388
RP1-182D15.2,2.796602,3.0,0.387733,0.0
ADGRG1,8.309586,8.24765,13.588826,13.66
ARSD-AS1,0.204617,0.0,3.570839,4.2257
HIST2H2BB,6.115823,6.3557,3.635231,3.8104
RP11-349F21.3,4.380381,4.48245,0.458197,0.0
SDR42E1,4.274776,4.3219,8.780544,9.1396
HIST2H3C,2.11294,2.1699,6.192999,6.1398
OR2W3,0.598884,0.0,4.555065,4.8074
RP11-326C3.2,3.240968,3.0,8.334728,8.8361
NRN1L,5.463966,5.5944,3.433414,3.4263
CD9,10.14348,9.9474,14.962184,15.053
LINC01359,6.64853,6.7073,3.939462,4.0875
VTCN1,2.761308,2.6962,11.743827,12.1399
LCN1,0.105931,0.0,3.314018,2.8074
CTSE,1.093051,1.0,5.676861,5.7279
PPFIA2,5.666082,5.7179,2.774561,2.8074
CLEC4M,6.625556,6.6582,2.692491,2.3219
UGT3A2,0.382727,0.0,4.228405,4.1699
RP11-96C23.11,7.277474,7.3796,4.492051,4.6473
LPAR4,6.375484,6.5546,4.19641,4.3219
KLK6,2.872305,2.16095,13.009643,13.2118
LINC00992,0.150759,0.0,3.424719,3.9069
KPNA2,7.800912,7.6297,12.996491,13.0469
PPP1R12B,12.469873,12.4019,10.134384,10.1635
PDGFRB,13.689803,13.66555,11.303127,11.3454
CASC8,0.324645,0.0,3.895391,3.9069
KLF5,7.636795,7.6545,12.537121,12.6845
LHCGR,6.337364,6.5849,2.151405,2.0
MFAP5,3.73803,3.1699,9.826594,9.9844
TAS2R19,4.374285,4.42585,2.161001,2.3219
IDO1,2.939441,2.8074,9.261205,9.4533
COL23A1,3.823155,3.7539,9.047108,9.2691
GINS1,5.30499,5.37495,10.02775,10.0928
AC092155.4,5.415047,5.6147,0.421453,0.0
TM4SF1-AS1,0.88965,1.0,5.267741,5.2854
REN,7.693419,7.58105,4.461899,4.1699
AMT,11.102001,11.06435,8.561766,8.6546
ABO,11.362357,11.50805,9.291448,9.568
GPRIN2,1.382739,1.0,7.040504,7.3487
MXRA5,8.862673,8.9566,12.934401,13.0627
RP11-588H23.3,5.834711,5.731,3.749159,3.4594
SERINC4,4.215502,4.3501,1.984348,1.9855
IZUMO4,9.525733,9.521,5.929109,5.9846
KLC3,2.349002,2.3219,8.12209,8.3164
RP3-329A5.8,8.058544,8.07415,5.545831,5.7279
C19orf81,1.507851,1.585,6.672886,6.7944
WFDC2,5.914286,5.5698,15.790566,15.8414
ZBP1,2.776693,2.6962,7.094182,7.3129
TMEM200B,10.670785,10.63665,7.466729,7.567
SLC12A5,3.898482,3.90495,8.147896,8.1847
DBH-AS1,6.782248,6.7748,4.2463,4.3923
CAMK2A,4.911105,4.9069,2.705298,2.8074
LINC00239,0.366947,0.0,4.091064,4.2479
ESR2,8.631955,8.7065,5.365798,5.4219
FLNB-AS1,7.092562,7.0993,5.085694,5.1611
GSTA9P,0.254459,0.0,3.621046,3.4594
CLDN11,12.166034,12.30025,8.93061,9.0
SPIB,1.375592,1.0,5.204135,5.1699
COL4A3,8.923782,9.04665,4.694477,4.6439
RSPO3,4.132923,3.7539,8.058528,8.4919
RP11-73M18.2,1.223959,0.0,8.128503,8.9298
MELK,3.118149,3.1699,10.134914,10.1712
C2orf48,0.486469,0.0,4.879566,5.0
TTC39A,3.782001,3.7004,9.491581,9.5887
PDGFD,11.632426,11.63595,8.959595,8.9915
RP11-605F22.1,0.080348,0.0,3.524446,3.6017
RP11-689P11.2,8.187169,8.26915,4.279832,4.3923
C19orf33,4.635144,4.5722,12.16275,12.3016
RSPO4,3.800323,3.95345,7.899782,8.4512
RIPK4,2.867326,2.70485,10.534878,10.7279
CHRD,10.947266,10.94285,7.065425,7.1497
RP11-579D7.8,4.037181,4.1699,1.71875,1.585
TRIM15,0.206477,0.0,4.01999,4.0875
IQGAP3,3.589594,3.3219,10.648508,10.7723
ADAMTS1,15.277989,15.2079,12.027276,12.1466
GNB3,9.052447,9.04185,5.762903,5.8181
KIF26A,8.93212,8.9263,6.589615,6.4263
AC084219.2,4.726944,5.1547,1.885034,0.0
CES5AP1,6.685047,6.7682,2.773466,2.585
FOXM1,5.799355,5.90205,12.250289,12.3408
SNORD15B,0.542486,0.0,4.021736,3.7004
RP11-465N4.4,3.421297,3.4594,7.70461,7.7676
PCDHAC2,2.507478,2.645,6.529003,6.7054
LOR,3.231209,3.3219,0.816604,0.0
RP11-841O20.2,1.985059,2.073,6.454146,7.1021
CTB-171A8.1,1.918428,2.0,5.671999,5.5546
LINC00491,0.240311,0.0,4.32039,5.0875
RP11-45M22.4,4.668345,5.06265,1.390653,0.0
AOX3P,3.889733,4.0,0.434178,0.0
TRAC,4.572291,4.4594,8.586904,8.8455
BMPR1B-AS1,1.192495,1.0,5.157572,5.3576
BCL2L14,1.029161,1.0,6.700385,6.8455
SDS,3.60476,3.5222,8.680325,8.7879
ARMC3,0.848726,0.0,7.679265,7.7347
CYP24A1,0.426974,0.0,4.543695,4.0875
CNR1,7.679248,7.2479,4.852738,4.7549
GREM2,7.992043,8.2166,4.15892,4.3923
TYMS,6.667648,6.7768,11.05627,11.1235
EGFR-AS1,3.576277,3.59335,1.178649,1.0072
PAX2,1.203997,0.0,6.203455,5.3219
KAAG1,0.576564,0.0,5.845252,5.9338
CD52,3.879156,3.7539,8.924739,9.1007
PDE1B,10.260308,10.28475,7.90156,7.8704
TMEM169,2.79341,2.8074,6.69433,6.7549
ELF3,5.022225,4.7004,14.121053,14.326
RP3-430N8.10,0.457751,0.0,4.360323,5.0648
PRR5-ARHGAP8,1.623572,1.0841,6.448282,6.5317
UCP2,6.833333,6.8455,14.548745,14.5616
HERC2P2,12.51682,12.57025,10.471707,10.6881
GOLGA8T,4.652445,4.8343,1.317223,0.0566
CSPG4P5,7.299385,7.38055,2.353725,2.278
AC003104.1,3.67562,3.585,1.256866,1.0
CTC-366B18.2,0.399917,0.0,4.590468,5.0193
HLA-DPB2,0.439545,0.0,4.22512,4.2479
FP325317.1,3.416735,3.25625,0.954671,0.0
TNNI3K,5.456523,5.63005,3.290891,3.2479
ADAMTS16,9.445799,9.64205,6.108081,6.0661
ABCA9,11.702075,11.81745,5.682018,5.7417
GOLT1A,1.378486,1.585,7.189293,7.375
RP11-245J24.1,0.374997,0.0,4.140943,4.0875
NRG2,8.698326,8.7448,6.576728,6.5699
RP11-182J1.14,6.154423,6.2571,2.133379,2.3219
CBLC,1.478894,1.2925,10.367207,10.568
LRRIQ1,3.171044,3.2459,7.220461,7.4594
HMMR,3.477053,3.4594,9.957978,10.0993
RP1-223E5.4,2.697136,3.16745,7.123524,7.0697
PDZRN4,7.403589,7.29915,4.52861,4.6439
USP43,3.453572,3.4594,8.449708,8.5275
TROAP,4.885816,4.858,10.822392,10.9184
LRRC55,1.625864,1.585,7.94301,8.1599
RP11-333E1.2,5.45431,5.4594,3.381575,3.4594
PTGER1,1.339733,1.0,6.828134,6.7004
ENPP6,8.403286,8.5906,4.202638,4.0
DCT,5.703016,5.7414,3.127501,3.0
ITGB6,2.306119,2.3219,9.45602,9.5774
RP3-416H24.1,1.066906,1.0,7.629559,7.8229
ECT2,6.263778,6.2288,11.886376,11.9527
ALB,5.901559,6.0334,3.749713,3.9069
ZIC2,1.022594,1.0,4.979834,4.0
IBSP,0.195114,0.0,5.534333,5.6147
RP11-489G11.3,2.98655,3.0,0.558255,0.0
PTPRD,10.9719,10.9454,7.007254,7.0875
TNNC2,6.308287,6.2479,4.2165,4.1699
RNA5-8S5,6.318914,6.2714,10.674757,10.5596
MYL1,2.713669,2.8074,0.219567,0.0
CTD-2114J12.1,0.280186,0.0,5.403412,5.5632
P2RY6,3.477765,3.3219,8.73681,8.8424
LINC00629,3.88961,4.0,1.815759,1.585
CNNM1,7.829703,7.9247,4.448627,4.3923
HAND2-AS1,10.447741,10.68845,4.251938,4.4067
CNRIP1,10.55906,10.5754,7.92732,7.9009
RP11-815M8.1,0.097557,0.0,3.659609,3.4594
IL2RB,4.35074,4.4915,8.797017,9.0715
ACTL8,0.692025,0.0,4.57175,4.3923
AC013264.2,0.301589,0.0,3.554858,3.3219
SLC26A10,8.697913,8.6127,5.459127,5.5699
PRDM16,7.939325,7.9887,5.107538,4.858
CTD-2240J17.2,3.540266,3.7004,1.168421,1.0
CTD-2033D15.2,5.983449,6.1291,3.068216,3.1699
RP4-669P10.20,5.656231,5.67215,3.185197,3.3219
TMEM171,0.988032,1.0,5.169171,5.2095
FUT3,1.737716,1.585,7.047125,7.2745
ABCA8,12.59798,12.6274,6.126379,6.2095
RP11-357H14.17,0.390844,0.0,4.347571,4.0
EPHA10,1.629158,1.585,5.828753,6.1699
F3,12.18269,12.374,8.941085,8.9396
FOXN4,1.037831,1.0,4.973886,4.858
NHLRC1,3.452043,3.5222,7.540776,7.6582
RP3-402G11.25,5.318498,5.30365,3.267836,3.3219
IGFL1,0.361098,0.0,3.726957,3.8074
SMPDL3B,1.786824,1.585,11.320981,11.4231
CTD-2536I1.3,4.504852,4.3923,0.689652,0.0
SRMS,0.640249,0.0,4.348768,4.5236
RNU1-28P,1.852852,1.7287,7.52798,7.3902
KLHDC8A,13.690968,13.95465,8.924526,9.1774
ALK,2.785349,2.8074,6.767023,6.9425
BBOX1-AS1,0.48201,0.0,6.260672,7.0334
NANOS1,3.528352,3.4594,7.823555,7.8455
ITGB7,4.595936,4.56285,8.73466,8.8115
RDM1,0.566889,0.0,6.130322,6.1898
CAPN13,0.875452,1.0,8.636343,8.7347
RP5-1065P14.2,0.299318,0.0,4.109859,4.1699
TXLNB,8.750666,8.9164,6.158227,6.1699
HMGN1P18,3.127448,3.40935,0.397387,0.0
RNF43,5.919518,6.08405,10.759733,10.9131
GABBR2,1.139516,1.0,5.63326,5.3576
RNU1-2,1.852852,1.7287,7.577218,7.4487
CLDN22,0.895192,0.0,4.270663,4.8831
BHLHE41,8.719164,8.58085,13.477821,13.6788
RP11-999E24.3,6.786853,6.8703,4.451863,4.585
USP32P1,8.95889,9.9032,6.082728,5.9427
OVOL1,1.770275,1.6795,7.816407,7.9336
GOLGA6L5P,11.084927,11.19425,6.83075,7.031
RP11-742B18.1,0.086193,0.0,4.132477,4.3219
TDRD10,8.776845,8.74305,4.198538,4.1699
KCNG1,4.127427,4.1287,8.338646,8.4635
AIM1L,1.834016,2.0,7.872175,7.9129
HCN4,0.749765,1.0,5.007947,5.0444
KARSP2,3.116242,3.0,0.829696,0.0
RNA5-8S5,6.318914,6.2714,10.674757,10.5596
NCMAP,1.512232,1.585,6.576091,6.5999
E2F7,2.697703,2.585,8.266555,8.2854
RP11-622C24.2,4.752249,4.7004,2.670885,2.8074
RP11-392O17.2,6.084628,6.16975,2.796667,2.585
PLA2G4B,10.397578,10.31245,7.639504,7.82
GLOD5,0.190398,0.0,6.189875,6.4919
RP11-759A24.2,3.27343,3.39065,0.332953,0.0
RP11-286H15.1,4.359183,4.3571,2.225408,2.0
CYP11B1,3.588109,4.0,0.117422,0.0
RP11-53M11.3,0.670558,0.0,4.657196,4.7549
AMHR2,9.736077,9.99435,4.025636,4.0875
ENTPD2,4.99463,5.0444,9.399697,9.5098
HCAR1,3.709584,3.7004,8.759988,8.7846
RTKN2,4.136315,4.04375,8.803756,8.8673
PPP1R1C,1.053989,1.0,5.217239,5.0875
HLA-DQB2,2.238989,2.3219,7.433343,7.8153
HIST2H3A,2.11294,2.1699,6.192999,6.1398
PCDHGA3,7.976167,8.04135,5.381613,5.4323
NAV3,10.339322,10.3026,6.81107,6.9307
LINC01018,8.374697,8.5887,5.207649,5.3219
SERPINA3,11.679301,11.79635,9.01756,9.1244
RP11-465B22.3,1.881567,1.585,6.573078,6.6439
CDKN3,4.293789,4.3219,9.62156,9.6917
MAF,12.291767,12.315,10.25456,10.275
SKINTL,4.589582,4.61445,1.316097,1.0
IRF6,6.914918,6.82655,11.532053,11.621112
PLD5,6.273987,6.4836,1.353321,1.0
RP11-349F21.5,4.454407,4.5236,0.567294,0.0
AKAP12,13.588847,13.48395,11.029815,11.1319
CH507-39O4.3,0.78419,0.7398,4.351817,4.3923
PSD3,11.598839,11.72045,9.011342,9.1085
CENPU,4.987131,4.99545,9.590761,9.6193
LENG8,15.010955,15.0226,12.876463,12.9439
RP11-826N14.2,4.23693,4.4163,1.445561,1.0772
RAB9B,8.827417,8.87805,5.538275,5.5546
TRPC4,7.173214,7.262,3.597709,3.7004
AOX1,11.890653,11.9162,7.355049,7.4179
EPS8L1,5.354947,5.1699,12.162785,12.3041
CA8,3.722739,3.585,8.736295,8.9744
SMC1B,1.617252,1.585,6.32435,6.4919
CASQ2,6.803775,6.42385,4.642047,4.585
PTTG1,4.539633,4.4594,11.247095,11.3247
RP11-96C23.14,4.42775,4.53825,1.792705,1.7613
MARVELD2,3.28482,3.1699,9.925435,10.0251
YBX2,4.580476,4.4915,8.933578,9.0741
CR1L,0.413328,0.0,3.966528,4.0
TGFBR3,13.162477,13.0961,10.396559,10.4714
RP11-1391J7.1,6.869859,6.9773,4.712303,4.9069
ADAMTS9-AS1,9.97319,10.13965,5.130863,5.2095
RP11-90O23.1,0.415244,0.0,4.329055,4.4594
CLIC3,3.57761,3.585,9.181441,9.2668
SIAH3,1.283864,1.0,6.938628,7.2574
RP11-350N15.4,5.973918,6.0217,3.580338,3.6927
RP11-283G6.5,0.196115,0.0,8.297657,8.6178
GLDC,2.381193,2.585,10.126783,10.3161
RP11-416I2.1,0.268885,0.0,4.330697,4.5236
RP11-334J6.7,10.145543,10.43185,3.043915,0.0
GPR160,3.80882,3.95345,9.877278,9.9543
GOLGA2P9,2.808008,2.849,0.321642,0.0
CTD-3092A11.2,9.725381,9.62395,7.609704,7.7682
MMP13,0.022727,0.0,4.53228,3.8074
TMPRSS13,2.893902,3.0,8.060353,8.2336
CTD-2373N4.3,7.947569,8.014,3.900848,4.0
MTUS2,7.479708,7.4402,4.738456,4.7549
LINC00342,10.062697,10.03875,7.576894,7.6787
SNORD17,1.581106,1.585,6.115073,5.9773
ANGPT4,8.013307,7.9099,3.325572,3.1699
OXER1,8.238038,8.2312,5.231783,5.2479
RAD51,4.409872,4.3923,9.109762,9.1548
MAGOH2P,4.528392,4.6439,2.207021,2.3219
GRB7,5.056784,4.93055,12.464024,12.4903
RNU1-3,1.852852,1.7287,7.52798,7.3902
PHOSPHO1,2.904168,2.8074,6.966868,7.0
CXXC5,7.347694,7.3219,13.236772,13.356
WWC1,5.256318,5.1084,12.118531,12.3086
RP11-390F4.6,0.198068,0.0,5.962636,6.1955
ZIC1,2.043303,2.0,6.07955,6.375
SNX29P2,7.85208,7.9243,3.797508,3.9336
WDR17,7.502489,7.62205,4.999799,5.1293
CST2,0.185682,0.0,4.100607,4.0
FNDC4,10.477575,10.39175,8.180844,8.3219
ECM2,11.143601,11.2101,7.842474,7.9366
RP11-688G15.3,2.43048,3.02615,6.939432,7.1116
RHOV,3.295497,3.1699,7.64019,7.7347
SNAP91,6.181211,6.3571,3.94678,4.0
KRT2,4.072665,4.6439,0.552187,0.0
RP3-402G11.28,6.308192,6.3704,3.96447,4.0522
PDE6G,1.175645,1.2925,6.420825,6.1085
TRPV6,3.573169,3.5222,7.739289,7.9542
TAS2R20,5.923094,6.0224,3.514502,3.7004
POLR2J2,6.405624,6.46485,7.138873,7.2245
CTD-2311M21.2,6.642266,6.70375,2.90085,2.8074
LIPF,4.645136,5.0222,1.524099,1.0
SIX2,1.649724,1.585,6.17463,6.1699
PRSS8,3.505836,3.1699,13.197339,13.3918
MORF4L2-AS1,7.122293,7.28325,4.573838,4.7549
STC2,5.133228,4.9542,10.094212,10.2046
MAPK11,9.271844,9.25855,7.060749,7.0334
SPOCK2,9.205569,9.37605,13.246202,13.3153
AC009501.4,7.515257,7.579,4.397778,4.5053
TRIB1,7.543501,7.45115,11.83336,11.9099
BAHCC1,10.917032,10.917,7.992589,7.858
RP11-562A8.4,4.366764,4.385,2.28965,2.3646
GPIHBP1,7.743481,7.8106,5.618072,5.6724
RP11-680F8.1,2.946002,3.0,8.535363,8.6689
AGMAT,2.326545,2.3219,7.213119,7.2761
KIF23,5.954951,5.9188,10.514482,10.5887
PNLIPRP1,3.246101,3.585,0.468826,0.0
LRFN5,6.058319,6.0875,3.691192,3.585
TERT,0.23951,0.0,4.852042,4.9542
ATP2B2,3.061331,3.1699,8.68501,9.0056
FRRS1L,10.230801,10.47875,6.365081,6.6147
SFT2D3,0.039577,0.0,4.011837,0.0
FAM13A-AS1,8.56241,8.5984,5.440068,5.6053
RPS4Y1,3.246343,3.3219,0.033645,0.0
LINC00989,3.512438,3.3219,0.852409,0.0
MYO3B,1.046642,1.0,7.729678,7.8826
C7,15.882976,16.04895,9.420905,10.1459
SLC6A1,7.363953,7.3261,4.89117,4.9069
KIRREL2,0.809593,1.0,5.072388,5.0
FAM132B,2.162622,2.16095,7.768601,7.8202
AC006449.2,7.311598,7.3567,2.577252,1.144
HOXD1,3.820282,3.9069,9.092364,9.7101
CTRB2,5.398743,5.9811,1.774071,1.585
AC004540.4,1.872414,2.0,5.549269,5.6147
LDB3,8.107849,8.00245,5.764609,5.7549
RP11-627K11.6,2.289147,2.68255,6.940213,6.5636
ITGB4,8.62009,8.5307,13.494229,13.6864
CELA2B,2.73189,2.8074,0.470773,0.0
SOX10,4.409241,5.0501,0.626675,0.0
ADRA1A,4.395217,4.4915,1.218585,1.0
RP11-244M2.1,1.405115,1.585,6.045165,6.3038
CTC-439O9.1,7.18386,7.16975,1.664523,1.585
PART1,2.306572,2.3219,10.064976,10.5168
NR4A3,10.492256,10.59865,7.099499,6.9069
LAMA2,13.372618,13.47775,8.30948,8.3576
CDH16,1.102484,1.0,4.710902,4.3219
ZNF781,7.649589,7.6893,5.085956,5.0875
LRRC8E,1.759345,1.585,8.873729,9.0269
RP11-627G18.1,4.820424,4.83985,2.378476,2.4542
PTGFR,7.608676,7.53915,3.461091,3.585
RP11-44F21.5,0.902141,0.0,5.085835,5.2854
TCF23,10.465268,10.58635,6.658374,6.8455
THY1,8.384983,8.3438,12.986819,13.1811
GPRASP1,12.682803,12.73785,7.181845,7.2384
FAM13C,9.523118,9.6682,6.72547,6.7271
MYH1,4.038167,4.19955,0.527185,0.0
HOXB7,3.355166,3.1699,9.706255,10.0539
AC093642.3,6.955866,7.0112,4.160014,4.2479
DLX4,1.104144,1.0,6.293328,6.2854
PAK3,7.249161,7.19965,5.119717,5.2854
PKMP3,6.263189,6.3219,3.94215,3.9069
CHST4,1.534589,1.585,6.865292,6.858
RP11-483H20.4,0.29819,0.0,3.897594,3.9828
LINC00926,7.241924,7.18485,5.236766,5.2854
ANG,10.084309,10.14215,7.622169,7.6195
RP11-608O21.1,0.086193,0.0,5.532189,5.5546
HBG2,4.193726,4.07895,2.157022,2.0
SNCAIP,10.445477,10.5243,7.181097,7.3038
CD22,12.780419,13.0141,9.027937,9.1523
TUB,11.245315,11.23945,8.863896,9.0661
PI4KAP1,11.13939,11.2764,8.677713,8.6632
IGHV4-59,2.295623,2.07485,6.542793,6.4769
TTC22,4.721543,4.8074,10.327544,10.4757
LRRC37A9P,0.247216,0.0,3.638041,3.8074
LINC00899,9.58883,9.69085,7.188377,7.2761
RP11-617B3.2,2.466367,2.585,0.125496,0.0
TDRD5,1.712334,1.585,7.111376,7.4512
ERBB4,3.919645,3.9069,10.191975,10.5245
EPHX4,2.285505,2.3219,8.586045,8.6865
USP6,8.321586,8.316,5.97366,5.8595
CTB-12A17.2,5.040636,5.0,1.052156,1.0
PROM1,2.716063,2.8074,8.405641,8.4512
CXorf57,8.849072,8.90085,3.880284,3.8074
RP5-1172N10.4,0.335982,0.0,4.21961,5.0807
RHBDL3,7.598578,7.5736,4.649293,4.3923
LAMP3,1.907641,2.0,9.852628,10.014
RP11-256I23.1,4.964792,5.06385,1.227413,1.0286
RP5-981L23.2,4.651324,4.6439,2.299376,2.0
MAOB,12.532537,12.6416,9.326172,9.2946
RP11-713M15.2,1.835623,2.0,6.175149,6.2538
SCX,5.319303,5.30365,9.819375,9.875
FRMD6-AS2,3.651295,3.7004,0.260667,0.0
RP11-783K16.5,0.727882,0.0,5.791973,5.8209
RP11-752D24.2,7.190911,7.42615,2.045132,2.0
RP11-49C9.2,5.996951,6.0334,2.694788,2.8074
LAPTM4B,10.982845,11.01085,15.099539,15.1227
NUPR1L,0.842422,1.0,7.406408,7.8392
SHC2,10.025703,10.1762,7.86772,7.7211
S100A5,0.470647,0.0,6.061005,6.0875
VGLL3,9.945002,9.89405,7.504536,7.5925
ALPPL2,1.025836,1.0,6.827604,6.9429
BTBD11,2.445503,2.3219,6.839729,6.9658
TMEM88B,0.641975,0.5,4.589282,4.9069
NIPAL1,2.65848,2.585,7.920618,7.9773
PLA2R1,10.29967,10.35975,8.255517,8.4136
RP11-710M11.1,0.600048,0.0,4.431154,4.6124
KANK4,2.847011,2.8074,7.217443,7.1799
TRPV4,4.116776,4.0,8.335451,8.3966
CACNA1G,9.412524,9.4385,6.386886,6.5236
TCEAL2,10.640987,10.74005,6.686144,6.8455
OBP2B,1.316792,1.0,5.490449,5.5765
LINC01354,6.069688,6.2288,3.560524,3.4594
STX19,2.139422,2.16095,6.267123,6.5699
CCNB2,4.812192,4.6439,11.066012,11.1824
AC005517.3,4.958836,5.06595,2.763683,2.8074
RP11-243M5.5,3.45908,3.4594,0.393644,0.0
SPHKAP,5.747822,6.1497,0.833771,0.0
HAGLROS,4.368589,4.5308,8.929821,9.1733
RP11-469N6.1,4.758672,5.0,2.103642,1.585
PLEKHS1,1.258993,1.0,8.018485,8.3923
WNT4,9.642757,9.8985,7.526911,7.5925
NR1H4,8.353516,8.7345,1.719691,1.0
CHCHD10,7.394787,7.45355,12.586727,12.7343
SEC31B,10.571293,10.5886,7.654994,7.823
MT1H,0.790864,1.0,7.191297,7.0444
ARL4C,6.982706,6.8329,12.830927,12.9609
PDE10A,8.676857,8.611,6.662924,6.6582
ARHGAP11A,5.437149,5.4919,10.211676,10.2856
LINC01132,1.51609,1.585,7.903426,7.9307
CRB2,3.616661,3.7004,10.074083,10.2187
POU2F3,2.746088,2.585,9.413065,9.3794
LINC00092,6.82115,6.8455,3.416692,3.3219
FBN3,3.271557,3.1699,9.047505,9.3554
SALL4,3.425276,3.4594,7.715337,7.8887
ISM1,4.075103,3.8074,8.125557,8.3038
AC234582.1,1.917388,1.6816,9.752479,9.8925
CDK1,5.99609,6.0,11.387852,11.444
ERP27,3.49834,3.4594,9.992516,9.9024
PVALB,1.205237,1.0,4.985201,5.0
C20orf85,0.916033,0.0,5.220306,5.0
NUDT11,8.23864,8.1275,5.730239,5.7398
CXCL11,1.111564,0.0,8.573137,8.9484
RP11-796E10.1,0.034091,0.0,3.317244,3.7004
RP11-212I21.4,6.384523,6.29465,4.01598,4.126
ASPG,10.031238,10.12215,6.125937,6.2668
RP11-206L10.3,8.787833,8.8651,6.443793,6.5566
SLC17A3,3.271683,3.2459,0.777788,0.0
RIMKLA,3.278016,3.1699,7.619745,7.7814
CYP4B1,5.036178,4.8074,10.426706,10.6294
PMAIP1,3.807438,3.85715,8.767836,8.7682
CDCA8,4.725484,4.6439,10.681816,10.7805
IGKV2D-28,0.620775,0.0,6.119615,6.4118
LINC00574,4.224407,4.2479,1.852111,1.585
BANK1,3.09703,3.0,7.043847,7.6294
MYOCD,9.152808,9.1958,4.475526,4.2479
FAM64A,4.075824,4.11605,9.250532,9.2926
ESRG,0.812214,1.0,5.717292,6.0661
AC008992.1,4.695872,4.93055,0.181489,0.0
RP11-807G9.2,0.323033,0.0,4.168666,4.3999
RP11-1081M5.2,4.547408,4.61445,1.40941,1.0
CRTAC1,4.64713,4.3219,9.766337,9.9715
RP11-24N18.1,4.762959,5.1528,0.905553,0.0
FLJ33360,5.509947,5.6293,3.11697,3.0
MEOX1,3.2991,2.8074,8.442656,8.7142
THRSP,1.161568,1.0,6.319694,6.3399
FOLR3,0.749405,0.0,7.17461,7.4263
KIAA0101,2.663376,2.585,10.252195,10.2586
SLAMF7,3.851366,3.585,7.81817,7.9887
SYT5,1.426733,1.585,5.545081,5.4263
PARD6B,6.338715,6.3576,10.624544,10.7022
RP11-585P4.6,4.779177,4.858,2.525241,2.585
SHROOM3,6.653728,6.4838,11.925682,12.0529
AARD,1.776776,1.585,6.954304,7.0444
RP3-402G11.27,5.687288,5.7814,3.339551,3.4594
IGKV1D-33,0.103857,0.0,5.635193,5.605
ESCO2,1.982652,2.0,8.521798,8.5925
NEAT1,16.15765,16.0139,13.666886,13.7278
KCNB2,0.64066,0.0,4.483795,4.6439
RP11-10A14.5,1.066748,1.0,5.149946,5.0875
GSTM3,12.189022,12.18065,9.667594,9.66
LINC01063,0.477294,0.0,3.866743,3.9069
NTRK2,9.817041,9.81845,7.428702,7.4009
CD24P4,0.031227,0.0,3.418493,3.5632
PTAFR,5.264123,5.39195,9.785503,9.9469
GHc-857G6.7,6.249925,6.3663,3.654245,3.8074
MIR143HG,10.560565,10.36505,6.079409,6.2227
FRMD5,4.125026,4.2479,8.326494,8.4838
RP11-416A14.1,3.492589,3.6427,1.360697,1.0
EZH1,12.271013,12.30135,10.314435,10.4252
RP11-162P23.2,3.343709,3.8307,7.431486,8.388
CFAP126,0.630983,0.0,7.627522,7.7651
IGLV3-19,2.447276,2.0,6.260499,5.858
CXCL1,3.939198,3.585,8.173678,8.3264
LINC00511,2.21435,2.16095,9.301989,9.4115
CTD-2396E7.11,1.68157,1.7925,8.165004,8.2384
CLDN1,8.136486,8.0875,12.25587,12.3446
RP11-544L8__B.4,4.474697,4.4594,1.653893,1.585
HLA-DRA,10.064956,9.9741,14.908728,15.125
CP,4.598742,4.33415,13.981313,14.3323
CTD-3010D24.3,0.040739,0.0,4.769355,4.9069
FOLR1,1.901848,1.585,13.817109,13.9812
C19orf84,0.611674,0.0,5.620686,5.7004
CDCA7,5.203952,5.2095,9.811054,9.9629
USP32P2,8.40197,9.03485,4.7724,4.9625
NEFM,5.79411,6.04205,1.828021,1.585
LMNB1,7.257442,7.3174,11.532633,11.638
LA16c-380H5.1,0.161023,0.0,4.482284,4.5236
WDR38,1.007675,1.0,5.86136,5.7004
ENPP7P10,3.658352,3.8074,1.292997,1.0
CCL25,0.693019,0.0,4.837631,4.8074
NKAPL,5.08576,5.0875,2.817364,2.8074
MCIDAS,0.210135,0.0,5.033025,5.1293
WNT3A,0.284232,0.0,4.30244,4.1699
KCNF1,1.513853,1.585,5.428957,5.3576
HIF3A,11.747064,12.0099,9.694027,9.9026
SKAP1,2.961293,2.8074,9.408191,9.5868
CXCL16,8.719285,8.7125,12.919897,13.0683
EVA1A,3.679393,3.7004,9.366068,9.4179
C6orf223,0.531289,0.0,8.281267,8.3083
RASEF,4.418143,4.1743,9.401961,9.5098
FAM150B,10.024392,10.19345,5.684594,5.6439
F2RL1,3.885286,3.9069,10.07449,10.1459
CKAP2L,1.912427,1.585,9.32722,9.3945
RP11-508N22.12,6.439923,6.46755,4.420436,4.6439
SH3PXD2A-AS1,1.338618,1.2925,5.092224,5.0875
PCDH1,7.30673,7.0224,12.188903,12.3998
TRIM43,0.036382,0.0,3.451268,3.3491
PRDM6,8.391603,8.49175,5.874537,6.0106
SLC30A2,0.7099,0.0,6.883959,6.9773
CLSPN,2.1777,2.0,8.475525,8.611
RYR2,9.505851,9.4315,6.78816,6.6865
ACBD7,1.944757,2.0,6.963713,7.0553
SERPINA3,10.423559,10.5669,7.813656,7.8138
LRRN2,7.303707,7.2093,11.928681,12.0147
MUC16,3.605419,3.2459,14.918765,15.1898
PDK4,13.525944,13.5541,9.689239,9.7125
PCDHB19P,4.789498,4.85845,2.549997,2.5385
ENGASE,11.639648,11.60985,9.570011,9.6582
RP11-334A14.8,5.417128,5.3833,0.839159,0.0
MYB,2.278613,2.0,8.955527,9.0112
GTF2IRD2P1,6.00922,6.05525,3.983061,4.2048
MUSTN1,7.530044,7.38065,2.599853,2.4436
IGFBP5,17.299291,17.34275,13.819232,13.96
TMEM45B,2.60551,2.585,8.529975,8.6257
C6orf118,0.810364,0.0,4.674097,4.7549
CYP2S1,3.78772,3.8074,10.566089,10.7279
PLK5,3.864806,4.0,1.096396,1.0
GOLGA8IP,4.811362,4.6812,0.979254,0.0
PLEKHB1,6.556945,6.57725,11.457558,11.4974
APLP1,5.680278,5.585,10.249543,10.1861
TMEM150C,10.393642,10.4388,7.382115,7.4346
RP11-473M20.5,0.88518,1.0,5.201593,5.3309
PCAT7,0.19983,0.0,4.067581,4.2479
OR7E154P,4.376024,4.76315,1.972623,0.0
RP11-1060G2.2,3.782398,3.85715,1.623651,1.585
CLDN6,0.405065,0.0,10.679709,11.062
ARHGAP8,3.9242,4.1699,10.364166,10.4604
RBFOX3,5.187416,5.0875,3.104844,3.0
MTTP,6.467402,6.63515,3.929556,4.0
NPPA,4.946274,5.253,1.981197,2.0
RP11-106D4.2,5.214986,5.24745,3.121032,3.3219
LINC01296,5.19935,5.1631,9.863129,10.318
SNORA47,0.201761,0.0,3.706887,3.585
CTD-2332E11.2,6.020183,6.2479,2.615835,2.585
TSPYL2,14.503699,14.42275,10.079747,10.1396
LRRC17,10.752836,10.8581,7.453025,7.2903
RP4-813D12.3,0.097557,0.0,3.754767,3.9069
CTC-301O7.4,5.681007,5.7487,3.43851,3.4594
CYP2A7,3.674053,3.671,1.104163,1.0
HIST2H2AA4,6.634274,7.0573,11.184361,11.201
CHRNA1,0.861697,1.0,5.895966,5.8826
C1QL1,3.79909,3.8074,7.846936,7.7748
LSR,7.841074,7.9069,13.867525,13.9443
UCA1,0.0,0.0,0.002291,0.0
AC012123.1,0.546869,0.0,7.514073,7.6755
CCNA1,3.779201,3.8074,10.14538,10.4615
RNU1-4,1.852852,1.7287,7.577218,7.4487
LINC01088,6.376244,6.5312,3.22666,3.3219
LINC01186,0.629685,0.0,4.992707,5.0875
AC124789.1,2.222053,2.3219,6.567931,6.7142
ROPN1L,2.592201,2.585,6.555543,6.2668
PLEKHG6,2.736356,2.8074,9.193507,9.2288
CTD-2006M22.2,6.89713,6.95875,3.413435,3.5509
RP11-524C21.2,4.927906,4.8327,2.238008,2.3219
SYT8,1.266547,1.0,6.17268,6.1699
WFDC21P,1.383072,1.27065,6.179054,6.202
SLC16A12,6.081289,6.0222,3.23366,2.8074
UPK1B,1.031856,1.0,8.821208,9.0417
FAM153A,7.459614,7.54905,5.162658,5.2388
EGLN3,6.013409,5.78115,10.248703,10.3309
PCDHB1,0.636869,0.0,4.901131,5.2095
GSDMC,0.895319,1.0,5.89602,6.0661
MYCBPAP,7.821858,7.98015,5.209166,5.1293
TNF,1.471173,1.2925,7.773577,7.8948
CTC-490E21.11,6.740927,6.8391,4.755567,4.858
RP11-736K20.4,8.864864,8.9114,6.699626,6.7279
RP1-92O14.3,1.859068,2.0,6.705973,6.8202
CDH12,0.735162,0.0,5.072649,4.9556
TPPP2,3.685635,3.7004,0.954194,0.0
LRP2,2.296985,2.0,7.486276,7.3399
RP1-80N2.3,2.721578,2.8074,6.805432,6.858
RP11-433P17.3,4.389639,4.585,1.609384,1.585
POM121L9P,6.658553,6.54375,4.356151,4.4899
ANKRD36,10.268603,10.32405,8.22042,8.291
STARD9,11.884139,11.857,7.908609,8.0334
EMBP1,2.109153,2.3391,6.423507,6.4906
CDH1,7.118065,7.18485,13.418699,13.5904
GOLGA8O,5.836478,6.37615,1.94904,2.0841
KIFC1,6.195982,6.2668,10.820281,10.9144
RP11-395I14.2,4.064703,4.0875,1.188784,1.0
TCEAL7,8.972467,8.9365,5.823991,5.9069
XKR4,3.08547,3.1699,7.266507,7.7004
TJP3,2.688122,2.585,10.964999,11.1228
ADAMTS4,12.203695,11.9584,8.524037,8.5661
FRMPD1,1.286816,1.0,7.417822,7.6294
LRRTM3,5.056212,5.1897,1.313179,0.0
SKA3,2.455305,2.45345,9.497691,9.5868
EFCC1,8.458494,8.46965,6.404574,6.3576
RNF144B,7.045972,6.94835,11.280892,11.3276
CNTNAP1,10.892517,10.8962,8.397261,8.5288
RP11-325K4.2,6.292164,6.2912,3.707862,3.7908
TRHDE-AS1,9.321035,9.27435,4.145093,3.9709
PROK1,12.049783,12.1585,3.697249,3.3219
NUF2,3.956215,3.9069,9.68077,9.7863
HLA-DQA1,6.314681,6.328,10.877098,11.0749
LINC00707,0.977874,1.0,5.330345,5.585
RP11-565P22.2,0.0,0.0,4.297857,4.2479
ERN2,0.754502,1.0,4.565574,4.585
CD3G,2.054764,2.0,6.078396,6.375
PRSS33,0.431026,0.0,6.35237,6.2668
BHMT2,8.390394,8.37935,5.356252,5.4594
RP11-95I16.6,3.208405,3.39065,0.219331,0.0
PCSK2,8.938282,9.29445,5.145423,5.2095
ZBTB42,6.449348,6.4838,10.702093,10.7364
AL132709.8,4.813527,4.78115,0.88691,0.0
CTD-2555C10.3,0.43755,0.0,4.302821,4.3219
CEP55,2.712511,2.6962,10.576706,10.6978
MESP2,0.916492,1.0,5.885137,5.8826
COL27A1,12.343942,12.27245,9.71066,9.8202
ASIP,8.081293,8.46965,2.769378,2.8074
PTPRD-AS1,7.508586,7.4094,3.169341,3.1699
DPT,8.377193,8.4693,5.249386,5.1293
BLM,3.710857,3.585,8.768602,8.813802
AC019117.1,0.269943,0.0,6.379029,6.6865
PWAR5,7.249302,7.3557,3.797087,4.0
NPTN-IT1,7.053857,7.10845,4.818022,5.0
PLXDC1,10.979176,11.09,8.90265,8.8625
ARX,11.704173,12.01735,3.83631,3.0
HTRA3,12.032398,12.13555,9.481068,9.5333
CTCFL,0.915768,1.0,9.219565,9.6707
FMN2,7.193523,7.2574,4.175136,4.1699
PQLC2L,1.30128,1.0,5.559403,5.8329
RP11-388C12.8,6.639634,6.3302,4.171697,4.2479
GOLGA6L17P,5.265545,5.33185,0.781124,0.0
GPR141,0.929415,1.0,5.221873,5.2854
GRAMD2,3.513335,3.4594,9.205896,9.2946
CMTM7,7.089235,7.13175,12.34273,12.396
MMP10,0.629932,0.0,5.315264,4.9542
CRP,3.409018,3.6427,0.553949,0.0
WHAMMP3,8.301768,8.3253,4.887178,4.9896
FAM9C,3.979275,4.6427,1.522625,0.0
M1AP,2.51138,2.585,8.642194,8.9773
RP11-203J24.9,8.200022,8.1575,5.601786,5.8704
MMP12,0.236191,0.0,5.619316,5.6439
DAPL1,2.642175,2.585,10.627134,10.9193
FBXO16,4.118709,4.1699,8.46515,8.5654
FOXH1,1.769408,1.55335,6.249034,6.2135
GCNT3,2.368455,2.16095,6.498151,6.5236
PTPN3,6.170328,6.17985,10.397108,10.4564
AQP7,6.642452,6.6902,4.616258,4.4296
BUB1,4.523814,4.3923,10.852907,10.9643
CXCL10,2.809399,2.3219,10.743921,11.0369
KIF1A,6.569108,6.6294,11.24684,12.0192
KLF9,12.369741,12.58615,10.121702,10.2444
PRDX3P1,4.935708,4.88245,2.452972,2.585
CECR7,9.033012,9.25175,6.096962,6.375
SLC4A11,4.094342,4.2089,10.509085,10.8154
TYROBP,7.26492,7.3035,11.93635,12.1431
PKHD1,0.793135,0.0,6.066833,6.1085
CH507-338C24.3,0.78419,0.7398,4.351817,4.3923
CTB-50L17.14,9.156717,9.34085,2.926931,3.0409
RP11-616M22.12,4.994575,4.9771,0.499535,0.0
MYO5B,6.040933,6.0358,11.441058,11.5338
ZNF728,4.674117,4.6724,2.671844,2.3219
RP3-523K23.2,0.965736,1.0,4.951917,5.7004
MYH14,5.161478,5.0,13.076857,13.245
RAMP2-AS1,7.665091,7.7392,4.674436,4.5638
NPAP1,5.930299,6.3038,1.517116,1.0
RNF223,0.353606,0.0,4.438766,4.5236
UBE2T,4.029595,4.0875,10.453037,10.4696
DIO3OS,12.885964,12.86075,5.292592,5.3923
PPP1R14D,0.352089,0.0,3.800088,3.7004
RTBDN,0.281307,0.0,3.575845,3.4594
RP11-433P17.2,3.969074,4.1287,1.223019,1.0
RP11-354K4.2,4.753177,4.8327,0.18612,0.0
TNS2,13.774131,13.7558,11.803773,11.9189
KRT8P3,1.345556,1.5898,7.99098,8.0457
XAGE2,0.090909,0.0,4.280445,4.2479
RP11-597D13.9,9.037864,9.1884,5.076837,5.191
S100A11,10.352343,10.29735,14.988513,15.0579
KIAA0408,7.244776,7.35615,4.131523,4.2698
EFS,11.41876,11.41255,9.101555,9.2527
CTC-246B18.8,1.99423,2.09135,6.077575,6.2168
LAPTM5,8.866057,9.04425,12.926337,13.1277
XKR7,0.64066,0.0,4.644741,4.585
SCEL,3.030747,3.0,7.851346,7.9715
UBE2Q2P1,8.518155,8.65355,5.174971,5.2479
TCEAL1,12.024833,12.05385,9.722253,9.7807
OLR1,2.395673,2.3219,8.469097,8.633
ZNF483,7.42764,7.4998,5.067702,5.1293
ANK2,10.844763,10.7296,8.500452,8.5314
RP11-632K20.2,4.479369,4.66965,2.409777,2.4594
SPC25,3.653039,3.585,9.171866,9.2597
CELF6,9.745986,9.9081,6.704573,6.8833
CEMP1,7.098424,7.12865,4.261755,5.0224
SPRR2A,3.552283,3.3219,0.967461,0.0
SLC6A16,8.151414,8.23835,5.66148,5.7004
C6,8.329183,8.34615,3.834027,3.8074
SCRG1,4.908282,4.5236,2.700704,2.585
RP11-274H2.5,6.282519,6.2095,4.282927,4.3923
POC1A,4.823627,4.78115,9.69146,9.7432
NCAM1-AS1,5.161966,5.24435,1.206129,0.0
CTD-3193O13.11,1.636856,1.6826,5.877876,6.0783
IGHV3-33,2.265159,1.6962,6.007286,5.6418
LRRC70,7.200147,7.20605,5.022479,5.2095
HIST2H3DP1,4.968661,5.1689,1.534723,1.263
SYCE1,6.062816,6.32385,3.731065,3.4673
KCNT2,9.681576,9.77525,6.039966,6.0
AGPAT9,9.516116,9.4883,6.34216,6.3219
PDGFRA,14.165401,14.1829,9.731726,9.9944
PDZRN3,11.936251,11.9251,9.527117,9.6314
CYP4F11,2.941986,2.8074,8.474521,8.7977
FAR2P1,2.153224,2.0,6.031263,6.5968
LY6G6C,2.803318,3.0,7.960688,8.2046
CLDN10,3.781966,3.8074,10.010526,10.4688
LINC00844,4.464734,4.67215,0.387692,0.0
AOC1,1.437025,1.585,8.537573,8.7582
PHOX2A,0.328693,0.0,7.495568,7.9887
IL1A,0.758497,0.0,4.328872,4.3923
ASS1,10.786077,10.81765,14.968335,15.0446
PLEKHH2,11.912398,12.01485,8.219413,8.2095
RP4-616B8.5,0.256391,0.0,3.596875,3.7004
CTB-55O6.8,4.723831,4.7004,9.844659,9.9009
APOC4-APOC2,2.921177,3.0963,7.857034,8.0211
RP11-1100L3.8,8.452181,8.6079,4.234981,4.2802
GABBR1,12.804067,12.74405,9.572528,9.7879
RPL36AP43,3.641628,3.8074,1.228947,1.0
KLHDC7A,0.460664,0.0,4.519911,4.6439
ESRP2,4.954924,4.8615,10.846423,10.9072
LYPD6,4.935873,5.0,9.652881,9.676
GRHL2,2.232416,2.0,10.911887,11.1299
RP11-498E2.9,0.191709,0.0,3.72304,3.8074
HIST1H1B,0.143011,0.0,4.200574,4.2479
SYN2,7.486009,7.6073,5.486781,5.5546
FTLP14,0.395325,0.0,4.339731,4.3923
DSC2,5.803289,5.70015,11.812584,11.9805
MEG3,16.637328,16.7225,9.643462,9.7863
HID1,7.621722,7.69,12.62204,12.7574
CTC-250I14.3,0.794525,0.0,6.87575,7.2018
RP11-3K16.2,0.022727,0.0,4.071751,4.2479
NID1,13.061824,13.03315,10.770401,10.8273
PKIB,3.052555,3.0,7.593196,7.6294
RP11-722G7.1,8.425145,8.4663,5.473637,5.5744
NEGR1,8.526823,8.46145,5.730851,5.7814
LYG2,0.521023,0.0,4.164386,4.1699
HTR1E,5.079676,5.3923,2.206441,2.0
FIGF,6.971001,6.83285,2.800483,2.8074
ZSWIM5,9.746905,9.90085,7.080128,7.2288
MECOM,7.327957,7.27145,12.483956,12.6133
HS3ST6,0.497032,0.0,4.333476,4.585
AC005538.3,2.103968,2.6592,5.966097,7.425
WNT10A,2.425585,2.585,10.762114,11.2372
RP11-693N9.2,8.360997,8.50185,5.69276,5.7549
TMEM190,0.840734,0.0,4.578605,4.3045
AC005154.7,6.518761,6.59675,3.776798,3.9681
IGFBP1,7.197195,7.53815,3.328645,3.1699
GGH,6.368266,6.3309,10.66385,10.783
GSG2,3.092268,3.1699,7.736762,7.8265
SFN,4.211897,4.0875,10.266891,10.4939
KIF20A,3.143283,2.8074,10.995755,11.1299
RP11-361L15.5,7.86094,7.95395,4.061378,4.1185
MICU3,9.179157,9.1886,6.889599,7.0224
KDF1,1.987517,2.0,10.433347,10.5372
RPL23AP1,5.84252,5.94885,2.763929,2.8972
RP11-147L13.8,6.064986,6.1497,3.917617,4.0875
ZIC4,0.945362,1.0,4.520111,4.3923
GOLGA8N,11.170117,11.25515,7.502645,7.551
SYT13,1.532981,1.585,8.976137,9.4009
SIRPG,1.574293,1.585,5.436798,5.7814
RP11-317J9.1,3.439834,3.585,1.044944,1.0
SGCA,5.820505,5.4919,3.15918,3.1699
FAM153C,6.297825,6.4018,3.179632,3.1699
LHFPL3-AS2,0.650872,0.0,4.093523,4.2479
RP11-326C3.15,3.596099,3.585,1.439081,1.321951
MCM10,3.445988,3.4594,9.087214,9.1774
SOX17,7.039957,6.9474,13.267484,13.3516
CXCL6,1.42494,1.0,5.471253,5.5236
GPRASP2,10.828016,10.9551,8.077408,8.1293
RP11-45M22.2,7.276778,7.3219,5.061277,5.3219
HAS1,8.8578,8.79255,3.538442,3.4594
ZFP42,0.068182,0.0,3.785005,3.0
EPHA5,6.19387,6.0861,2.003748,2.0
PPAP2C,6.067862,6.2849,10.406404,10.7279
SEMA3F,7.422401,7.10305,12.411381,12.5868
RASSF10,0.924368,0.0,9.035205,9.375
ITLN2,5.325265,5.4838,1.50972,1.0
SLC5A5,0.578508,0.0,4.586147,4.4594
CTD-2303H24.2,8.790459,8.8537,4.382393,4.5613
SPTBN2,7.06304,7.04985,12.195617,12.3869
CSPG4P12,11.029008,11.05955,8.009433,8.1246
KCNS2,5.999201,6.1186,3.548544,3.585
RP3-333H23.9,5.231143,5.26665,1.545576,1.585
CCL8,2.365356,2.585,7.250591,7.4179
LPAR3,5.611255,6.1598,11.44626,11.7052
IGF2BP2-AS1,0.333152,0.0,3.709555,3.9069
CCL3,3.908274,4.01515,8.19849,8.3746
RP11-793H13.10,8.150381,8.08635,5.837195,5.9646
PRDM5,9.787868,9.8788,6.876778,6.9773
ZNF331,11.979066,11.575,9.754212,9.8811
ESPL1,4.762744,4.7004,10.753499,10.8681
CTC-548K16.1,0.149659,0.0,5.077873,5.0444
KDELR3,6.487527,6.5235,10.695995,10.7649
HOXB5,2.311455,2.16095,8.132085,8.0661
THEM6,7.83318,7.8168,12.185792,12.2115
NXPH4,1.665297,1.585,10.220364,10.5517
ABHD11-AS1,0.755097,0.0,5.719954,5.8074
HOXB2,5.880276,5.82015,11.008898,11.4168
SYNM,10.083551,10.08785,7.836592,7.9698
AC005083.1,0.847427,1.0,7.011007,7.1599
RP11-616M22.11,4.124267,4.0875,0.513702,0.0
COL10A1,4.45057,4.3201,8.992044,9.2264
TMEM139,3.972593,3.9537,11.183126,11.3014
RP11-400F19.18,6.223345,6.23835,3.559201,3.7004
AADACP1,1.509961,1.585,5.463596,5.5236
LIX1,0.483068,0.0,8.214365,8.375
RP11-138I1.4,7.529045,7.58895,2.789667,0.0
CTD-2035E11.5,5.019944,5.04375,2.849559,2.8074
GLRA4,3.958503,3.9069,0.491905,0.0
AC015849.16,0.267159,0.0,4.821034,5.0444
PTH1R,9.233324,9.2021,5.642624,5.4594
HOXB3,5.917734,5.9061,10.331084,10.7099
AGTR1,6.790834,6.5546,4.392877,4.3923
UNC5B-AS1,1.705474,1.585,8.525672,8.697
SLC7A10,0.795805,1.0,4.358058,4.0909
LONRF2,12.382418,12.2998,10.300339,10.4767
C14orf180,3.924316,3.9226,1.271045,0.0
JPH4,9.693318,9.8564,6.337076,6.2095
AFF3,9.911685,9.89705,6.600344,6.6147
CHODL,4.388605,4.3571,9.422755,9.7448
CTA-363E6.2,0.086193,0.0,3.674823,3.7004
RP11-1212A22.4,12.063782,12.09185,10.005728,10.0416
BBOX1,1.085983,1.0,8.73548,9.0471
MAL2,3.848578,3.4594,14.335401,14.4186
RUNX3,4.770856,4.5236,10.029641,10.137
KB-208E9.1,5.435145,5.4093,2.63699,2.8074
ANGPTL1,11.049678,10.9414,6.660264,6.585
ENOX1,8.626745,8.66355,6.043164,6.0224
KRT81,0.723274,0.0,6.290117,6.0581
FAM65C,9.759124,9.77475,6.576304,6.5999
ARHGAP10,11.082314,11.0583,8.367056,8.4635
DOK5,4.510366,4.585,11.376233,11.668
MYH3,8.306492,8.3553,5.961309,6.1085
PEG3,14.383424,14.69235,7.98236,8.2574
GOLGA8R,8.336957,8.3673,4.436738,4.6456
CST5,0.07483,0.0,4.494501,4.3923
BCAM,11.283578,11.182,16.695599,16.9052
RNASE4,11.625327,11.6659,8.344428,8.4657
CXCL5,1.392283,1.0,5.776528,5.858
RNU1-1,1.852852,1.7287,7.52798,7.3902
MYCL,2.809734,2.6962,10.934226,10.9772
RP11-359K18.4,3.753699,3.7004,1.597595,1.585
GNAS-AS1,1.227385,1.37745,5.048426,5.3402
MMP21,4.640052,4.6439,1.802724,1.585
KLF15,11.159799,11.25135,8.171001,8.2336
RPL7AP10,5.938151,6.0875,2.8051,2.8074
AC007389.3,0.274659,0.0,5.648943,6.0444
DACT2,2.44492,2.585,7.961469,8.3531
MMP17,9.370406,9.45015,5.963252,5.9069
KLF3-AS1,10.093505,10.24385,6.619755,6.7275
GH1,3.761064,4.0774,1.10761,1.0
AC079145.4,0.836442,1.0,4.359658,4.3923
CNTN1,10.810375,10.84275,8.278089,8.4512
CTC-428H11.2,5.967839,5.7216,3.4731,3.5021
PMCHL2,0.104205,0.0,3.494305,3.7004
DCN,16.283495,16.22065,13.219991,13.3079
GOLGA8M,7.347026,7.3917,1.297645,1.0635
C5orf46,0.473635,0.0,4.010078,3.9069
MATN4,0.76865,1.0,4.274808,4.2479
TNMD,4.723767,4.72765,2.509739,2.3219
RP5-855D21.3,6.507608,6.5375,4.26154,4.3688
KIF18B,2.469943,2.16095,10.125057,10.2456
LYPD2,0.625918,0.0,6.999612,6.8948
AC092641.2,2.945189,3.0,0.680959,0.0
RP1-78O14.1,7.4428,7.81695,4.92699,5.0444
APLNR,4.151194,3.7004,8.421509,8.4346
RP11-219G17.4,0.920834,1.0,4.412839,4.5236
LINC00958,0.514216,0.0,8.368296,8.6073
RGS2,11.281041,11.22225,9.070556,9.0768
VLDLR,12.693544,12.6884,10.030659,10.137
HFM1,8.196189,8.27845,4.669929,4.6439
KIF14,2.90082,2.8074,8.713955,8.7211
BCYRN1,5.216545,5.19045,10.485289,10.3663
TMEM189-UBE2V1,4.645672,5.5024,10.207249,10.5256
AQP5,2.165884,2.3219,10.934835,11.0553
ICOSLG,3.838705,4.36595,8.237488,8.5059
RP5-1120P11.1,1.244225,1.0,7.000582,7.1144
ATP10B,2.253506,2.0,7.48604,7.6582
B3GNT3,1.840131,1.585,9.881935,10.1599
MLK4,5.892945,5.84545,10.161914,10.1972
CCDC108,1.424927,1.0,5.144036,5.1293
PODN,13.550648,13.55465,9.152527,9.3465
TTBK1,1.367152,1.2925,5.28163,5.2854
RP11-472K17.3,0.194056,0.0,3.93393,3.9069
SGCZ,4.315794,4.4594,0.429518,0.0
CLDN16,2.060861,2.3219,11.081803,11.4512
SSTR1,5.750711,5.6864,3.359294,3.3219
SNORA73B,2.861333,2.8074,7.687675,7.8455
HES2,1.030576,1.0,7.511362,7.6935
RP11-844P9.2,10.639148,10.8914,7.334626,7.375
SCN7A,12.253994,12.354,4.86745,5.1699
TMEM184A,4.76215,4.642,10.152791,10.2961
MAGI2-AS3,11.631486,11.68765,8.452641,8.4998
PGAM1P4,0.43934,0.0,3.904893,3.9069
SLC47A1,8.372869,8.4614,6.258391,6.3923
NR4A1,15.720876,15.7399,11.559653,11.3139
LINC01391,7.979455,8.1317,2.298316,1.585
ZNF587P1,0.190398,0.0,3.564174,3.7004
C1S,15.303716,15.3359,13.111913,13.3726
RP11-358D17.2,5.119969,5.1084,2.089896,2.3219
RP11-157G21.2,0.705867,1.0072,4.745671,4.8156
RP6-24A23.3,7.133039,7.48075,2.237072,2.0
PDYN,0.375874,0.0,4.950868,4.9542
NLRP2,3.386885,3.22985,8.860697,10.196
RP11-788M5.3,3.202613,3.4162,0.508796,0.0
APCDD1L,1.265778,1.0,5.497479,5.5546
REG1B,4.153316,4.72765,0.325525,0.0
RP11-426C22.8,4.615186,4.78115,1.600426,1.585
LRRN4CL,10.204422,10.2306,6.857043,7.0224
CACNA1E,1.667634,1.585,6.592568,6.5236
HOXB9,1.504031,1.585,6.490383,6.4263
RP11-109J4.1,0.174986,0.0,6.982297,7.1699
MFAP4,13.065661,13.114,10.321538,10.4757
ABI3BP,11.514578,11.52845,8.614682,8.5314
SCGB1D1,0.0,0.0,4.609648,4.8074
IGKV1-5,3.662275,3.585,7.839869,7.9069
RP11-318E3.4,4.230151,4.40455,1.362542,0.0
KRTCAP3,5.681038,5.78115,11.033146,11.0701
RP11-887P2.5,3.222463,3.0,0.910958,1.0
CYP4F24P,4.024052,5.7004,0.822569,0.0
U82695.5,5.886134,6.25735,3.816254,3.9069
RP11-250B2.5,7.314302,7.3443,4.109553,4.1699
GOLGA8A,14.116742,14.1704,10.810527,11.115
C6orf132,4.074784,3.9069,12.01966,12.136
RAB19,0.19233,0.0,5.117621,5.2854
PDZK1IP1,2.909708,2.8074,10.995267,11.3146
HLF,11.574869,11.6615,5.962151,5.9773
C1orf158,0.504808,0.0,4.554156,4.585
SNED1,11.885135,11.92545,9.804347,9.9547
CORO2A,4.716327,4.6439,10.709843,10.7657
TMEM61,1.133212,0.0,6.875109,6.8977
TLCD1,3.794083,3.7004,9.234848,9.2784
CHST13,1.598265,1.585,5.428083,5.4594
HSD17B1P1,4.173509,4.2479,2.143012,2.0
ADRB3,9.407395,9.51375,2.127237,2.0
CTD-3193O13.12,1.444675,1.9946,5.725856,5.8344
CHST8,5.281106,5.33975,3.179111,2.8074
RP11-903H12.5,10.143733,10.05315,6.569786,7.0671
KIF12,4.598147,4.67215,8.928234,9.0553
VLDLR-AS1,8.939762,9.14125,5.604442,5.6439
BRI3BP,6.807295,6.8765,11.002279,11.1097
BMP3,6.500007,6.6793,4.432255,4.2479
TPBGL,3.310431,3.2459,8.232436,8.1344
PCDHA12,2.686295,2.9408,6.69272,7.0981
RP11-73M7.6,5.045283,4.9069,2.168568,2.3016
RP11-369C8.1,0.364032,0.0,3.985848,4.1699
KRT19,10.724215,10.83365,14.85918,14.9661
H1FNT,4.163843,4.1699,1.006594,1.0
CFAP47,0.631534,0.0,5.90444,6.0875
CXADR,5.222547,5.2854,11.760502,11.9009
RP3-439F8.1,1.1928,1.0,5.984749,6.0
ILDR1,0.867974,0.5,9.78589,9.9204
LHX1,0.628439,0.0,7.430211,7.6122
SHANK2,2.650781,2.3219,9.381206,9.6582
NR2F6,9.16258,9.2324,13.563191,13.5379
CADM3-AS1,5.34918,5.2392,3.087552,2.9946
ADAMTS19,6.058707,5.97655,2.655858,2.3219
AE000661.37,0.82999,1.0,4.505583,4.6223
UNC93B1,8.316017,8.18975,12.572397,12.6443
TMEM238,2.727042,2.8074,10.625235,10.6339
SYNGR1,12.011043,12.10275,9.438834,9.5736
HS3ST1,11.296843,11.47,8.559122,8.6475
MCF2,7.510793,7.87955,2.546763,2.585
OLFM1,9.480868,9.4706,6.909571,6.7142
CTA-363E19.2,5.869153,5.9773,3.371694,3.585
NCAM1,12.165616,12.2386,9.729496,9.8056
EDNRA,10.821439,10.8291,8.650511,8.7177
LTBP4,14.685111,14.7143,12.545321,12.5075
RNU1-27P,1.852852,1.7287,7.577218,7.4487
MCM2,8.458299,8.46145,12.530528,12.5953
COMP,3.439524,3.0,9.304734,9.5622
CLEC4GP1,4.384374,4.3219,0.659381,0.0
RP11-326A19.5,8.271192,8.29825,5.604198,6.2808
KRT83,0.316272,0.0,3.624617,3.4594
RP11-250B2.3,6.270457,6.3038,3.672956,3.7004
AC114730.11,5.724099,5.78995,2.83981,3.0286
RP11-771K4.1,0.571861,0.0,4.283561,4.3219
CTSV,2.45263,2.3219,9.313264,9.3421
AF127577.8,0.056818,0.0,3.421538,3.8074
KIF18A,3.588641,3.4594,9.216713,9.3174
RP11-490B18.6,4.510569,4.5543,2.456257,2.585
STXBP2,7.77463,7.596,12.401941,12.4499
NRTN,1.663166,1.585,7.311195,7.375
RP11-1149O23.3,1.895898,2.0,7.236929,7.3501
GJB3,2.066786,2.0,8.826781,9.0661
ITIH6,0.248942,0.0,3.540274,3.8074
ESPN,2.734044,2.37575,11.695074,11.9132
AC009237.17,0.069261,0.0,3.724353,3.858
KCNK15,6.787673,6.8227,12.208159,12.3082
ADAM33,12.201114,12.18705,7.92617,8.1396
HS6ST2,9.711757,9.9496,6.229194,6.3576
RP11-231N3.1,0.0,0.0,3.733773,3.7004
GRTP1-AS1,4.710335,4.9556,2.297047,2.3477
HIST1H4C,0.837336,1.0,7.238948,7.3487
AC104654.2,5.243382,5.3219,2.623962,2.585
XCL2,1.053882,1.0,4.603562,4.8831
ANTXRL,0.877442,0.0,4.390816,4.585
CRABP2,6.319945,6.1186,14.451063,14.6258
DMBT1,2.381032,2.3219,6.229775,5.8074
C6orf15,0.272981,0.0,5.13963,4.858
GRIA3,7.717476,7.7943,3.658121,3.585
ADHFE1,10.654393,10.66325,7.632989,7.7074
RP1-18D14.7,3.879295,3.7949,1.194497,1.0144
PNOC,2.353748,2.0,10.124047,10.408
RP11-522B15.6,4.046534,4.0875,0.33469,0.0
ITGA8,8.766233,8.62755,6.461273,6.5078
ACADL,9.482372,9.5941,3.264293,3.3219
SCML1,11.28264,11.2871,8.703788,8.7313
RP11-640N20.4,7.141236,7.27395,4.874835,5.0475
CDC45,2.621188,2.585,9.087089,9.1573
ASXL3,8.90677,9.0112,4.88901,4.9542
ROBO3,11.794943,11.88705,8.922268,8.96
CA2,4.055392,4.0,8.583098,8.585
RP11-657O9.1,0.215909,0.0,5.400546,6.1085
RP1-172N19.5,7.42019,7.5392,3.882959,3.8074
AIF1L,8.013322,8.03525,12.331473,12.4798
NDRG2,14.335809,14.30305,11.207498,11.2131
ADM2,1.626034,1.585,7.838102,8.0389
BARX2,1.492699,1.0,7.953787,8.1447
PTPN13,11.751144,11.7429,9.313888,9.5546
CCDC144CP,5.721507,5.8163,3.44185,3.5838
KRT7,4.599561,4.31795,14.697847,14.8523
RTP4,5.661834,5.6864,9.906259,10.1561
RP11-573M3.3,3.794655,3.8074,1.269957,1.0
ASPA,7.709639,7.6864,3.27597,3.3219
HAS2-AS1,0.81296,1.0,4.356779,4.4594
PFN1P6,4.347933,4.35755,2.247549,2.3016
RPS2P32,2.978145,3.0,6.884373,7.0334
CBLN4,6.225508,6.1699,3.770261,3.9069
OR7E14P,1.952731,2.0,8.391389,8.4634
RP4-635E18.6,0.548808,0.0,5.030944,5.0175
SUPT20HL1,3.536599,3.5759,0.276159,0.0
DPY19L2P4,6.209157,6.3598,2.731159,2.6982
RP11-45A17.4,5.165841,4.8074,2.476452,2.585
PNPLA7,11.366128,11.4391,7.818989,7.9484
RP11-216L13.19,8.691052,8.777,6.133448,6.1483
MYL3,5.99349,6.0112,3.710398,3.7004
HZGJ,0.183914,0.0,4.114671,4.4107
BIRC5,3.715756,3.4594,11.326693,11.4025
C9orf135,0.637307,0.0,4.665663,4.5236
GALNT6,6.289087,6.1598,11.271271,11.4067
RP1-131F15.2,4.02852,4.0,1.547626,1.585
IGKC,9.312101,8.9982,13.569467,13.8277
GAPT,2.60618,2.8074,6.532645,6.5999
GGT6,4.45867,4.4594,10.301058,10.5362
CMYA5,12.475278,12.60775,7.537528,7.5546
MND1,2.219501,2.3219,7.972686,8.0112
TNFRSF18,2.213976,2.0,6.270891,6.3219
SDHAP2,3.567259,3.81235,0.876669,0.0
RP5-855D21.1,6.472899,6.55195,3.381095,3.4594
RP11-243M5.2,3.699638,3.8292,0.3665,0.0
ZDHHC12,7.296594,7.27145,11.629945,11.6569
SLC6A12,4.935641,4.9542,9.115282,9.3129
TRPC1,10.333381,10.3891,7.755358,7.9307
AC114730.3,2.338836,2.3219,6.164983,6.266
BSPRY,2.278386,2.3219,9.736069,9.8186
PCP2,1.047734,1.0,5.408742,5.496
KLHL35,3.495999,3.585,8.716378,8.7004
RP11-44F14.8,0.138965,0.0,3.533698,3.8074
IGHV4-39,1.932497,1.585,6.504732,6.3399
EN2,5.13651,5.2479,2.984622,2.8074
PROX2,5.988457,6.12465,3.518008,3.5981
GALNT14,2.916693,2.8074,8.991184,9.2479
SYNE4,5.618603,5.6439,9.734479,9.8887
TNFSF15,2.273786,2.16095,7.862502,7.9887
MT1G,3.32772,3.0018,10.27456,10.3766
TGFA,3.429407,3.3219,8.730259,8.9189
RP11-7I15.3,0.738047,0.0,4.35667,4.9561
HMGB3,7.030814,7.0,11.550027,11.6004
CX3CR1,3.361614,3.39065,8.461752,8.3174
RP11-424C20.2,1.251727,1.2296,5.309792,5.4611
C4orf19,2.695942,2.81555,7.712881,7.9226
CTD-2044J15.1,5.408619,5.39195,2.055061,2.0
HOXB8,1.613306,1.585,7.714663,7.7616
XXbac-BPGBPG55C20.1,4.608591,4.6605,1.628445,1.5898
AC098973.2,0.097557,0.0,3.84202,2.8074
RP11-787I22.3,5.583789,5.5093,3.145655,3.2645
CR2,1.40442,1.0,5.201061,5.2095
KRT18,8.223176,8.2397,15.545943,15.6443
RPL41P2,8.34827,8.3462,5.209142,5.2384
LRRN3,6.811584,6.983,4.740423,4.7549
DNM1P46,5.217581,5.3161,2.255196,2.3045
B3GALT2,7.377936,7.4757,4.379111,4.3219
PSAT1,7.015166,6.89475,12.694657,12.8323
RP11-2C24.5,3.803932,3.9069,1.503582,1.585
HIST1H2AD,1.756058,1.585,5.424791,5.4313
FGG,4.726011,4.858,1.237979,0.0
SPARCL1,13.806798,13.72755,11.743528,11.7964
CDH19,5.87026,5.9188,1.470914,0.0
IGSF11,9.245685,9.5294,6.870995,7.0661
PRM2,2.797939,3.1699,0.276758,0.0
CD74,12.390927,12.38775,17.026596,17.1734
PPP1R36,2.030086,2.3219,5.860717,5.8826
AC012360.6,8.244518,8.37475,3.594091,3.585
MT-RNR1,13.079502,12.9613,17.266296,17.3115
EFEMP1,13.06122,12.9994,9.959442,10.1447
SERPIND1,5.242386,5.4915,2.404163,2.3219
PAK6,3.104368,2.9549,7.87801,8.0129
TTC14,12.176145,12.28445,10.064192,10.1473
ECEL1,11.768994,11.9255,7.372756,7.2192
RP11-384O8.1,1.50591,1.0,5.606839,5.6519
ARMCX4,11.502799,11.4689,8.23327,8.3531
RCC2P6,0.454361,0.0,4.340621,4.3219
AC005786.7,4.117048,4.9141,0.712045,0.0
ADGRG2,3.86842,3.7004,10.022541,10.2912
TMC5,3.05043,2.8074,8.378427,8.4201
CTD-2297D10.2,7.418514,7.82005,1.214409,1.0
TMEM108,3.395089,3.2459,8.153179,8.4878
IGHV3-23,2.781974,2.585,7.293987,7.1997
FGF18,3.336769,3.0,10.37606,10.6055
VAV3,5.233049,5.2287,9.687823,9.7665
JAM3,11.854158,11.8244,9.18208,9.2349
RBM47,7.701493,7.65815,12.444803,12.5784
NKTR,13.274,13.3101,11.102907,11.2082
DCDC2,3.46819,3.1707,10.403904,10.5847
PTPRVP,6.319989,6.3663,3.576773,3.7004
CYP2J2,2.387755,2.3219,7.826358,7.9189
OMD,8.895085,9.1586,5.350966,5.2479
C15orf48,2.553547,2.3219,8.592263,8.6653
CENPM,3.34716,3.39065,8.981001,8.9915
KISS1R,0.460547,0.0,4.615092,4.5236
EPYC,2.384567,2.3219,6.307793,6.2854
CSMD2,3.139128,3.0,7.10858,7.1085
SPSB4,1.313777,1.0,5.24741,5.3219
LINC01502,0.115568,0.0,3.514308,3.585
ANKRD29,9.568951,9.4818,6.068779,6.0661
RP11-445F12.1,0.418031,0.0,5.894554,6.3923
RP11-68L18.1,4.977902,5.1699,2.559093,2.585
LILRB4,4.392723,4.585,9.378597,9.6258
FA2H,1.550457,1.585,7.238047,7.3309
POLR2J2,8.874433,9.19515,3.748222,3.2157
RP11-67L3.5,0.817977,0.51075,5.008297,5.0858
ADAMDEC1,1.489417,1.0,6.785636,7.0224
ASF1B,4.668817,4.67215,11.375757,11.4681
AP001631.9,0.320114,0.0,3.972511,4.0
RP11-85K15.3,6.278819,6.25735,4.193917,4.3219
S100A1,4.721941,4.7004,13.285701,13.5888
MROH7,9.727203,9.7032,7.304415,7.4077
RP11-327J17.2,3.672925,3.8074,1.030144,1.0
CCBE1,10.769591,11.0711,5.480159,5.4919
CTD-3126B10.2,4.350262,4.3923,2.270593,2.3219
PLG,4.632453,4.67025,1.846388,1.5898
POU5F1,3.488556,3.34475,7.744151,7.7544
FGB,3.529501,3.85715,0.281169,0.0
OR5K2,3.034764,3.30215,0.463953,0.0
CCL26,6.831443,6.8765,2.972538,3.0
PLA2G5,10.913574,11.16085,4.928142,5.0
XYLT1,9.589259,9.60445,7.519625,7.4919
C10orf55,1.154874,1.0,4.904687,5.0457
RP11-638I2.6,4.706817,4.95895,1.555788,0.0
RP13-890H12.2,2.349616,2.303,6.879381,6.9154
CAMSAP3,5.435031,5.2287,11.532967,11.623
HUNK,5.507644,5.8327,10.260658,10.3815
HIST1H2AI,0.554376,0.0,5.344241,5.323
ASRGL1,5.972016,5.96825,11.651645,11.6939
AC093642.1,8.334447,8.43875,2.784169,2.8074
PCDHB15,9.323518,9.3618,6.823165,6.7207
AC015971.2,5.176778,5.3757,2.914293,3.1127
APOBEC3B,3.823485,4.0634,9.156152,9.4252
IGKV1D-39,3.87797,3.9001,8.314226,8.3353
MCC,12.96054,13.1478,9.312614,9.4284
TAS2R6P,4.721419,4.858,2.730803,2.8074
LEF1,6.394706,6.3547,10.421659,10.4798
PRRG2,2.733506,2.8074,8.828522,8.8826
MDGA1,9.974274,9.99225,7.554674,7.6724
RP11-212P7.3,1.842633,2.11705,6.626401,6.8707
GABRG1,6.080442,6.19935,2.432551,2.3219
RP11-34A14.3,4.312139,4.39505,2.08472,2.0108
KIF15,4.064782,4.0875,9.140964,9.1997
KNDC1,10.135841,10.31855,5.644544,5.5546
IGHV3-7,1.649514,1.4077,5.382403,5.2095
ZSWIM8-AS1,6.989116,7.13195,4.009238,4.582
CDCP1,4.641039,4.585,11.451814,11.6865
ADGRE1,1.35373,1.0,5.54275,5.585
RP11-565P22.6,1.363959,1.3361,5.559099,5.7661
CST1,0.174914,0.0,7.302348,7.4883
HAPLN1,1.406895,1.0,6.687159,6.8704
SCUBE1,11.826673,12.10355,5.810699,5.5236
PEX5L,5.464947,5.5222,3.396453,3.4594
GMNC,1.665049,1.585,7.757915,7.8826
TRIM29,4.992212,4.858,11.614298,11.7478
SULT1C4,9.008917,9.224,6.562907,6.5999
PRRG4,4.402734,4.3571,10.284128,10.4727
GCKR,8.477232,8.543,3.095391,3.1699
LINC01262,2.590618,2.8074,0.142235,0.0
CTB-50L17.9,5.125306,5.2095,2.601593,2.8074
HIST1H2AM,0.203569,0.0,4.906743,4.8304
ENPP7P2,4.066051,4.14065,1.766954,1.585
ZNF683,1.33645,1.0,5.919539,6.2288
CLPS,4.555082,5.1699,1.768221,1.585
LINC01094,2.827717,2.8074,6.892228,7.0553
SLC29A2,6.146094,6.0363,11.06698,11.0982
IL2RA,2.205955,2.0,6.461249,6.7415
CSGALNACT1,10.442501,10.4764,7.715872,7.7549
PRR7,4.175502,4.1699,10.381732,10.4888
C4A-AS1,7.929778,7.7968,5.046735,5.0708
GLYCTK-AS1,4.599008,4.58415,2.550648,2.585
CMAHP,9.385355,9.2819,7.306628,7.2854
CDC20B,0.537169,0.0,5.2,4.7004
CCL20,1.258623,1.0,7.407132,7.4594
EPS8L3,3.072653,3.1699,0.86564,0.0
BNC2,12.152073,12.2194,9.689364,9.7599
LINC00598,3.725138,3.9069,1.408131,1.585
AC026904.1,3.321942,3.4594,1.122717,1.0
RP11-326C3.12,4.001293,3.9923,1.894978,1.8032
TSSC2,7.987761,8.2167,5.692281,5.7004
HIST1H2BO,0.161105,0.0,4.159811,4.1699
PNLIPRP2,3.030738,3.3219,0.497491,0.0
F12,1.856567,1.7925,6.766537,6.8455
HMGA1,7.264853,7.2336,14.875729,14.9787
GPR12,0.648827,0.5,4.983098,4.9542
PDE7B,10.065368,10.12585,7.089038,7.1497
CDK15,8.116689,8.5698,4.564399,4.5236
CDKN2A,3.478057,3.585,12.500321,13.2488
ABCA13,1.98752,2.0,6.560985,6.5699
SEL1L3,8.088483,8.12665,12.120891,12.1984
PSD4,7.134281,7.098,11.792037,11.8834
PID1,10.23292,10.2461,6.627387,6.7549
TRDC,1.767591,1.585,6.082484,6.0429
C4orf48,4.768848,4.858,9.644047,9.6952
FLG2,4.56926,4.80645,0.990838,0.0
SGOL1,2.373332,2.36395,9.075052,9.1135
TNFRSF12A,6.55996,6.2946,11.867232,11.8796
RP11-497E19.1,5.357443,5.56225,2.34373,2.3219
CPZ,12.665902,12.86535,10.027296,10.1691
TMEM255A,9.474759,9.5896,7.004715,7.1396
C1orf210,1.385833,1.585,10.271041,10.4019
SHISA9,2.711025,2.585,7.605078,7.9542
KRT17,3.910727,3.7539,11.28793,11.3674
MROH2A,0.296943,0.0,4.490873,4.6439
GAL,1.257726,1.0,5.97022,5.8826
FCER1G,7.204763,7.4051,11.494327,11.7549
TARID,8.859969,9.03205,5.80415,5.7973
ALMS1P,5.490519,5.6864,3.400457,3.4594
RP5-1056L3.3,6.04439,6.1899,4.006527,3.9982
SEMA6A-AS1,6.29521,6.19635,4.065122,4.0798
LINC00672,6.614764,6.6793,4.567788,4.6439
RP11-27M24.1,0.781303,0.0,5.388774,6.1825
SCARNA10,0.306675,0.0,2.047865,1.8115
SPX,2.311574,2.3219,6.665579,6.6294
C10orf99,0.970112,1.0,5.058021,4.9542
APOD,10.902585,10.8769,8.735602,8.8424
MT1F,4.427178,4.2849,10.825654,10.8849
CTD-2325P2.4,0.366442,0.0,5.587649,5.585
TYRO3,12.320325,12.4576,9.877071,9.8642
CTD-2527I21.15,0.458819,0.0,4.891645,5.0
SNX10,4.953605,4.9069,9.704479,9.7731
HIST1H3B,0.068182,0.0,4.281499,4.3219
TPI1P2,0.387238,0.0,4.292546,4.3923
TEKT4,1.10993,1.0,4.668656,4.5279
OXGR1,2.077327,2.0,7.403619,7.6294
SYTL4,12.651638,12.7357,8.248753,8.3663
CELA2A,3.944132,4.31545,0.704452,0.0
HIST1H2AG,2.53631,2.585,7.183073,7.2288
PWRN1,6.40944,6.77445,1.084484,0.0
KCTD8,6.122516,6.2853,1.608485,1.585
RP11-128M1.1,0.764006,1.0,4.357593,4.5236
PLN,8.150507,7.92995,5.093608,5.2095
NDNF,9.885023,10.18605,5.546512,5.5236
AGR3,0.70988,0.0,6.304993,6.5392
RBM20,8.743955,8.8948,5.208333,5.1293
RNU4-1,0.31733,0.0,4.42458,4.0
LINC01133,3.004516,3.0,7.724797,8.0
VAMP8,6.893381,6.7879,12.631365,12.6562
WNT7B,1.08635,1.0,8.447607,8.697
TRPM8,0.283238,0.0,4.292152,4.1699
KB-1517D11.4,4.339802,4.7004,1.4441,1.585
GZMB,2.080482,2.0,6.692704,6.969
IGLV1-47,2.358248,2.06875,6.293574,6.2334
RP11-867G23.1,5.823399,5.9188,1.957527,2.0
C4B-AS1,7.929778,7.7968,5.046735,5.0708
HOXC6,9.700534,9.70665,7.598288,7.7156
MIMT1,5.626212,5.9069,1.492188,1.0
MIR202HG,9.723133,10.08205,2.098297,0.0
ADGRD1,10.514336,10.42315,6.391148,6.2479
PPAPDC1A,1.660594,1.585,7.453082,8.0661
LCN2,2.896743,2.585,13.02812,13.2177
CAPG,8.131658,8.15215,12.676169,12.7425
HAND2,10.511882,10.68575,6.031283,6.1585
LINC01197,8.976842,9.05525,5.166515,5.2095
PPM1K,11.622069,11.602,9.371641,9.3902
KIAA1161,6.134099,5.96535,10.673237,10.7723
CHRM3-AS2,5.262662,5.3923,2.233355,2.3219
PLCXD3,11.582068,11.6323,5.804906,6.1497
C2,7.671312,7.5641,12.119264,12.4683
RP5-1185I7.1,0.27919,0.0,4.022903,4.1699
FOXP4-AS1,0.50368,0.0,4.580067,4.7549
IRS4,6.795386,6.89675,2.079714,1.585
IL2RG,5.209034,5.1084,9.479145,9.6952
AC093110.3,5.967505,5.99975,3.563173,3.6826
APOB,5.087999,5.0222,2.46582,2.3219
GNG11,11.718518,11.65775,9.358374,9.3641
AP1M2,1.981697,1.585,12.531497,12.6332
TNXB,13.744759,13.8002,9.591749,9.6059
ADAMTS14,3.064692,2.585,8.459569,8.5275
ARAP1-AS1,0.45448,0.0,3.851717,4.4699
MROH7-TTC4,8.054301,8.0846,5.36275,5.6387
LINC01497,3.239443,3.1699,0.403366,0.0
RPPH1,0.435123,0.0,6.362359,6.1811
TPH1,6.269824,6.3219,4.134564,4.1699
RP11-475B2.1,3.958907,4.1677,0.427716,0.0
RP4-568C11.4,2.962975,3.0,9.259923,9.3966
TBX3,11.849484,11.8835,8.405743,8.4757
NXPH3,8.87246,8.9084,6.166179,6.2854
ARL11,2.899434,3.0,6.775576,6.9069
VDR,5.402587,5.1293,9.983828,10.0967
SAPCD2,2.693091,2.51475,10.208647,10.2596
RP11-1090M7.1,4.45967,4.48575,1.304794,1.1043
PLAU,5.754118,5.66835,11.071252,11.1426
GOLGA6L3,5.863526,5.86875,1.36509,1.3219
PBX3,11.681925,11.7684,9.405399,9.5507
LINC00893,9.382518,9.3514,7.292309,7.4099
CTD-2184D3.7,3.461356,3.6206,1.374728,1.0
RAB42,3.747023,3.7004,8.054765,8.0821
C2orf71,4.613028,4.8074,1.927955,2.0
TACSTD2,5.612241,5.4263,13.620563,13.7817
SMKR1,2.297926,2.3219,8.129055,8.2288
KLK13,2.393398,2.3219,7.582099,7.5699
AMN,4.311468,4.33095,8.916998,9.0958
RP11-23E10.6,0.578599,0.0,4.345738,4.942
ALDH1L1,11.314706,11.4968,6.543957,6.585
RP11-817J15.2,0.068182,0.0,4.459041,4.3219
ADAMTS5,10.837215,10.84315,8.023802,7.9248
PTGS1,7.14205,7.06595,13.696217,13.9156
SYNE1,13.59487,13.7338,9.487713,9.543
KLHL14,4.74902,4.7004,11.713098,11.9812
BIK,2.021498,1.585,9.09292,9.1948
SLC15A1,1.75062,1.585,5.645231,5.7004
PRSS35,7.719531,7.83605,4.646735,4.7549
ZDBF2,10.652676,10.5318,7.064337,7.1898
RP11-373E16.3,2.991605,3.08495,0.290411,0.0
RP11-108L7.15,1.328912,1.0,5.022955,5.0444
USP2-AS1,2.966741,3.0,7.0571,7.1997
NACC1,9.123828,9.14215,13.345175,13.4052
FOXP2,8.987172,9.02375,4.019897,4.0
DIO3,9.161639,9.28425,4.083699,4.0875
NOG,1.430355,1.0,5.480878,5.6147
RP11-759A24.1,4.825288,4.9124,1.465715,1.585
RP11-527N22.1,6.270644,6.2095,3.887881,3.9069
AMY2B,11.011243,10.9716,8.748579,9.0044
RERGL,7.174558,7.0389,2.342734,2.0
IGFBP6,11.90045,11.9556,8.948822,8.9425
P2RY2,4.333508,4.3219,8.563388,8.6689
PON3,9.170351,9.2862,4.592326,4.1699
RP11-789C17.1,5.730067,5.7279,3.04489,3.1699
RAC1P2,4.656591,4.8145,8.710577,8.7547
RPLP0P2,1.918184,2.0,6.289867,6.2095
CDSN,0.76115,0.0,5.705205,6.0585
C1orf186,1.759576,1.0,11.978357,12.325
CT45A5,0.161264,0.0,4.02543,2.9598
HIGD1AP11,4.061743,4.0991,0.589223,0.0
AP001626.1,0.213124,0.0,4.400823,4.3923
RP11-15F12.6,0.049112,0.0,3.410266,3.7004
GABRP,2.28971,2.0,8.32183,8.2946
KLHL4,8.491418,8.6742,5.669305,5.8074
RP11-617F23.2,0.525739,0.0,4.393974,4.585
IL1B,3.314975,3.1699,8.179607,8.2992
PDZRN3-AS1,4.017598,4.1346,0.768718,0.0841
RP5-963E22.6,0.227273,0.0,3.5756,3.585
TNIP3,0.808761,1.0,4.495757,4.585
AC004870.4,0.148601,0.0,5.59145,5.6724
POU5F1P3,5.353807,5.4507,2.71265,2.8953
CTNNA2,1.856397,1.585,7.538047,7.7074
RP11-463D19.2,0.517239,0.0,4.640991,5.7439
OSR2,11.582765,11.5572,8.711555,9.0279
GALNT3,7.466586,7.6506,11.596913,11.6944
KCNMB2-AS1,0.397749,0.0,6.015482,6.9887
SLC6A11,1.449258,1.0,6.939628,7.4838
SLC7A2,13.467127,13.4292,9.791604,9.9233
CELSR1,6.307002,6.26665,12.657861,12.8355
CIT,5.975601,5.9293,10.193083,10.2204
RP11-1055B8.4,8.900609,9.0464,2.844651,2.585
CXCR4,7.804732,7.6653,12.416508,12.5061
RP11-53M11.5,0.281307,0.0,5.437305,5.585
PRR36,5.599178,5.8026,11.033322,11.0452
RP11-167N4.2,1.091436,1.06545,5.614033,5.8878
ALPP,2.423198,2.5874,7.205079,7.2908
NUS1P2,1.717294,1.8678,6.89898,6.9844
FAT4,9.756352,9.7259,7.665495,7.7549
VGLL1,0.219515,0.0,9.054434,9.5488
ABHD11,7.578514,7.56215,12.328393,12.4651
RP11-74M11.2,2.570745,2.585,0.111099,0.0
MGARP,8.518014,8.5973,5.628263,5.6642
FSTL4,0.95833,1.0,6.153825,6.4094
CTD-3247H4.2,3.24404,3.1699,0.660336,0.0
THSD4,8.315838,8.25975,12.901755,12.9783
KAZALD1,3.696891,3.4594,8.483802,8.4221
PI15,9.152598,9.0469,5.82279,6.0
CELA3A,5.189476,5.93635,0.501894,0.0
DNAJC22,2.361159,2.3219,8.75622,8.9658
RASAL1,1.792225,1.585,10.054088,10.2192
SPATA9,4.830684,4.98545,2.665075,2.8074
RP11-762L8.6,7.19274,7.2288,4.91756,5.0
HRASLS,2.328233,2.3219,7.254046,7.4263
ADH1C,6.76916,6.9091,3.657902,3.6381
RMST,1.786573,1.585,6.544172,6.8858
HPR,5.16301,5.1418,2.816724,2.858
CTA-221G9.12,0.48608,0.0,5.344176,5.4594
FOXI3,0.052102,0.0,7.094159,7.4998
ZCCHC18,8.313093,8.4177,4.843983,4.8074
CTD-3193K9.3,4.642426,4.71645,1.848958,2.0108
RP11-170N16.3,5.360798,5.42585,2.978018,3.0
MYO3A,2.056178,2.0,6.069546,6.7415
C1orf116,2.457393,2.3219,9.68445,9.825
AC007796.1,3.620049,3.7004,0.199413,0.0
CRYGD,5.378462,5.75195,1.685799,0.0
RP11-13K12.5,2.080589,2.0,6.509721,6.9425
SOX9,3.718764,3.4594,11.836366,11.9322
AMY1A,0.190951,0.0,5.026681,5.2118
CHRNB4,1.779739,1.585,5.613399,5.7549
CH507-513H4.6,13.587518,13.50935,17.876067,17.8137
STAB2,4.922192,5.0,2.447764,2.3219
PVRL4,2.460703,2.3219,9.958918,10.2538
RP11-30L15.4,5.672401,5.85775,3.389654,3.4594
CELSR2,7.856478,7.7616,13.395385,13.6262
C8orf34-AS1,0.892455,1.0,5.250868,5.4594
DLEU7,1.412917,1.585,5.079714,5.1699
RP11-390F4.3,1.299645,1.0,5.582907,5.6724
CCL18,1.665075,1.0,5.901698,5.858
CPEB1,8.909406,8.92185,5.426346,5.4443
RP11-506F3.1,5.389847,5.4491,2.040879,2.0
SLC44A4,6.332066,6.4838,11.668009,11.9651
TTC9,3.833249,3.7539,9.884116,10.1561
SIX3,0.31733,0.0,4.321416,3.7004
RP11-70D24.2,6.409975,6.42585,2.569625,2.585
SNORD3A,5.774372,5.55705,9.948972,9.906
RNVU1-7,0.741222,0.0,6.917786,7.4206
CROCCP3,9.479935,9.49895,7.094723,7.2728
RP11-97O12.7,5.520256,5.56865,2.759934,2.9355
PKDCC,12.634712,12.7282,9.885913,9.7091
TNFAIP2,9.817433,9.6818,13.902677,14.0179
LINC01508,0.419213,0.0,5.883601,6.0224
TRABD2A,9.937905,10.51915,7.214893,7.1293
IGHV3-30,2.889733,2.61445,6.975215,6.7279
IGSF23,0.161023,0.0,4.113898,4.0
CXXC4,7.507907,7.5887,5.496585,5.4263
SPERT,0.423805,0.0,4.391635,4.585
PLAGL1,11.406885,11.41435,9.096921,9.1599
RP11-449J21.5,1.038289,1.0,7.95616,8.1515
SPRR3,5.526416,5.3923,0.760876,0.0
RP11-203M5.7,5.272842,5.28855,2.915797,3.1699
SIX1,2.795294,2.585,7.53327,7.6653
RP11-325F22.2,1.151881,1.0,5.76472,5.5546
TBC1D4,11.991284,12.10905,9.453462,9.49981
NUAK2,6.514072,6.4757,12.197019,12.2894
CELA3B,4.04219,4.5832,0.944563,0.0
SLC5A9,5.195275,5.28185,2.86368,2.9946
LL0XNC01-240C2.1,5.908937,5.89475,2.176261,2.3219
WBSCR28,0.231136,0.0,4.326508,4.3923
LVRN,6.854533,6.9189,3.01357,3.0
IGHV1-18,1.963735,1.585,5.831084,5.5236
RP4-797C5.2,0.19983,0.0,6.609283,7.2384
CD70,0.596491,0.0,4.3763,4.4594
ITM2A,11.678087,11.75725,8.203864,8.2192
CYP4F29P,5.794466,6.092,3.492725,3.3505
ANO9,5.376057,5.2608,10.623501,10.7296
TPD52,6.588168,6.57745,12.398854,12.5147
CTD-2314B22.1,0.022727,0.0,4.768059,4.9542
IGKV1-9,2.21196,1.60395,5.854974,5.6904
AURKB,2.8047,2.585,10.133484,10.2082
CACNA1H,13.688768,13.671,8.325076,8.3354
HRNR,6.176291,6.13865,3.673169,3.7004
MMP9,3.932877,3.6427,10.216264,10.2919
MREG,5.802011,5.76815,9.867778,9.9189
LINC01539,2.913994,2.9037,0.525318,0.0
GPRIN1,2.631368,2.585,8.081607,8.1649
NRG3,0.910856,1.0,5.594624,6.0224
CTC-786C10.1,4.85852,4.858,2.71732,2.8074
PPP2R2B,3.672049,3.4594,7.649932,7.6366
RP11-429J17.7,0.093726,0.0,5.289907,5.2854
SHCBP1,4.472913,4.4915,8.626572,8.7448
PARPBP,4.980641,5.06595,9.308466,9.3347
OR2A1,4.178078,4.45645,1.730105,1.6041
SLC2A3P1,3.10379,3.92645,0.303923,0.0
C16orf59,4.511153,4.5543,8.820069,8.8424
HSH2D,3.36753,3.2459,9.566963,9.8267
MYO15B,13.891282,13.92155,10.396187,10.568
NTRK3,8.429044,8.02225,5.281565,5.0444
CTD-3094K11.1,0.308197,0.0,4.687597,4.7549
MAGEC1,0.587941,0.0,4.115222,3.585
MRAP,3.820605,3.61505,1.338453,0.0
EVPLL,0.607732,0.0,5.199179,5.4591
RP11-578F21.6,3.064857,3.1699,0.460444,0.0
LINC00475,5.464133,5.3923,2.553059,2.585
RP11-465B22.8,0.884492,0.5,7.439404,7.5699
GRK5,10.885108,10.84315,7.698456,7.7415
SERPINA10,5.826519,5.75465,0.838868,0.0
GNA14,8.013376,7.98585,5.417223,5.4594
MMP1,0.874919,1.0,6.575378,6.3923
SEZ6L2,7.508787,7.6073,12.079001,12.2509
PPT2-EGFL8,10.037291,10.05415,7.608955,7.6903
RP11-255E6.6,0.319328,0.0,3.796218,3.8649
NEAT1_2,3.327776,3.47055,0.292543,0.0
IFI30,8.124807,8.26365,12.91033,13.0782
RRN3P1,9.918405,9.9477,7.63392,7.6839
SAMD10,4.226419,4.1287,10.987306,11.0203
RASGRF2-AS1,3.59212,3.7539,1.065159,1.0
RP11-47L3.1,1.478983,1.585,5.771447,5.9773
RP11-867G23.4,4.540305,4.8288,1.731868,1.1699
COL9A2,5.922462,5.59985,10.839973,10.7863
GATA4,12.167473,12.27555,5.807156,6.3038
AC000078.5,4.76182,4.8327,2.13348,2.3219
SMAD9,9.555336,9.6045,7.482307,7.4263
RNF182,3.997534,4.1287,8.062892,8.4838
SLC12A8,4.260091,4.0875,10.258882,10.3399
RP11-373D23.2,5.149768,5.1496,2.034721,2.0
MAGEA11,0.115568,0.0,3.824051,2.3219
UBXN10,5.240317,5.3219,9.826736,9.8611
PLEKHN1,2.242602,2.0,7.214268,7.3923
SUCNR1,1.471661,1.585,6.163575,6.3219
TMEFF1,2.628333,3.14705,7.837141,8.1289
SPRR2B,3.780732,3.91645,0.456152,0.0
CACNG4,2.117215,2.0,10.472406,10.888
HLA-DQA2,3.017247,3.1441,7.809264,8.0816
CCDC144A,7.211223,7.71765,3.953641,3.9203
LA16c-83F12.6,0.086193,0.0,3.611129,3.4594
CCNB1,6.959907,6.9773,11.69733,11.7628
TBC1D2B,12.731556,12.79935,10.751916,10.8903
CTD-2228K2.7,10.312713,10.39265,8.273358,8.3348
NAT8L,5.937819,5.96575,10.757405,10.9016
RP11-22C11.2,0.22642,0.0,7.299466,7.4179
IGFBP4,15.741842,15.8017,13.18883,13.2879
U62631.5,5.075431,5.37495,1.045021,0.0
METTL7B,2.267847,2.3219,9.810936,9.8826
DDIT4,14.358601,14.67645,11.864223,11.8349
CTD-2536I1.2,7.310298,7.47165,2.367858,2.3219
GPR78,9.671947,9.8621,4.439858,4.6792
NR4A2,12.001667,12.0434,9.692805,9.6847
ESRP1,3.065583,2.585,13.002813,13.1108
GJB1,1.719405,1.585,9.95894,10.3443
SLC35F3,1.942028,2.0,6.443599,6.5392
MIR4697HG,8.297814,8.2641,6.119195,6.3576
C10orf95,3.470999,3.5177,7.560066,7.5875
LPO,0.948597,1.0,6.269511,6.1699
CD24,5.577186,5.2384,15.757209,15.8234
TRPM5,1.461616,1.585,5.572881,5.5125
ZBBX,0.872872,0.0,5.074077,5.1293
LINC00890,4.292203,4.2479,1.344128,1.0
DRICH1,4.889951,4.9248,2.549466,2.585
SULF2,13.257119,13.3022,10.979184,11.0498
DMRTC1B,6.740885,6.79385,2.869396,2.6982
KRT86,0.87841,1.0,7.386518,7.4194
NDST4,3.143033,3.0,0.832002,0.0
ACY3,1.384185,1.585,6.580406,6.4429
IGLV3-25,1.97024,1.585,6.07691,6.1699
NR5A1,11.017491,11.2466,5.588392,6.375
RP11-579D7.2,0.895962,0.0,4.791828,5.3295
BUB1B,4.003974,3.9069,10.194286,10.2788
LMOD1,12.177961,12.08955,8.61027,8.7482
RP11-394O4.5,11.754464,11.8709,6.992272,7.1396
UGT8,2.852894,2.9037,9.34897,9.6092
FAM72C,2.35875,2.7058,7.174769,7.279
TREM2,4.411188,4.66995,9.11481,9.3619
WDR72,2.935472,2.9037,8.41346,9.375
RP1-80N2.4,1.326581,1.0,5.491681,5.6147
FGA,4.01806,4.3571,0.632525,0.0
CT45A1,0.045455,0.0,3.314894,1.8359
CXCL13,2.390724,2.0,6.721084,6.9773
RP11-748H22.1,4.178219,4.2479,1.423038,1.0
MSLNL,0.280249,0.0,5.816345,5.9542
IFFO1,10.638974,10.67995,7.905146,7.9009
HIST2H2BA,5.512581,5.52035,1.728191,1.6135
STIL,5.64536,5.68625,10.055607,10.1331
RPL39L,5.689315,5.6724,10.558792,10.6065
SPINT1,6.564372,6.67945,13.974501,14.078
RRN3P2,7.927927,7.92555,5.234301,5.3176
NLGN4X,10.331195,10.3685,7.89223,7.8826
GLP2R,4.717274,4.5543,2.0259,2.0
CNFN,2.541775,2.3219,8.413145,8.4757
DRC7,2.076155,2.0,5.841774,5.8319
TRH,6.131256,6.2095,2.704524,2.585
TNFRSF9,0.620717,0.0,6.482129,6.5999
CPED1,11.43783,11.5322,7.764616,7.8455
FAT2,4.747527,4.68895,9.653324,9.9098
PYCR1,7.510994,7.51875,11.713937,11.7561
IGKV3-15,3.087844,2.88095,7.718159,7.8459
LINC00506,6.315007,6.34805,3.611775,3.700432
MTFR2,3.116473,3.2459,7.945352,8.0553
EMILIN3,9.138003,9.07555,5.769547,5.5558
DMRT3,0.320988,0.0,3.760723,3.8074
UMODL1,0.685593,0.0,4.298758,4.0
LL0XNC01-36H8.1,4.862302,4.9542,2.212337,2.3219
MIR205HG,1.547218,1.585,6.758506,7.0112
SNTN,0.492574,0.0,3.929865,3.8074
MMRN1,7.78774,7.86395,5.656834,5.7279
RP6-24A23.7,8.781208,8.85715,2.617588,2.3219
ST6GALNAC2,6.32303,6.34315,11.095548,11.2769
IGLC1,5.594756,5.41375,10.159895,10.4193
RP11-446H18.5,4.490935,4.585,2.139489,2.3219
RP11-177G23.1,5.135997,5.2287,2.436331,2.585
MESTP1,3.310793,3.4594,0.853779,1.0
SEPT3,3.560026,3.7004,8.473521,8.4676
RP11-32B5.1,6.238643,6.34995,3.312916,3.3219
SORCS3,5.780838,5.93055,1.651247,1.0
RP3-508I15.18,0.490434,0.0,4.899599,5.2517
LGSN,0.392827,0.0,4.262421,4.585
RP11-261C10.5,3.731465,3.8011,1.484004,1.6182
MMEL1,2.53925,2.8084,8.03766,8.0813
RP11-229O3.1,5.326466,5.6774,2.238156,2.3813
ZEB2-AS1,4.907259,4.9791,2.554005,2.7247
SLCO4C1,1.452175,1.585,5.195655,5.3923
