Gene,Mean_GTEX_Healthy,Median_GTEX_Healthy,Mean_TCGA_Tumor,Median_TCGA_Tumor
DNAH3,1.679526,1.585,6.497374,6.569877
FMO2,9.344455,9.58355,4.178329,3.7004
AP000892.6,12.792844,12.7843,8.930464,8.6647
LINC01224,0.857667,1.0,6.193028,7.1497
PRAC2,0.058782,0.0,3.882664,3.9069
HOOK1,4.720922,4.78115,10.585085,10.7254
KRT1,6.163535,6.4993,1.675345,1.585
RAET1K,0.465987,0.0,4.182836,4.3009
ESM1,2.916755,2.8074,8.854114,8.9307
RP13-554M15.2,5.951205,6.0,2.204099,2.3219
PKMYT1,3.403872,3.0631,10.543769,10.6127
RP11-452N17.1,4.826372,4.8104,8.759541,8.7564
KLK8,1.713182,1.2925,6.528247,6.5618
RP11-106M3.2,8.338244,8.4919,4.674266,4.7719
RP11-554A11.9,4.474955,4.6439,1.06929,1.0
NCAPG,3.75076,3.87035,10.290766,10.5225
KLK10,4.764154,4.6433,9.486099,9.8673
LA16c-329F2.1,0.148526,0.0,3.330281,3.3219
MASP2,7.312965,7.47975,3.727462,3.9069
RPRM,9.454041,9.43755,4.997424,4.9069
TNNT1,3.755518,3.85715,8.913419,9.4491
ADIRF-AS1,10.352229,10.24835,6.556337,6.5329
KCNE4,10.067787,10.1602,6.433567,6.4263
EVPL,7.379331,7.4429,11.179863,11.3254
AC003090.1,7.861965,7.79115,2.56516,2.585
ACOX2,9.811329,9.8742,6.927386,6.858
RP11-166D19.1,11.352418,11.2562,8.787415,8.9744
STARD5,10.10215,10.1645,7.305527,7.304
MEF2C-AS1,5.842159,5.82015,1.692136,1.585
ASB2,10.775428,10.7649,7.112033,7.1189
IGHGP,2.040362,1.6369,7.422572,7.3851
OGDHL,5.051196,5.0875,9.604341,9.9233
FGFBP1,1.753578,1.585,6.531739,6.3923
JAKMIP3,7.344241,7.40915,3.476934,3.1699
LA16c-380H5.5,1.154001,1.0,6.013469,6.1898
HES7,4.357719,4.3219,1.122343,1.0
IGLC3,6.301115,6.03235,10.197432,10.4437
PCBP3,8.30704,8.15985,5.012584,4.9542
SLC7A11,3.911092,3.585,9.093858,9.0196
RMI2,4.947883,5.0222,9.830093,9.8903
FAM207BP,1.091103,1.1043,4.683901,4.7274
RP5-940J5.9,0.744537,0.0,9.704548,11.0107
SOSTDC1,2.186554,2.3219,5.986468,6.6147
RAD54L,3.891327,3.9689,9.468437,9.6977
OGN,11.272445,11.2646,3.869334,3.4594
MYH7,5.6809,6.0471,2.541499,2.3219
ADCY2,9.223528,9.2126,4.523604,4.5236
PDE1C,8.611694,9.0539,4.358287,4.2479
PCDHGA2,8.402899,8.33735,4.423085,4.4944
CICP14,9.730472,9.714,6.971621,7.1006
DLX6,3.369049,3.0,9.676311,10.6466
POU6F1,10.64275,10.59135,8.012084,8.0768
CSPG4,12.259412,12.2729,9.095091,9.0251
B3GNT4,3.471942,3.4476,6.841932,6.7797
PLP1,7.843742,7.6582,1.849235,1.0
DNM1P47,6.060688,6.0904,1.218045,1.0
FLJ26245,0.012821,0.0,4.204381,3.585
RIMKLBP2,4.115104,4.1699,0.736784,0.0
AP002954.3,5.093123,5.1496,1.825106,2.0
RP11-883G14.1,0.254459,0.0,3.428575,3.3219
MCF2L-AS1,2.728596,2.8074,6.059028,6.4094
CRB3,2.625586,2.585,9.880684,10.0307
AKR1B15,0.312051,0.0,4.679506,4.4114
CH17-472G23.1,4.131383,4.26765,0.814889,0.0
BPI,5.144733,5.30365,2.395868,2.3219
RP13-514E23.1,6.152664,6.2287,2.628659,2.585
NRK,7.475942,7.4468,2.969667,2.8074
SLPI,5.519382,5.42585,14.093951,14.3785
AC129492.1,4.605377,4.87795,1.18065,0.0
RP11-815J21.4,4.762633,4.8089,0.794258,0.0
TIMP4,7.16829,7.30375,2.642945,2.585
CD164L2,1.001973,1.0,6.259727,6.1497
RP11-347I19.7,7.963846,7.97055,5.374876,5.4266
FTH1P7,5.016549,5.0371,8.7648,8.7977
AC009005.2,2.937046,3.11585,6.663271,7.1024
FGF10,6.168376,6.1552,1.546454,1.0
PRRT2,11.694442,11.6568,6.192114,6.0875
IGHV3-21,2.057803,1.8114,5.66675,5.5267
RP11-57A19.2,0.602755,0.0,6.249038,6.5392
FXYD6,13.689451,13.6804,9.908636,9.9015
DPYSL3,13.554153,13.57365,10.834083,10.6935
CXCL8,3.740246,3.39065,8.418019,8.4221
ANTXR2,12.879881,12.88455,9.499466,9.697
APBA2,5.620262,5.4919,10.025096,10.4094
TNFAIP8L3,11.396608,11.3373,5.825819,5.9542
SPDEF,3.429615,3.1699,9.983511,11.014
KIAA1324,5.239418,4.6439,10.870497,11.733
HOXB-AS3,4.034226,4.0875,7.429026,8.1151
KB-1562D12.1,0.139832,0.0,4.09814,4.4594
ADAMTSL4,11.889764,11.86275,8.055958,7.9944
LINC00982,6.509397,6.5157,2.157191,1.585
PRPH2,7.017695,7.10845,4.39079,4.7004
CDO1,7.651759,7.6924,4.481082,4.0875
RP1-253P7.4,6.358172,6.56915,1.992573,2.0
RIPPLY3,0.986706,1.0,6.773248,6.7279
CDON,11.221785,11.264,8.359429,8.4732
PGM5P4-AS1,4.946351,4.9214,0.856296,0.3561
ZMYND10,5.422804,5.2479,9.064588,8.6653
CENPE,5.115797,5.0875,9.477646,9.6847
XDH,1.074149,1.0,7.207023,7.4512
STRA6,6.498909,5.6864,10.533692,10.6883
ECE2,5.494981,5.4263,9.873696,9.9917
ADAMTS9-AS2,8.471442,8.44625,3.489675,3.585
NEK2,1.853385,1.585,10.045246,10.2288
ALDH3A1,3.802935,3.85715,7.29246,7.1799
SCN2B,6.938706,6.9597,2.828808,2.3219
CRIP1,9.250754,9.45895,12.937495,13.2192
RNF112,7.953422,8.00145,4.629677,4.6439
DNM3OS,9.78656,9.76735,6.305005,6.2288
FAM83H-AS1,1.743862,1.585,9.870838,10.0084
PBK,1.639536,1.585,9.632819,9.7814
MARVELD3,3.728082,3.62525,9.987766,10.2396
FAM198A,9.613796,9.63815,6.906098,6.9959
MMP11,8.141586,7.4247,12.901495,13.0966
RP11-109P14.10,0.891315,0.0,5.171224,5.5644
NFASC,11.915604,11.9401,7.25911,6.9658
CCDC85A,7.801765,7.7491,3.624316,3.6088
INSRR,6.439713,6.51465,2.449637,2.3219
BMP7,4.021782,3.585,9.380328,9.411519
RP1-193H18.3,3.229312,3.7004,0.177485,0.0
RP3-325F22.5,1.122724,1.0,6.367687,6.5078
MUC1,9.991345,9.90095,14.073896,14.2555
EPB41L4B,4.371579,4.0875,9.87657,9.9773
MSL3P1,2.925536,3.58255,7.050711,7.8074
CA4,7.0773,7.0389,2.882049,2.585
FREM2,4.495833,4.0875,9.218662,9.4959
TMPRSS3,1.72689,1.585,9.699387,9.8517
ZNF662,9.918185,9.96645,6.443413,6.585
LRP1,14.854179,14.84175,12.518958,12.4959
RP11-498C9.13,0.899573,0.0,6.060093,6.8249
DDR2,12.324874,12.3154,9.193366,9.1421
KLK7,2.672873,2.3219,6.053796,5.7814
DLG1-AS1,0.402781,0.0,3.751052,3.9069
CLIP3,12.234796,12.2913,9.032726,8.9744
FBXL22,10.438962,10.63645,5.951835,5.9542
DACH2,4.826132,4.7539,2.070118,1.585
LOC100421166,4.523455,4.7549,0.234249,0.0
FRMD6-AS1,6.055635,6.0112,3.42424,3.585
CLMP,11.744209,11.7846,7.423679,7.6366
ZCCHC12,10.741546,10.74185,6.03517,5.7549
ELFN1-AS1,0.849136,1.0,4.873738,4.858
FOXG1,1.560595,1.585,5.347357,5.858
IGFN1,8.427426,8.0819,5.17147,4.807335
GOLGA8Q,5.377862,5.5702,1.452128,1.1635
TIAF1,9.003595,9.021,6.361366,6.4712
C1QTNF4,7.605535,7.6582,3.70372,3.585
WSCD2,9.641379,9.66625,3.946503,3.7004
TRPM2-AS,2.896365,2.8074,7.334489,7.7279
COL6A4P2,6.356059,6.5312,3.050664,3.0
RP11-927P21.5,6.423723,6.4999,2.951472,3.4396
TMPRSS4,2.372621,2.3219,11.928336,12.3805
F11R,9.666379,9.606,13.422201,13.554
MYOZ2,6.499555,6.4093,1.200599,1.0
DNAAF3,4.135855,4.2479,9.112263,9.1749
NUP210,7.252453,7.0874,12.331832,12.3443
DLGAP5,1.8692,1.585,10.060934,10.2033
ZNF280A,0.30891,0.0,4.342918,4.6439
EXTL1,7.150042,7.28995,4.483877,4.585
C9orf152,2.30066,2.3219,7.532294,8.0168
TEKT2,4.639374,4.7004,8.258177,8.1649
JSRP1,3.220727,3.25095,8.266798,8.5596
IGKV3-20,4.499204,4.2849,8.089979,7.8559
HRASLS2,1.013333,1.0,5.1638,5.2479
RP11-594C13.1,4.076024,4.2089,0.194609,0.0
RP11-535A5.1,5.462658,5.39195,0.614034,0.0
LINC00626,0.130385,0.0,3.280905,2.8074
MYOC,7.392197,6.99985,4.719352,4.7004
LRCH2,9.179718,9.1923,5.75226,5.6724
PLIN4,11.763022,11.84175,7.31045,7.1799
SLC25A48,0.57456,0.0,3.686355,3.585
TTK,3.119705,3.0,9.78479,9.9901
AOC4P,6.276527,6.3362,1.553258,1.585
IGLV3-1,2.308379,2.0,5.819154,5.7101
PDZD4,9.747377,9.86875,6.09322,5.858
IGLV3-21,2.713686,2.45345,5.99609,5.5546
MMP15,7.931124,7.9801,11.87591,11.9762
CSPG5,3.942062,3.8074,7.850189,7.9009
PCDHGB4,7.627019,7.69125,4.41776,4.211
DMRT1,0.368582,0.0,4.244205,3.9069
MYEOV,2.977042,3.1699,6.583378,6.5392
RASSF7,7.785635,7.7448,11.602381,11.6115
FOXA3,1.608563,1.585,5.125738,5.0
PPP1R14A,11.035288,11.1234,8.257153,8.2336
KLHL33,4.823119,4.9069,0.674777,0.0
THPO,7.103932,7.098,3.829174,3.4594
ABCD2,6.743036,6.89475,3.742145,3.8074
F10,8.799628,8.9189,5.509068,5.3576
MFSD6L,1.608549,1.585,7.671322,8.0389
MACC1,3.898554,3.5222,8.776884,8.9887
AC090044.2,3.137709,3.3219,0.262722,0.0
SMIM22,1.834501,1.585,10.51547,10.9787
AC079630.4,5.691582,5.67215,2.241361,2.0
CTD-2008P7.8,0.051282,0.0,3.638025,3.3219
ITPR1,12.450373,12.4083,8.663688,8.817
FAM83H,4.277986,3.95345,12.274984,12.3432
FIBIN,8.999287,9.13825,5.728832,5.8074
RAP1GAP,5.243817,5.1084,10.87212,10.9189
WNT7A,1.414122,1.0,9.048136,9.585
FBP1,5.114608,5.1496,8.897747,8.9972
RP11-440I14.2,4.035444,4.19975,1.101152,0.0
CD1A,0.559038,0.0,4.169255,4.0875
RP4-737E23.6,4.348312,4.0875,1.038333,1.0
CTB-178M22.2,0.539158,0.0,3.690102,3.7004
CCDC64B,3.224444,2.8074,10.193291,10.4925
HP09025,4.325626,4.42585,0.730972,0.0
CRNN,4.565928,4.61445,1.367648,0.0
C20orf166-AS1,8.923849,8.9613,1.932424,2.0
RP11-283G6.4,0.744832,1.0,4.148088,3.8074
RP11-1143G9.4,2.880588,2.90575,7.6576,7.8193
CYBRD1,13.209783,13.25565,10.488637,10.6384
HSPA12B,10.062,10.08615,7.425426,7.3309
RP11-276H19.1,6.798723,6.8642,1.873126,1.585
WISP2,9.487369,9.8162,4.962092,5.0875
PRSS53,8.78686,8.7113,5.877233,5.9916
PITX1,3.646556,3.585,8.42733,8.5661
DCLK1,9.587776,9.71425,7.003084,7.0768
LINC00858,0.749921,0.0,4.673141,5.1293
RIMBP2,7.888106,8.0394,5.327226,5.2479
GRIP2,8.067253,8.04805,4.810904,4.8166
AP000473.8,7.252686,7.3966,2.208782,2.3219
FAM92B,1.125776,1.0,4.985892,4.4594
TMEM240,7.848132,7.8917,5.260456,5.2095
MIR133A1HG,4.709247,4.8074,0.996099,0.0
PARM1,11.593714,11.62975,8.951522,8.9069
TFCP2L1,4.177771,4.2479,9.905499,10.261515
CXCL9,3.676851,3.39065,8.428657,8.3837
IGLC2,7.081422,6.92385,11.159736,11.3042
AKR1B10,2.246714,2.3219,5.809765,5.2257
CACNA2D1,9.860503,9.88335,6.207861,6.0224
ITGA10,9.018551,8.99715,5.75291,5.7549
TEKT1,1.642265,1.0,5.394513,5.0444
AC016995.3,5.752155,5.7804,2.190164,2.0
BEGAIN,7.7757,7.804,4.710256,4.7549
SNHG24,3.416397,3.3219,0.633507,0.0
AL162151.3,6.886691,7.0449,3.811675,4.0461
TNS4,2.884413,2.8074,6.630328,6.4757
MTND5P1,4.044605,4.1699,0.865842,0.0
PI3,2.270279,2.3219,8.310532,8.5661
CAPSL,0.680559,0.0,6.37699,6.5699
OR2I1P,0.600427,0.0,4.615398,4.7004
PLSCR4,11.000627,11.0209,7.174264,7.3923
ERBB3,7.153394,7.15975,12.422754,12.5563
AC007009.1,2.214985,2.3219,6.502414,6.5396
FAM72B,3.668281,3.8565,7.611444,7.6235
CRHR1,6.512529,6.6653,2.579728,2.3219
LEFTY2,10.961545,10.494,6.143224,6.1669
RP11-446H18.1,4.848295,4.72565,1.12827,1.0
DMRTA2,0.875215,1.0,4.935333,4.7004
HERC2P3,10.118836,10.05385,7.214525,7.5719
FAM106A,5.245063,5.387,2.040211,1.7908
FBLN5,13.041044,13.1519,10.500405,10.4949
NAALAD2,8.752365,8.64205,5.395618,5.2095
FAM83D,4.57444,4.5222,9.590701,9.9114
CTD-2626G11.2,1.217465,1.0,5.720893,6.1497
SOAT2,4.23974,4.3219,1.401379,1.0
RP11-448G15.3,9.233937,9.16365,5.652251,5.7279
FAM181A,1.138253,1.0,6.839421,7.5329
GRHL3,2.16216,2.3219,6.346852,6.5546
CYP2A6,4.465755,4.4173,1.273242,0.0
RP4-738P15.6,2.02425,1.844,6.884526,7.1147
PRSS22,1.947065,1.585,8.999137,9.3966
TMEM52B,0.721728,0.0,3.882245,4.0
HPN,5.081019,4.7549,10.016067,10.643
HTR3A,0.742885,0.5,4.906236,4.8074
TOP2A,5.1165,4.88245,12.363512,12.4699
SSTR3,6.876135,7.0112,3.102135,3.3219
TSPAN33,5.997582,6.1189,10.030996,10.0821
SLC8A2,8.937879,9.11445,4.177545,4.1699
HAPLN2,6.812313,6.85795,2.032957,2.0
ENTPD8,2.429209,2.3219,6.914794,6.9189
TACC1,13.627826,13.65505,10.130385,10.1228
LTF,5.675432,5.5546,9.947023,9.3015
TFAP2A-AS1,1.955846,2.0,5.679392,5.9319
DSP,8.449072,8.4613,13.511347,13.6935
SKA1,2.535547,2.585,8.815016,8.9218
PNLIP,5.293401,6.19965,0.2136,0.0
ATP1A2,9.202162,9.3976,5.242389,4.9069
SLC25A27,10.719878,10.6293,7.714421,7.9715
ARHGEF16,4.334631,4.3571,10.389343,10.5294
FXYD4,0.276523,0.0,4.022613,3.9069
NCAPH,3.664586,3.585,9.738952,10.0403
TPSB2,9.792896,9.844,6.504886,6.7208
SLC52A3,5.279314,5.2849,9.060656,9.3061
RP11-230F18.5,6.982632,6.99435,4.268883,4.3219
CST6,2.781285,3.1699,6.253393,6.1898
NEURL1,10.398823,10.42275,5.049853,4.6439
CHST6,3.025787,3.0248,9.327993,9.585
CTD-2012K14.5,5.306881,5.44285,2.612269,2.585
BRIP1,4.560241,4.3571,8.367691,8.4838
MRGPRF-AS1,6.786117,6.875,1.138628,1.0
ODAM,0.623999,0.0,3.900002,3.9069
PAGE4,5.972986,5.94245,3.179707,2.3219
GFPT2,10.337709,10.31965,7.404847,7.2668
SHE,10.264309,10.27845,6.833888,6.7814
GOLGA8K,4.959388,5.01835,2.110563,2.0496
KSR2,1.146718,1.0,6.178351,6.1583
NDN,11.21956,11.22785,8.067261,8.0498
AC018462.3,4.513953,4.8321,1.388377,0.0
FAM72D,2.705995,3.06165,7.235477,7.3445
DEPDC1,2.12411,2.0,9.187097,9.426
RPL12P38,0.616245,0.0,4.724455,4.8349
NAPSB,4.403224,4.49585,8.122234,7.9333
ZNF300P1,8.9069,8.60915,3.25841,3.3219
LTB,4.043817,4.04375,8.619048,8.5962
HS6ST3,7.768162,7.84535,4.726542,4.7549
CHMP4C,4.165188,4.1699,9.830476,9.9322
FAM83A,1.347203,1.2925,5.786505,5.5546
FOXJ1,1.878408,1.0,11.649591,11.9414
DPP10-AS1,0.364887,0.0,4.01727,4.0875
C2orf70,1.729432,1.585,6.347752,6.8455
HSPB3,5.235953,5.0222,1.94335,2.0
LDHAP3,0.30274,0.0,3.405197,3.7126
TSPAN1,5.657029,5.5236,12.187232,12.561
POLQ,3.722903,3.585,8.812652,9.0821
CTB-191K22.5,1.019523,0.09045,8.979894,9.3274
C9orf171,0.733253,0.0,5.267094,4.8074
AUNIP,3.405469,3.5378,8.188486,8.388
CENPA,1.93049,2.0,9.022206,9.1573
CCDC33,1.514892,1.0,6.337024,6.6147
ZACN,5.205003,4.69025,11.38541,11.4466
FAM72A,4.142574,4.14735,7.872489,7.9057
XXyac-YR38GF2.1,3.493758,3.4594,0.73244,0.0
CELF2-AS1,4.575758,4.5543,1.080799,1.0
LINC01563,3.923891,4.0875,0.906012,1.0
CCDC136,8.68396,8.72605,5.231356,5.2095
TBCAP1,0.87305,1.0,3.934579,4.126
IGHG4,5.528645,5.5253,9.157282,9.162374
GDA,2.013767,1.585,9.65752,10.2738
RP11-126K1.6,2.675078,2.585,6.041109,6.1085
MEG8,4.066927,4.0875,1.103635,1.0
PLA2G10,1.172983,1.0,5.212435,5.3985
FERP1,4.92161,4.99615,2.0833,2.0566
HNRNPA1P4,0.74606,1.02505,5.082114,5.269
CLSTN2,10.517892,10.61335,7.847903,7.585
ZNF540,8.592579,8.51945,5.381016,5.3923
RP4-614O4.12,6.186777,6.0334,3.362367,3.4594
ZSCAN23,5.480341,5.5543,2.842323,2.585
FAM3B,2.467773,2.585,7.026405,7.1599
CH507-236L23.3,0.780463,0.4114,4.058965,4.0295
RP11-522B15.3,8.64605,8.5755,4.338011,4.3219
FAM138B,5.163191,5.05805,0.455416,0.0
C2orf72,2.257169,2.3219,5.962826,5.9069
VIL1,3.18606,3.37645,7.749514,8.0134
RNF183,3.769204,3.585,8.872572,9.1293
ACTA1,6.045574,6.23685,2.725121,2.8074
CBX2,6.944853,6.95415,10.463837,10.6874
RP11-514O12.4,0.551519,0.0,4.356008,4.4263
EIF5AP4,0.75289,0.50535,5.871678,6.3445
HOXB13,0.439063,0.0,6.296642,7.5392
GPM6A,7.775533,7.75475,3.524291,3.1699
BLACAT1,3.040203,3.08495,7.418929,8.0056
OR7E22P,1.028251,1.0,4.697825,5.0444
HTR2A,5.392782,5.42585,1.994961,1.585
GRHL1,4.190399,4.0875,8.865311,8.9687
CDC6,4.842277,4.7539,10.248488,10.3587
RP11-613D13.8,5.828788,5.61375,1.681368,1.585
TTLL10,2.247129,2.3219,5.468428,5.1699
EPHA1,6.520388,6.51555,10.090426,10.2432
PRSS21,1.911018,2.0,5.78776,5.585
COL16A1,13.228591,13.22855,10.013365,10.065397
DYDC2,1.438073,1.0,6.443367,6.7279
RP11-411A19.5,4.09059,4.1699,0.842732,0.0
RP11-353N14.2,1.053968,1.0,5.134667,5.3576
CXCL14,6.519623,6.49045,10.001848,9.7482
EPCAM,4.319659,3.8074,14.527367,14.7272
PCDHGB7,9.190513,9.21765,5.942817,6.0148
RP3-525N10.2,7.592178,7.4594,1.905416,1.585
CENPF,5.95549,5.96575,12.062134,12.1895
RP11-872J21.3,3.275149,3.39065,6.588546,6.7004
ST14,6.076805,5.96535,13.883315,14.0429
CHRDL2,11.736915,11.76,4.313801,3.9069
ADCY4,11.900605,12.01065,8.1555,8.1274
AC025165.8,9.164459,9.231,3.122184,3.2095
PCDHGB5,8.228795,8.3612,5.388384,4.904752
MRGPRF,12.740864,12.8361,7.896311,7.9756
MNX1-AS1,0.122885,0.0,4.004991,4.2479
SLC2A4,9.099251,9.12785,5.065304,5.0875
UGT1A6,0.480523,0.0,3.832313,3.1699
CORO6,9.966431,10.01385,5.999428,5.8329
PAFAH1B3,7.780559,7.7888,11.831033,11.8677
MCOLN3,8.940836,9.20485,6.223134,6.2668
NRXN1,5.170162,5.1084,2.331504,2.0
RP11-403B2.7,4.600729,4.66645,1.16436,1.0
DACT3,11.422236,11.39555,7.078101,7.0334
PGM5P2,6.455928,6.3399,2.341623,2.585
MAMDC2,12.137649,12.2037,5.054162,5.2095
GFRA1,9.983138,10.0887,6.136506,5.8826
RP11-97O12.6,7.746587,7.6475,4.998068,5.1293
SLC1A7,7.490076,7.6308,2.985301,3.0
IL1RN,4.313133,4.1699,8.359414,8.3129
RP1-27O5.3,0.503028,0.0,3.770244,4.2118
AMY2A,4.757167,5.3643,0.492067,0.0
RP11-327J17.9,5.800159,5.71415,1.529423,1.0
NBEA,10.239414,10.2306,7.148845,7.4346
MIR497HG,8.665306,8.62275,5.898991,5.691
KCNG3,1.389708,1.0,5.001154,5.1293
TMEM158,10.926432,11.03545,8.399908,8.4305
AGAP11,9.352068,9.3364,3.499572,3.8738
KIAA1755,10.109222,10.1389,6.428814,6.5392
MISP,2.041549,2.0,10.92007,11.2871
ARHGAP6,10.733387,10.7129,5.686234,5.5236
PLA2G4F,1.961453,2.0,6.581987,6.8202
ZBTB45P2,2.825192,3.95735,6.342891,7.142
TPX2,4.737686,4.6427,11.960706,12.179
LAMC2,7.802929,7.7975,12.333019,12.5316
KANK2,14.552718,14.5662,11.530018,11.6198
HAMP,1.841188,1.585,5.226149,5.2479
FLJ35934,5.84839,5.8905,2.313333,2.2265
FPGT-TNNI3K,7.355008,7.41485,3.68274,3.756
DLG2,7.858653,7.9247,5.255501,5.1293
HNF1A-AS1,0.877091,0.0,4.496561,5.0875
OTUB2,4.210682,4.10415,8.03481,8.0667
LY6K,4.196645,4.3165,7.737494,8.0962
SERPINF1,13.568526,13.4918,10.821285,10.8234
GCSAML,4.144118,4.1287,1.418771,1.0
RP11-506H20.1,0.433742,0.0,3.592408,3.7004
ADAM29,4.403917,4.7004,0.542689,0.0
SYNE3,9.852731,9.7796,6.726615,6.7549
RP11-110I1.6,0.262863,0.0,4.458539,3.4515
PEAR1,11.067196,11.0777,6.694959,6.7814
CFAP57,3.619368,3.71035,7.279018,7.1666
HRC,8.248024,8.2668,4.892947,4.585
CBFA2T3,8.825305,8.82635,6.065233,5.9307
GDNF-AS1,5.637122,5.9542,2.36748,2.0
RSPO1,10.984997,11.0686,4.420502,4.4594
IGLV6-57,1.953465,1.585,5.357505,5.0444
AC009166.7,5.260763,5.39065,2.496168,2.585
CDCA2,1.984053,2.0,8.953729,9.1293
LYPD1,2.586901,2.40395,10.063959,10.0603
KIF26B,5.476317,5.1293,9.656125,9.9009
TPM1,15.365465,15.4056,12.402764,12.3419
UBD,2.90869,2.585,9.516081,9.6812
SPATA17,3.597353,3.7004,8.011575,7.9887
PRLR,11.35231,11.52455,8.142563,8.7211
GSTM5,10.223365,10.21865,5.125876,5.0875
SULT2B1,1.969728,2.3219,7.758759,7.9188
GNGT1,0.076923,0.0,3.685892,4.060506
AL513523.2,6.970009,7.61505,10.646704,10.8908
ACKR4,6.931082,6.77275,3.990661,3.9069
RP11-517I3.2,8.632174,8.68105,5.683373,5.8074
BTNL9,10.301172,10.4486,7.173902,7.2854
GPR17,8.963569,8.86365,2.976326,3.0
AC053503.12,6.968796,6.90685,0.886363,0.0
SLC5A4,5.653486,5.585,2.457146,2.3219
CASP12,6.015763,6.0224,2.219427,2.3219
JAM2,10.955291,10.90245,7.863664,7.6865
RP5-1054A22.4,4.419776,4.3923,1.163929,1.0
RP3-333A15.2,6.637058,6.72785,0.884853,0.0
HSPB7,12.417994,12.3896,5.893054,5.7004
KRT13,8.179653,8.26435,5.037811,4.7004
SAA2,3.032824,2.91455,7.427303,7.6945
LINC01541,2.189517,1.0,5.625802,5.0875
FBXO32,13.444118,13.45115,9.886511,9.8186
RP11-875O11.1,8.074435,8.14075,4.785376,4.9336
EDAR,0.98756,0.0,5.091998,5.3923
SETP2,5.320341,5.5546,0.121644,0.0
RP11-469H8.6,0.447401,0.0,7.524682,8.0498
DRAXIN,1.905121,2.0,6.094458,6.0661
FANCA,6.269171,6.2763,9.946396,10.0688
RP11-438B23.2,7.216044,7.5469,2.264752,1.585
OXCT1-AS1,5.823605,5.77435,2.856864,3.0
RERG,12.343058,12.41955,6.805986,6.794387
NEXN,11.592597,11.68735,7.264424,7.3546
MAP7,6.033865,5.9069,10.881496,11.0105
STMND1,0.93695,1.0,4.8193,4.2479
SIGLEC15,1.621,1.585,6.248063,6.0444
MTL5,4.444431,4.3923,8.782747,8.8202
TMEM30B,6.503058,6.5765,10.257414,10.8057
CKMT1A,1.607296,1.75915,8.604251,9.0689
AL158801.1,1.306921,1.57465,5.715224,6.0117
EBF3,7.54851,7.7728,4.284323,4.2149
RP3-522D1.1,0.774479,0.66875,4.363947,4.4423
COL6A6,5.948476,5.9188,2.962545,2.585
SLC9A2,1.108018,1.0,7.219323,7.3399
SAA1,4.1273,4.02455,8.436844,8.9407
SNAP25,8.940976,8.9365,5.159326,5.0
AC073130.3,3.989329,4.0875,0.600806,0.0
KCNAB3,10.179731,10.25735,6.525198,6.6294
RP1-60O19.1,0.472088,0.0,3.647995,3.585
CACNB2,9.51394,9.55475,4.67186,4.7549
MUM1L1,9.775586,9.8678,5.607687,5.8826
CDH23,10.224151,10.1793,6.678395,6.6004
RP11-6O2.3,6.311926,6.39335,3.008547,3.0841
CHGA,2.983815,2.9037,8.13694,7.4094
RP1-20B21.4,0.05949,0.0,4.588055,3.8043
VWA3B,2.229847,2.16095,5.870546,5.7814
LRG1,5.200751,5.1496,10.141576,10.6573
ABCA10,9.443746,9.3154,5.09024,5.054
WDR93,2.709965,2.8074,6.177129,6.0444
LINC00578,4.297908,4.3571,1.530489,1.585
CLDN18,4.991492,5.1084,1.58349,1.0
SIGLEC17P,5.587638,5.6864,2.806971,2.8074
C20orf203,6.067404,5.96575,2.222687,2.0
PGA5,4.979667,5.5885,1.972336,1.5753
DDIAS,4.824826,4.72765,8.635668,8.7582
MTMR11,11.026873,11.0614,8.474003,8.4717
ANKRD18A,1.130065,1.0,5.018289,5.7268
RP11-835E18.4,4.727531,4.98635,1.047597,0.0
CABP1,7.490212,7.4757,4.759052,4.7549
AMY1C,0.252336,0.0,5.374474,5.4152
GARNL3,10.006542,9.9454,7.171204,7.3038
RP11-1212A22.1,11.373751,11.36055,8.144267,8.5324
FGF19,0.341815,0.0,3.82144,3.3219
TRDN,4.880027,5.06465,1.157908,0.0
FOXA2,1.571326,1.0,8.365944,9.2761
CES3,3.954844,4.0,8.351477,8.585
FXYD3,4.431381,4.3923,10.855665,11.1504
VWC2,6.030258,6.1084,2.271282,1.585
LRRTM1,3.793692,3.7004,8.488296,8.93078
ABCC8,6.868956,6.6864,2.662576,2.3219
MEIS3,11.885063,11.8881,7.410258,7.3928
AF001548.3,5.962045,5.9188,0.360226,0.0
FEN1,7.499755,7.58875,11.364394,11.5236
SRRM3,9.358079,9.31845,6.527847,6.4919
LRRC26,0.709997,0.0,4.381288,4.4686
COL4A2-AS1,3.575078,3.4594,0.712169,0.0
NWD1,2.36895,2.3219,6.935428,7.2946
RP11-9E17.1,4.208817,4.1287,9.714125,9.983
RP11-589M4.4,4.51076,4.4915,0.533134,0.0
CACNA1C,12.646117,12.60545,7.636032,7.6397
RAD51AP1,4.898344,4.88245,9.054686,9.2691
ARHGEF25,12.568983,12.54525,8.789813,8.9465
RP11-316M1.12,1.724914,1.73985,8.99441,9.1655
AP1S3,3.619664,3.585,7.243539,7.1699
MAL,5.770172,5.76815,9.208096,8.8826
RP11-629G13.1,4.663122,4.75445,1.368437,1.0
HOXA11,11.953276,11.91765,8.651172,8.8527
RP11-122M14.1,0.34576,0.0,4.144864,4.0
C1orf194,2.097704,2.3219,6.402843,5.9307
PPAPDC3,8.225633,8.2408,5.167449,5.0875
PCDHGB3,6.697567,6.83985,2.794158,2.7485
LCN6,9.091965,9.1624,1.760277,1.0
XIST,15.796047,15.8722,13.185002,13.7315
FHAD1,3.856551,3.93025,7.589081,7.3169
COL6A2,16.247605,16.20975,13.325169,13.4809
PCDHGA12,7.999477,8.0478,4.371994,4.5619
KRT80,3.695497,3.585,9.025541,9.0389
LAMA4,12.929855,12.93325,10.279905,10.1812
TRIM9,8.867242,8.9701,5.594532,5.7814
CTD-2104P17.1,5.464833,5.61445,1.791884,1.585
SOX15,7.909858,7.9307,5.009187,4.8074
RIC3,9.977405,10.04025,3.787386,3.585
GPT2,7.821773,7.7813,11.870656,11.8865
RP11-672L10.2,3.535786,3.8074,0.62173,0.0
RP11-96L14.7,2.084985,2.3485,5.677309,5.6226
C1QTNF7,9.063101,9.1932,5.711261,5.7549
MYH2,3.966927,3.90665,0.572077,0.0
MAP2K6,5.580031,5.44285,10.288234,10.5546
RP11-387A1.5,4.853496,4.9069,1.784579,1.585
RP11-864N7.4,7.047046,6.8887,0.87577,1.0
CALHM2,11.556314,11.54055,8.676481,8.6404
RP11-128A17.2,4.633982,4.61445,1.405957,1.0
PABPC1P4,6.661385,6.7004,2.77363,2.8094
RBBP8NL,0.830887,0.0,8.891367,9.2216
MYL9,15.848217,15.85235,12.284318,12.4041
PHLDB2,11.303923,11.3359,8.296446,8.3399
AHNAK,16.385533,16.40435,13.801102,13.9754
RP11-449P15.1,0.84165,0.0,4.745202,5.5323
TDO2,1.956115,2.0,5.903166,6.0
MMP7,7.763921,7.8944,12.371239,12.5948
TCF21,8.616992,8.9067,3.547799,3.3031
LRRK2,10.268597,10.32755,6.270573,6.2668
CDS1,5.959412,6.0875,10.578147,10.7305
SPC24,4.660351,4.5236,10.059664,10.151
IGF2BP1,0.86906,1.0,4.431644,3.7004
PALM2-AKAP2,8.109653,8.10385,4.320787,5.0409
TRIM31,1.681483,1.585,5.525071,5.0875
AP000473.5,6.121426,6.19965,2.412096,2.585
CAPN9,1.25566,1.0,7.022948,7.2946
ARHGAP40,1.076159,1.0,6.665093,7.1497
RP4-530I15.9,5.302873,5.32475,2.24783,2.3219
RP11-679B19.1,8.552132,8.4594,3.246304,3.3219
OASL,3.787805,3.5222,8.425605,8.4717
CECR2,8.416658,8.64855,5.248249,5.0875
RP11-21B21.4,4.077186,4.2479,0.645816,0.0
SYCE3,0.345192,0.0,4.295109,4.2479
BCHE,9.235842,9.34865,4.197185,4.1699
CLDN7,5.046674,5.06595,12.741983,12.9518
AC104534.3,0.747494,0.0,7.40136,8.8932
CKS1BP3,0.398235,0.0,4.405513,4.4731
HGD,3.014563,2.8074,9.749817,10.1948
MIR1-1HG,3.690435,3.7539,0.146364,0.0
PRDM8,9.502179,9.53525,4.683258,4.6439
KCNMB1,12.145337,12.2807,6.680326,6.5392
BLNK,4.327663,4.5661,8.731035,8.9129
LINC01229,3.742258,3.9069,0.956101,1.0
APOC1,5.190445,5.06595,10.571777,10.6147
SGPP2,5.450704,5.47495,9.727727,9.8626
PCBP3-OT1,4.293637,4.3923,1.360201,1.0
GYLTL1B,3.659178,3.0,11.206414,11.4838
RP11-554A11.4,7.820035,7.95995,3.640082,3.585
CAPS,9.726386,9.6293,13.352916,13.2827
CBX7,12.730977,12.8354,9.058978,9.033
DIAPH3,3.012069,2.8074,9.042494,9.1137
VPREB3,0.805562,1.0,4.178013,4.1699
SMC2-AS1,6.181854,6.1699,3.497016,3.585
PLK1,6.74164,6.7748,10.685316,10.9522
AC007192.6,2.803447,3.39,6.423056,6.501
TSHZ3,11.323914,11.3267,7.257306,7.3663
LRRC31,0.512173,0.0,4.62965,4.4594
IDH1-AS1,1.620487,1.585,4.943667,5.1293
FKBP5,12.416641,13.0437,9.615132,9.6865
FOXL2NB,8.271628,8.5724,4.791881,5.0
VIP,6.029173,5.9542,1.672895,1.585
MEIG1,0.865329,1.0,4.202287,4.0875
C11orf96,12.42454,12.45115,8.553739,8.5118
WHAMMP2,8.719364,8.73795,5.594534,5.9453
NOTUM,1.900676,1.585,7.532057,6.9773
RP11-755F10.3,5.668013,5.69135,2.13717,2.0704
RP11-354M20.3,4.219967,4.4209,1.441743,1.0
SYPL2,8.781877,8.7715,4.590722,4.4594
FAM183A,1.5791,1.585,6.188061,5.8826
ACTC1,7.544156,7.34875,3.820988,3.585
PHBP9,5.383286,5.3576,2.682978,2.8074
EGFL6,3.564906,3.4594,8.455644,8.2046
DCHS1,12.831769,12.8086,9.426635,9.4706
SBK1,4.944924,4.8327,11.065054,11.3493
RP11-359J14.2,4.653355,4.8074,1.096025,1.0
TUBA4B,0.563447,0.0,5.145546,4.7208
NPR2,11.160871,11.18525,8.30767,8.3282
CCDC64,4.791765,4.7004,9.381679,9.4858
RP11-3J1.1,0.064103,0.0,3.35852,3.585
RP11-532F12.5,1.79109,1.7925,8.87048,9.014
PRL,5.791528,6.0444,2.478879,2.3219
MATN2,13.039537,13.10665,10.463425,10.5622
DLX5,5.222709,4.858,11.14714,12.0144
EDA2R,8.796006,8.8057,5.316988,5.5546
C2orf54,1.502195,1.585,7.8438,8.1799
STX1B,8.209601,8.2574,4.46685,4.3219
LA16c-390E6.5,5.42129,5.9974,9.402276,9.5824
SOCS2-AS1,9.728185,9.6837,5.097075,5.1293
GATA6,10.9211,11.05985,6.936648,7.0
HSPB8,11.68996,11.7831,8.722478,8.7313
SLC12A3,0.63829,0.0,4.140291,3.7004
SNRPGP2,2.056932,2.3219,5.764586,5.9598
GTSE1,3.927236,3.9069,9.611149,9.7279
MUC5B,3.934,3.7004,8.93441,8.5584
RP11-20J15.3,4.747017,4.7596,1.657145,1.585
LINC01320,1.313373,0.0,5.812824,6.6147
NEIL3,0.833146,1.0,6.986863,7.2384
AC003973.3,8.126496,8.1241,2.823406,2.585
AC116366.6,7.823537,7.7998,5.053568,5.2946
RP11-627K11.1,1.394694,1.5898,4.558013,4.6651
KRT8P45,1.504654,1.585,5.502597,5.671
RP3-405J10.3,5.252664,5.1886,1.831166,1.585
HNF4G,0.905831,0.0,6.354562,6.7814
COL14A1,12.548118,12.44485,9.689153,9.6812
KCNJ8,9.944595,9.9503,7.197145,7.1699
COL6A3,15.111803,15.07,12.240278,12.1737
RP4-742C19.13,7.973901,8.03525,3.227584,3.4316
SULT1C2,4.242187,3.95345,7.928846,8.1293
DST,14.384151,14.46385,11.398659,11.4788
JPH2,12.282264,12.40285,6.240855,6.1898
WT1,11.924268,12.04865,7.186002,7.0875
DUSP9,0.729309,1.0,5.359072,5.2479
MRVI1,12.788667,12.84565,8.700293,8.7682
RBPMS,13.416851,13.4389,10.882914,11.0835
DPY19L2,9.994392,9.98075,6.712862,7.0532
LINC00885,0.334319,0.0,4.315185,4.7549
CTSG,4.902336,5.04375,2.115057,2.0
AP000251.3,0.342573,0.0,4.650775,5.1699
DES,16.527387,16.5982,8.689571,8.6546
FOXQ1,0.801124,0.0,6.59827,6.7549
ACTA2,17.102356,17.1343,12.273168,12.1538
SNAI2,10.426669,10.463,7.610621,7.5925
ADH1B,13.648978,13.73285,3.528878,3.0286
PRIMA1,10.175026,10.25565,7.337829,7.6865
MYH11,17.100291,17.15515,10.00371,9.6628
DOK7,3.796205,3.6427,7.949849,7.8202
CTD-2270F17.1,4.642971,4.7549,0.43871,0.0
HIST1H2BJ,3.207399,3.1699,6.511039,6.4759
RP11-321P16.1,4.162517,4.1287,0.362468,0.0
AC009336.19,8.936132,8.96525,3.535686,3.7344
COL9A1,2.247844,2.0,6.324039,5.7814
SLC7A3,6.990478,6.8887,4.308752,4.6439
CCNF,6.503221,6.4985,10.074385,10.1712
C1orf233,3.864982,3.8074,8.737731,8.4838
PCP4,9.347467,9.2887,5.802909,5.8074
STOML3,0.207877,0.0,4.01057,3.585
DEPDC1B,3.298421,3.1699,8.929169,9.2336
DCAF12L2,5.376021,5.5391,1.987047,1.585
GJB2,4.651613,4.3923,8.802018,8.7879
C10orf142,3.632249,3.7489,0.731374,0.0
CTD-2008P7.9,0.595473,0.0,3.821956,3.8074
TNXA,4.186563,4.3359,1.469259,0.0
TWIST2,9.73406,9.7417,6.713731,6.8826
SLC6A3,4.55541,4.72765,1.870472,1.585
CYP4F12,8.998031,9.09715,3.69371,3.4594
CTA-384D8.35,0.816458,1.0,4.685298,4.6588
DMBX1,0.196667,0.0,4.994161,5.0
AC104667.3,1.723947,1.585,5.685538,6.0224
CTD-2231H16.1,0.675618,0.0,5.0215,5.3219
ABCG2,10.181831,10.24535,6.753739,6.7814
XRCC2,4.611744,4.585,8.361041,8.4838
FAM111B,2.665123,2.585,8.356899,8.4998
MTND4P12,3.035772,3.0009,8.486274,9.5801
ACTN2,6.259042,6.1898,3.162222,2.8074
COL4A6,11.840917,12.03415,5.653784,5.858
PRAME,3.632253,3.3219,13.099633,13.432
RAB25,3.621336,3.3219,12.029569,12.4075
LINC00540,0.910864,1.0,4.323936,4.1699
RP11-510N19.5,1.079138,0.0,6.572647,6.9856
LINC00894,8.921953,8.8947,5.627316,5.7296
LEMD1,1.603583,1.5222,6.392268,6.4429
RRM2,3.361696,3.0,11.233306,11.4532
SUPT20HL2,3.962568,3.99095,0.425789,0.0
KLF17,4.949003,5.0222,0.803606,0.0
SNX29P2,6.251288,6.3535,3.287721,3.3477
CRABP1,0.783383,0.0,6.895488,6.375
DNAJB13,2.447379,2.3219,7.968455,8.4714
PTPRR,7.349145,7.30815,4.545458,4.5236
SDSL,5.725182,5.7814,9.867646,9.8978
MYL2,4.391185,4.858,0.869216,0.0
CLDN3,3.097031,2.585,13.112912,13.4929
ULBP3,2.185978,2.3219,5.833821,6.2228
CDT1,4.523599,4.4594,10.144018,10.2656
RP11-630A13.4,4.697076,4.78115,0.959941,1.0
RP11-143E21.3,1.063083,0.0,5.998059,6.3576
C7orf57,1.410571,1.585,4.87731,4.3219
FAM3D,2.003577,2.0,5.335195,4.9837
FAM83B,0.832338,1.0,5.114388,5.585
C1orf106,2.771865,2.8074,10.464332,10.713
AC009065.4,0.0,0.0,5.35082,5.6229
SYT17,5.402288,5.33975,9.245081,9.4919
N4BP2L2-IT2,8.711597,8.63275,5.619526,5.7004
CLDN4,6.055745,5.9307,13.903212,14.1318
DHCR24,9.225504,8.87185,13.264741,13.4814
LINC01207,0.287164,0.0,3.527578,3.4594
SPAG17,2.336359,2.02325,6.711057,7.1357
GPR20,5.915536,5.99985,2.139957,2.3219
RAB11FIP1P1,7.894101,7.91055,4.352419,4.811
MEG9,6.464353,6.5698,2.127005,1.585
RP11-958N24.1,11.646719,11.64225,7.604053,8.3617
ENC1,7.538038,7.392,11.588044,11.4972
SLC34A2,3.390787,3.0,12.560249,12.8406
ECEL1P2,0.442721,0.0,4.256606,3.8074
CTD-2510F5.6,1.189158,0.0,5.476473,6.3176
PPP1R14C,3.393551,3.2459,8.977102,9.5372
FGF2,10.848136,10.8839,6.787541,6.8176
LINC01016,7.008286,6.93865,1.307072,1.0
RP11-519G16.5,0.652164,0.0,5.597216,5.7996
ENPP5,4.447824,4.4594,9.662229,9.8796
CTB-102L5.4,0.773938,0.0,5.143226,5.246
CLDN5,11.552664,11.47715,8.800622,8.9069
TMC4,7.205156,7.1898,11.729206,11.8834
RAB11FIP4,6.461426,6.44285,11.923729,11.969
CENPK,4.555988,4.5236,8.328833,8.7245
APBB1,11.876253,11.87485,9.229657,9.2784
WI2-2610K16.2,0.644338,0.0,5.469794,5.8329
PKD1P6,10.164485,10.10435,8.163783,8.4352
PCDHGB6,8.56524,8.54435,5.365909,5.1843
ADGRG4,4.588832,4.95345,0.317266,0.0
GLYATL2,1.790024,1.7925,6.119471,6.3576
S100A2,4.605351,4.6439,9.677423,9.5755
TK1,5.666046,5.50775,11.815248,11.917
ZBTB16,10.41904,10.78125,2.378354,2.0
RP11-89K11.1,6.702706,6.61165,2.783906,2.8074
HSPB2,8.85326,8.7993,5.763124,5.8074
PPP4R1L,9.570851,9.49985,6.950041,7.098
CKMT1B,2.350842,2.44465,9.324516,9.5988
NEURL3,1.562792,1.585,5.79664,5.6147
RP11-750B16.1,1.014342,0.0,4.59338,3.3277
SYNPO2,14.191937,14.2016,9.028807,9.0821
NXF2,0.331085,0.0,3.763485,2.3219
CIDEC,5.091358,4.9993,1.390204,1.0
MUC5AC,2.414087,2.585,5.841745,5.5546
ARHGEF7-AS2,4.042129,4.06825,0.710124,0.0
LDLRAD1,0.732136,0.0,6.431655,6.5392
UNC5D,5.236062,4.9061,2.557713,2.584963
FOXB1,0.192772,0.0,3.582882,2.8074
RP11-136C24.3,5.898053,5.94205,2.369775,2.5361
RP11-1260E13.4,5.579162,5.5391,2.29034,2.3219
RP11-713P17.4,3.776238,3.85715,0.923149,1.0
DKFZP434A062,4.417095,4.3219,1.686034,1.585
RP11-32B5.7,5.152897,5.12075,2.177605,2.2016
RP11-87H9.5,6.202538,6.3571,2.497981,2.3219
LMO3,10.278746,10.37775,6.648295,6.3399
EYA1,1.410287,1.0,5.153978,5.2095
SEL1L2,4.573641,4.5236,1.111347,1.0
HOTAIR,6.552535,6.62205,3.251021,2.585
ATP1B2,9.435983,9.4398,6.337621,6.1085
HIST1H3G,0.532876,0.0,4.84142,5.0444
PTGIS,13.418762,13.41835,6.760785,6.9307
OSR1,8.909322,8.6616,5.126804,5.2095
CFAP74,1.952678,1.585,5.286001,5.0875
SAA2-SAA4,0.405079,0.0,4.399159,4.8043
CCDC116,5.94381,5.9542,3.046501,3.1699
TSTD1,6.160272,6.1189,10.87241,10.9944
SYT12,2.760709,2.8074,6.932027,7.0
ADAMTS10,10.790554,10.66445,7.292357,7.4094
PRCD,7.557138,7.62275,4.447915,4.3298
SLC28A3,2.754114,2.585,6.849154,7.0224
GABRE,11.072758,11.23,7.267638,7.3576
SCARA5,7.1562,7.15975,2.230098,2.0
CD300LG,6.781206,7.0551,1.390126,1.0
RP11-456H18.2,0.599447,0.0,3.979812,4.0
ZNF334,8.799304,8.77645,5.49131,5.0444
RP11-236L14.2,7.291291,7.2806,2.44316,2.3219
TMEM211,0.714022,0.0,5.134511,5.0444
LINC01537,5.767832,5.8826,1.607906,1.585
RBMS3,10.239956,10.28815,7.370423,7.375
CSDC2,12.25186,12.29495,6.249167,6.5236
RAB26,3.005286,2.8074,6.990695,7.0224
RAB3B,2.034006,2.0,7.062096,7.1599
IGHM,6.673501,6.4993,10.552115,10.5637
ASPM,3.047074,2.8074,10.024758,10.2058
PHF21B,7.717251,7.73085,4.068591,3.585
TIFAB,0.762092,0.0,4.075607,4.4202
CTD-2054N24.2,5.735176,5.8175,2.100822,2.0391
CTC-510F12.2,5.131172,5.1699,1.84535,2.0
SERPINB5,2.243855,2.3219,6.017279,5.858
FAM201A,1.042112,1.0,5.691423,6.4429
RN7SKP23,6.091313,6.17985,3.099024,3.3219
PAQR4,6.500455,6.4983,10.43846,10.5781
EDNRB,9.788701,9.8872,6.765847,6.7279
RP11-72I8.1,7.909424,7.94495,5.223597,5.4647
IGLV1-40,3.033218,2.8074,6.309808,5.8826
LHFP,11.753071,11.83855,9.125539,9.2738
RN7SL417P,3.594514,3.7539,0.254579,0.0
GRM8,0.684774,0.0,4.606292,4.4594
KCNB1,10.232304,10.4491,3.666114,3.8074
C1orf168,1.865632,1.2925,6.920591,7.4179
RP11-766F14.2,1.429731,1.2925,5.920497,6.1497
CDC20,4.099256,3.9069,11.816901,11.9635
SOGA3,4.934588,5.26855,2.126497,2.1922
SSC5D,11.575582,11.67155,8.001605,8.0768
STON2,5.18034,5.1084,10.070796,10.3083
LSMEM2,5.20389,5.26875,2.408592,2.5361
KCNH2,10.713497,10.89175,7.740239,8.0279
KCNS1,0.739197,1.0,5.373592,5.4263
TPTEP1,8.081883,8.17735,5.439539,5.1699
RP11-265N6.1,2.384017,0.0213,6.835709,7.1088
GSTM2,12.599279,12.5478,9.598795,9.9245
LINC00891,9.029414,9.06725,3.815511,3.8074
DARS-AS1,2.566185,2.585,6.230258,6.2288
AC012531.25,5.202797,5.585,1.256815,0.0
LA16c-380F5.1,4.30174,4.3923,1.446658,1.585
CTRB1,5.088236,5.6905,0.433629,0.0
C8orf46,6.505536,6.5187,3.313736,3.3291
C9orf116,5.348899,5.3576,9.076528,8.9396
C1orf95,9.489891,9.5411,6.905883,6.9307
CTB-31O20.3,2.438668,2.6539,6.772675,6.8305
UPK2,1.094382,1.0,5.002071,4.6439
ART4,5.492546,5.71415,1.460027,1.0
KIF4A,3.091346,3.08495,10.347974,10.4948
HOXB6,6.970226,6.85255,10.503605,11.6114
ANLN,4.821615,4.67215,10.359024,10.63888
HIST1H2BH,0.888854,0.5,5.448393,5.858
ZYG11A,2.218253,2.3219,5.402966,5.5236
SYTL1,6.541392,6.49985,10.845856,11.0314
AKT3,12.036409,12.01695,8.153936,8.1864
TACC3,7.800536,7.67595,12.130283,12.2729
CCL14,11.697408,11.84475,5.345817,5.3151
C8orf88,8.031696,7.99,3.9911,3.8166
PRELID1P1,1.353908,1.1309,4.77588,4.859
IL4I1,4.095556,4.08665,10.211803,10.2854
CMB9-55A18.1,4.013817,4.0036,1.336909,1.0
EYA2,7.958032,7.9008,11.851016,12.6994
IGF2BP3,1.081729,1.0072,7.081102,7.0679
AC092667.2,5.145197,5.30365,2.279217,2.0
MCHR1,6.737558,6.5078,3.011704,3.0
LGALS17A,0.632406,0.0,3.767413,3.8074
RP11-347I19.8,6.219408,6.2207,3.469445,3.6599
KRT23,2.509687,2.3219,10.10008,10.3387
PRR11,4.657303,4.7549,8.99906,9.0875
TMEM200A,10.386523,10.3842,7.823051,8.0444
SLC35F4,4.321669,4.2089,1.254894,1.0
CNGB1,0.617821,0.0,4.154611,4.0875
MT-TA,0.255449,0.0,4.070955,4.3219
C2CD4D,1.146605,1.0,4.931398,5.0444
ZIM2,4.428131,4.45995,0.781013,0.0
LGI4,11.240838,11.3187,5.565273,5.5236
CLUL1,2.514121,2.3219,7.495757,7.7142
ZNF695,1.517433,1.585,7.77832,7.8983
SDC1,5.824019,5.4594,12.545175,12.6396
AL590762.7,4.190412,4.32335,1.30282,1.0976
SST,1.137004,1.0,5.904335,5.4594
AC034243.1,1.109278,1.0,4.329839,4.3219
RP11-1081L13.4,5.437023,5.4239,2.801141,2.8074
RP11-256P1.1,0.954488,0.0,6.852293,7.3216
CTD-2377D24.6,1.051087,1.0,4.426479,4.2479
ABRACL,7.534408,7.56175,11.418482,11.6452
ADAM11,8.571258,8.63295,5.584329,5.4919
PKD1P1,10.990553,11.26925,6.200694,6.8184
PCSK9,2.291276,2.0,7.429815,7.5078
C11orf52,4.631645,4.7534,8.975199,9.0251
AC063976.7,5.414862,5.47565,1.571341,1.585
YPEL4,8.994518,9.1472,5.495892,5.585
PLEK2,2.017574,2.0,8.165821,8.3219
PRTG,8.945364,8.88715,6.328745,6.7549
IFI6,9.739004,9.68475,13.54082,13.6161
PABPC5,7.084417,7.12925,3.465107,3.585
GDF10,6.33379,6.0768,3.203266,2.906891
NLRP7,0.295012,0.0,3.632836,3.4751
HKDC1,3.470323,3.585,8.888449,9.4283
ATP2C2,3.985236,3.78265,9.037249,9.3305
HIST1H2AE,2.417824,2.3219,6.540192,6.6724
CRISPLD2,13.015236,13.04725,9.381281,9.4242
RP11-348N5.7,6.571109,6.63665,3.635568,3.7004
MS4A2,6.773592,6.7813,2.557436,2.585
RP11-161H23.5,7.817646,7.8276,12.709425,12.7346
UGT2B7,1.61856,1.0,7.628198,8.8673
RP11-60L3.1,1.351415,1.0,6.729869,7.0551
RP11-1000B6.3,4.528309,4.6159,1.515014,1.5753
TRO,11.012455,11.17555,8.280059,7.7944
TNNI3,2.720977,2.8074,8.109421,8.4136
IL23A,2.466851,2.585,6.116119,6.0224
C8orf34,1.964127,2.0,6.382153,6.6294
CHAC1,4.242647,4.1287,8.328352,8.375
RP11-360L9.7,2.583296,2.6135,7.229592,7.3838
AC093390.1,3.646012,3.4594,0.470568,0.0
SLC5A1,1.908063,2.0,6.454563,6.1085
AC004623.3,7.187131,7.24265,3.375328,3.7698
CSRP1,16.046242,16.1525,13.146115,13.141
RP11-27G14.4,0.134512,0.0,4.570307,4.858
PCDHGA9,7.816212,7.87835,4.95493,5.1396
LINC01140,7.990497,8.05315,5.182391,5.1639
APOC2,0.931076,1.0,5.330604,5.4845
CLPSL1,0.191114,0.0,3.765241,3.1699
FAAH2,3.880582,3.8074,9.020331,9.2119
DNM1P51,7.011823,7.0088,3.336649,3.254
CCDC144B,8.281937,8.461,4.290566,4.2472
RP11-20B24.4,5.622403,5.55825,9.520217,9.5395
RP11-325L12.6,5.300144,5.4093,2.255082,2.3219
TFF3,5.724169,5.9542,10.263883,10.137
GP2,5.637629,6.33975,1.878567,0.0
SLC24A3,11.473201,11.41995,7.461867,7.6283
RANBP3L,5.291438,5.3576,2.246982,2.0
UNC93A,0.487458,0.0,4.852252,4.9542
ENKUR,3.06605,3.0,6.361852,5.9307
ARSH,0.038462,0.0,3.259274,3.585
HIC1,11.041769,11.0471,8.171451,8.1375
PCAT14,1.49704,1.0,4.776945,4.7549
LRRC2,9.100642,9.2041,5.093775,5.149778
CTD-2240E14.4,5.160353,5.11615,2.482367,2.516
AQP1,13.521918,13.6139,10.718305,10.7022
DEFB124,4.050632,4.02875,0.911286,0.0
MKI67,4.63919,4.4594,12.081378,12.1564
RP11-196G18.3,1.700286,1.8499,4.902927,5.1477
FAM131B,8.653818,8.7035,5.511229,5.3923
FAM153B,5.727165,5.45055,2.554617,2.0
BMPER,7.455583,7.2384,3.514107,3.3219
SLC27A2,2.265455,2.3219,7.726776,7.9307
ABLIM3,10.177812,10.4082,6.533641,6.4429
LGI3,4.965749,4.9069,2.1794,2.0
RP11-7K24.3,1.608409,1.585,6.78722,6.9189
KCNK13,1.80205,1.585,5.199405,5.3219
PPP1R3C,9.177212,9.25475,6.023442,6.1497
AGR2,2.766374,2.3219,10.965408,11.3498
DNAJC19P9,1.085727,1.24485,4.298959,4.6259
LINC00284,3.191972,3.30155,6.65721,7.0421
STXBP5L,6.355813,6.47495,3.068582,2.8074
CDC25C,1.196165,1.0,8.670752,8.7616
FCGR1A,4.236415,4.25815,8.158631,8.0922
COBL,5.867003,5.7279,9.627052,10.0098
MAD2L1,6.043565,6.06595,10.468572,10.6445
CTA-212A2.1,6.165127,6.16975,3.240088,3.3219
KREMEN2,1.596664,1.5143,6.255818,5.9074
LINC01101,0.328709,0.0,4.093559,4.3219
FABP6,0.787045,0.0,6.472588,7.082156
RP11-416N2.4,7.593097,7.5999,2.273923,2.0
RP11-494K3.2,3.46519,3.3219,0.240131,0.0
RP11-327J17.7,3.651482,3.585,0.854021,0.0
CORO2B,9.488265,9.48985,6.198541,6.0444
KCNC3,5.326638,4.93055,8.90044,9.0715
RP11-16P20.4,6.649695,6.71415,2.687661,2.8074
AVPR1A,9.471731,9.46485,6.50431,6.4757
RECK,10.370645,10.3685,7.671182,7.5699
GRIN2D,3.610282,3.585,8.061485,8.0
PCDHGA6,8.587777,8.62265,5.572845,5.6008
SFMBT2,9.666977,9.6878,7.057107,7.1396
SPP1,6.431804,6.06465,13.189013,13.2776
IGHG3,6.526476,6.2296,10.833921,10.6833
TPSG1,4.489974,4.46335,0.902173,1.0
MYBPC1,4.526869,4.67215,0.813546,0.0
AQP6,1.876649,1.7925,5.484368,5.7814
RP11-553A21.3,4.503236,4.5509,1.806527,1.585
LL0XNC01-116E7.1,3.621642,3.7004,0.73876,0.0
VEPH1,2.252749,2.0,7.138666,7.1599
KCNQ4,9.506826,9.58685,6.868761,6.8826
GTF2A1L,6.138503,6.5896,2.591159,2.7071
MYCN,3.875903,3.9069,7.49742,7.8138
ST8SIA2,0.78734,0.0,5.500829,5.3219
VSTM4,10.438658,10.4177,7.542916,7.5314
RP11-6O2.4,4.932527,5.02835,2.142559,2.4141
CPEB1-AS1,5.011978,5.01915,1.098071,1.0
KRT16,3.053247,3.03735,7.007361,6.776
CCNE1,4.438606,4.5236,10.31819,10.4594
FAM83E,1.379329,1.0,7.610678,7.9366
CYTL1,7.613356,7.7381,4.896036,4.3923
OTX1,1.191917,1.0,7.61116,8.0168
XXbac-BPGBPG55C20.2,9.436692,9.384,6.662223,6.7897
HJURP,2.721471,2.45345,10.085603,10.3242
CH507-513H4.5,2.154671,2.54715,7.030033,6.944665
LINC01356,0.939896,1.0,4.057065,4.292
ADAM28,6.181383,6.12395,9.57687,9.733
CTD-3064M3.3,7.383806,7.49585,4.596509,4.585
SOWAHB,1.053569,1.0,6.79593,7.1599
HID1-AS1,3.979245,4.1699,0.771972,0.0
STYK1,2.803129,2.8074,6.53624,6.9887
MYBL2,2.776383,2.3219,11.846213,12.0475
PKP3,4.598749,4.3219,11.720048,11.8742
ITGB3,9.458497,9.6382,6.896743,7.0444
MEOX2,7.702979,7.8548,2.589716,2.0
SCN3A,6.825468,6.8764,3.538991,3.1699
TMEM125,2.097504,2.0,10.471131,10.6457
RP3-512B11.3,2.210418,2.16095,6.774382,6.9189
RP11-1299A16.3,5.672378,5.5391,2.757648,2.3219
LIMS2,13.5181,13.55015,9.57377,9.5333
SAMD4A,11.607024,11.47215,8.50452,8.611
JAZF1-AS1,6.812128,6.7944,1.521443,1.585
SPTBN4,8.600654,8.5942,5.78738,5.8329
STEAP4,11.328204,11.3931,7.018658,7.0003
S100P,3.344574,3.2459,6.921963,6.3923
NGF,7.785992,7.82015,4.04922,4.1699
RP11-567M16.1,6.575941,6.53885,3.146242,3.1699
VIPR2,8.928813,9.0809,5.168236,5.3913
IGHG1,9.967432,10.0306,13.770977,13.7188
GPR161,11.930313,11.9826,9.320483,9.445
RGS22,7.694041,7.79765,4.716589,4.585
LIN7A,10.018738,10.0581,6.151759,6.1875
CTNNA3,5.407226,5.4591,2.431897,2.585
BVES,9.050403,8.94525,6.367782,6.2288
EPN3,3.401132,3.1699,9.753318,10.1599
ATOH8,10.692083,10.77475,7.217126,7.2668
CLGN,4.792455,4.5543,8.306162,8.5157
TLL1,7.539608,7.5236,4.925314,4.7549
HSPB6,13.5026,13.57565,9.109484,9.0057
CSAG3,0.117564,0.0,3.524852,3.0772
ANKRD22,1.915122,2.0,7.262377,7.2854
RAX2,4.219722,4.1699,0.862142,0.0
MINOS1-NBL1,1.777776,1.88345,7.143592,7.5059
AC002398.12,7.11366,7.17195,4.130176,4.4803
CKS2,5.829721,5.75465,11.29073,11.4083
SERPINA1,7.568277,7.34375,12.182303,12.0944
RP11-60L3.6,0.533164,0.0,5.991979,6.4594
U47924.27,0.488628,0.0,7.462279,7.5157
CTD-2036P10.6,4.848971,4.8327,1.895635,2.0
PYGM,9.256968,9.389,5.816623,5.6724
KIF2C,5.75306,5.85775,10.878023,11.1222
RP11-6N17.6,1.574808,1.6599,6.402268,6.8059
MIR503HG,7.753487,7.43455,4.555985,4.3219
PLEKHG4B,4.332701,3.8074,9.920861,10.3061
SCNN1A,7.281512,7.0873,12.803266,13.121
CTD-2525P14.5,6.065828,6.1395,2.476392,2.0
PRR15L,2.225745,2.16095,9.912699,10.403
NPFFR1,2.406304,2.3219,5.748417,5.858
HK2,6.989209,6.93055,11.549335,11.66991
RP11-442H21.2,0.072947,0.0,3.773071,4.3576
CLDN9,2.244468,2.3219,7.063162,7.6511
ADGRB3,7.342105,7.36185,2.938982,2.585
TFAP2A,3.960264,3.9069,9.996993,10.352
RP11-303E16.2,3.424349,3.39065,7.663996,7.7211
ADGRF1,1.139895,1.0,7.118203,7.5925
RP11-6E9.4,0.559795,0.0,4.248444,3.3219
GATA6-AS1,8.042632,7.93635,2.712293,2.8074
GALNT15,9.564977,9.6821,4.845768,4.9069
PER1,13.033435,13.0392,9.896281,9.8549
ZBED2,1.142292,1.0,6.299083,6.4094
LCN10,10.943456,10.92055,4.997604,4.858
RP11-323N12.5,0.0,0.0,3.196131,0.0
RP11-40C6.2,0.614373,0.4037,8.804209,8.8953
LAMB3,4.396313,4.2479,11.192668,11.3875
LINC00473,5.848814,5.97085,2.526142,2.0
RBM5-AS1,6.790903,6.83765,3.650484,4.0063
CTD-2034I21.2,0.287622,0.0,5.322186,5.7004
KLHDC7B,2.866642,2.8074,6.784631,6.7279
LINC00605,4.496499,4.4915,1.811574,1.0
RP11-164J13.1,9.285487,9.28745,6.15426,6.4535
HABP2,1.850678,1.585,7.044899,7.1426
RP11-514P8.6,7.499591,8.1499,4.192811,5.6091
ADAMTSL3,8.97199,9.03065,6.021911,6.1699
NBPF26,9.407033,9.50215,6.758355,7.1773
LINC01139,8.336255,8.5507,5.436898,5.6439
FTCDNL1,3.316463,3.5222,6.665392,6.9307
TCEAL6,6.785464,7.0571,1.167345,1.0426
CYP1B1-AS1,7.184474,7.2414,3.802776,3.7071
CTD-2527I21.5,4.966497,4.99435,0.580604,0.0
RP11-182J1.12,6.4345,6.55825,3.24572,3.4542
ANGPTL7,4.693742,4.7004,1.496882,1.0
SDPR,11.249985,11.16615,7.421883,7.2854
P2RX1,8.629046,8.5546,4.323267,4.3219
ALDH3B2,2.022512,1.585,9.711018,10.2345
LINC01237,6.499055,6.62905,2.224915,2.0
RHPN1-AS1,2.345129,2.3219,6.749056,6.7814
UBAP1L,9.845718,9.9084,6.774588,6.8948
RP11-417L19.5,4.830458,4.9771,2.129763,2.3219
RP11-697E22.1,2.219369,2.42355,5.659574,5.6966
AC138035.2,7.982613,8.0767,4.646801,5.211
SLC9A4,0.623799,0.0,5.222368,5.2854
LAD1,3.674965,3.3219,12.198547,12.2981
TRHDE,7.685735,7.67325,4.399116,3.7409
RASL12,11.603017,11.643,7.861841,7.8455
CA9,2.914842,2.8074,8.136032,8.3102
FOXA1,1.573506,1.585,7.807304,8.4838
RP11-228B15.4,8.994476,9.0528,5.525362,5.6011
RP11-455O6.2,3.802247,3.9069,1.066295,1.0
FHL5,8.858494,8.89445,3.343405,3.3219
CXCR3,2.68971,2.8074,6.032305,6.1085
CTD-2207O23.3,6.790176,7.17945,1.900341,0.0
CCND2-AS1,4.771927,4.75915,1.704113,1.585
MAPK10,10.599563,10.5896,7.495886,7.7142
LINC00924,5.776163,5.65815,2.459844,2.3219
TSSK3,6.41189,6.5522,3.728529,4.0054
FXYD1,11.012363,11.07655,5.870105,5.9706
NPIPA2,5.657978,6.0196,1.937427,1.9184
HSD17B2,1.285992,1.0,5.478978,5.2854
C12orf56,0.962723,1.0,6.480862,6.896
ACACB,11.535362,11.58165,8.748626,8.7279
ZFPM2,10.104899,10.34645,5.034872,5.0875
C1orf132,8.675296,8.53335,5.727396,5.6724
TMEM63C,2.546588,2.48655,5.98471,6.3576
KLF2,11.168031,11.14935,8.100648,8.1085
CASC5,3.3988,3.39065,9.143806,9.2574
PCDHB7,8.565792,8.67025,5.946648,5.841
KIAA1462,11.875514,12.01735,8.886678,8.8704
PLEKHG7,0.837968,0.0,5.042195,5.5677
UHRF1,3.865759,3.7004,10.64166,10.8355
IGKV3-11,5.760699,5.72415,9.559391,9.5365
FLNC,13.482056,13.4759,8.50454,8.3741
TRIP13,5.841218,5.87105,10.095074,10.1111
XPNPEP2,7.048017,7.34875,2.495134,2.3219
PRSS56,0.198614,0.0,3.591049,3.3219
MUC15,1.112397,1.0,4.757346,4.9542
SLC22A3,10.018091,10.0721,4.145817,3.754892
RP11-395N3.1,3.677463,3.8074,0.905719,0.0
AC092881.1,4.180613,4.3923,1.304561,1.0
AP000349.2,2.106205,1.8889,8.599291,9.1635
GATA5,7.758637,7.84225,3.769715,3.1699
SLC25A10,7.125081,7.07665,11.897373,11.9273
SLC38A11,6.961441,7.09265,3.960047,3.9069
SLITRK3,7.959354,7.84545,0.984568,0.0
VTN,6.210628,6.1699,3.298489,3.1699
HMGA2,2.080037,2.2047,8.749857,9.0417
CASC9,0.507988,0.0,4.522896,5.6439
KCP,3.169703,3.1731,7.425111,7.6366
TACR2,9.371622,9.51625,5.513764,5.3923
LINC-PINT,9.753018,9.4315,6.531149,6.7004
PIGR,5.079447,4.5543,11.790061,12.1944
ITGA7,12.35104,12.56165,8.607154,8.4998
COL6A1,16.292999,16.26615,13.197069,13.3134
IGSF9,6.215314,6.19965,10.933484,11.1248
CDC42BPG,5.265154,5.2287,10.199412,10.3576
RP11-498C9.2,1.925377,1.77795,5.636515,5.9388
LINC01266,4.370686,4.4594,0.859873,0.0
AC007743.1,7.592208,7.5594,3.558626,3.4594
PAX8,6.687406,6.90685,13.56582,13.9216
PGC,5.649122,6.17985,1.914553,1.585
LLGL2,8.579781,8.57355,12.520655,12.6852
EBF2,6.466201,6.8009,2.129553,1.585
RHPN2,7.167014,7.20415,11.446383,11.5779
GPR39,1.840818,1.98725,8.409484,8.7645
PLS1,4.204497,4.1677,10.027956,10.1176
SOX9-AS1,0.861955,1.0,5.036191,5.4263
CCR6,0.590665,0.0,4.301155,4.5922
E2F8,1.841767,1.585,8.215838,8.377202
E2F2,2.500171,2.3219,8.838449,8.8642
PI16,7.059201,7.0324,3.218612,3.1699
RP1-310O13.7,5.178527,5.0923,1.919559,1.774
ATRNL1,9.417423,9.3955,5.900817,5.8826
RP6-65G23.3,1.065237,1.0,6.209065,6.2668
LRRN4,1.508988,1.585,4.857643,4.7004
PAK6,3.726799,3.88675,9.059822,9.2627
HOXA13,6.949308,7.28465,4.037701,3.8074
TMEM132A,9.187087,9.18105,12.881693,12.9814
KIF11,5.394776,5.2479,10.798483,10.9174
CTD-2553C6.1,3.170373,3.1699,0.271333,0.0
MASP1,12.475891,12.4259,5.717712,5.585
ESYT3,8.788247,9.0701,6.230962,6.4263
DRC1,1.147476,1.0,6.377108,5.9069
C11orf16,0.599827,0.0,4.704747,4.7004
LINC00488,0.038462,0.0,4.142582,3.9069
SERINC2,6.059488,6.0334,13.08121,13.376
RP11-1379J22.2,6.067886,6.17955,2.538729,2.585
FAM167A,1.878147,2.0,7.045805,7.0875
MITF,11.900227,11.9335,9.339789,9.4471
PNPLA3,2.35216,2.3219,6.138008,6.3399
TYMSOS,2.166215,2.3219,5.99184,5.9307
TMEM72,0.55956,0.0,5.433305,5.585
RP11-295M3.4,2.475441,2.585,8.218026,8.3531
DNAH5,3.494924,3.585,7.413529,7.6221
CXCL17,1.462728,1.0,8.753715,9.1007
CSPG4P11,8.139192,8.2809,5.403748,5.4005
DIRC3,6.746842,6.74805,4.020743,3.9069
C1QL4,1.170678,1.0,5.910777,6.0444
AC084219.3,5.416235,5.46215,2.612781,2.8972
ZWINT,5.259049,5.0875,11.282974,11.4315
AASS,10.908862,10.95165,6.543485,6.7415
CEACAM6,2.778382,2.8074,6.626735,6.585
ISG15,8.196619,8.1293,12.787499,12.9166
AC110615.1,3.921294,4.7226,7.733081,8.1978
GABRR2,5.217244,5.2854,2.204443,2.3219
EXO1,2.895923,2.9037,9.044581,9.1189
PGM5,13.525053,13.64705,7.896477,7.935423
SMOC2,12.93415,13.0727,10.052893,10.0265
HLA-F-AS1,7.62876,7.56825,4.314761,4.3448
LINC01607,0.318358,0.0,3.986991,4.1699
TM7SF2,7.619813,7.5353,11.658914,11.7473
RP11-227B21.2,0.155128,0.0,3.622414,3.8288
RP4-549L20.3,0.915073,0.0,4.42785,4.5515
RIBC2,2.507658,2.3219,7.504713,7.4594
RP11-89H19.2,1.84504,1.7925,5.266404,5.4919
RP11-1334A24.5,7.751778,7.87955,4.487196,4.5236
KRT8,9.394156,9.49405,15.632859,15.6684
SHANK3,12.376335,12.33595,9.370771,9.4717
CTD-2270P14.1,10.526703,10.4862,7.825816,7.9209
ETV4,4.426537,4.1287,10.118078,10.23
FLJ44511,6.763804,6.67945,3.91565,4.0875
PRELP,13.990091,14.0148,8.267779,8.1189
PCDHGB2,7.762436,7.76975,5.185431,5.0909
RP11-386G11.10,8.441695,9.0443,13.001326,13.2788
PRUNE2,12.568424,12.6918,7.674617,7.7004
SCGB1D2,2.317927,1.585,8.31725,8.29
NAV2-AS2,4.810038,4.8728,1.080873,1.0072
LMTK3,4.718106,4.585,8.396737,8.5353
BAIAP2L1,7.781656,7.73545,11.331278,11.3383
KCNN4,6.106872,6.1079,9.636143,9.5275
COLEC12,10.591513,10.6466,7.510213,7.4094
RORC,4.411444,4.3219,9.374287,9.7698
STON1,11.665535,11.69395,8.246117,8.2668
SERPINA6,0.904181,0.5,4.391505,3.8074
PIWIL2,6.982462,7.0444,3.825092,3.8074
HOXD10,11.124859,11.2468,7.987675,7.924869
AC114730.2,3.944405,4.0,0.618041,0.0
FOLH1,4.298876,4.42755,9.438985,9.4134
CXorf36,11.34444,11.34455,8.393132,8.3443
EHF,3.185128,2.6962,10.376169,10.7091
RP11-1280N14.3,7.197664,7.4011,4.480403,4.9809
KLK11,3.049381,2.585,8.161326,8.7211
PHYHIP,9.964827,10.09865,5.755763,5.7549
PITX2,0.927612,1.0,4.484668,4.5236
KLRG2,0.831642,1.0,4.948356,5.1293
DEFB1,1.514277,1.2925,8.361987,8.7177
ACOXL,1.723259,1.585,4.982263,5.0444
PADI3,0.238269,0.0,4.69155,4.2479
S100A14,4.365555,4.1699,10.166938,10.6978
OVOL2,0.995437,0.0,8.988681,9.2527
NKAIN1,1.453474,1.585,5.466361,5.4263
CCDC36,6.13656,6.1897,2.677457,2.585
NMU,0.637285,0.0,7.888018,8.2336
LYPD6B,2.741049,2.585,8.373547,8.4959
CTD-3035K23.7,8.861579,8.71505,4.239653,4.1699
SLFNL1-AS1,7.72256,7.6547,5.059989,5.1322
PLA2G2D,0.760586,1.0,5.314044,5.5546
CES1,10.890482,11.15915,7.961114,7.9069
PDE8B,11.234618,11.21825,7.609273,7.590184
PGR,13.259612,13.38815,10.271451,10.7626
FGF7,11.168253,11.2534,5.992255,5.9481
DENND2D,6.248294,6.3309,10.339623,10.3987
RGN,8.007917,8.02515,5.255171,5.1293
CPA1,6.446859,7.0168,1.155091,0.0
SLCO2A1,11.899944,11.94045,9.392761,9.5216
OR7E91P,0.102274,0.0,4.107604,4.4229
SCGB2A1,2.636215,1.585,11.410507,11.807
CTD-3064M3.7,7.813909,7.67245,3.614333,3.585
FAM155B,3.726976,3.85715,7.78906,7.9366
PRAP1,2.375719,2.3219,6.927764,7.1735
RP1-34B20.4,0.492108,0.0,3.834805,3.8074
TFAP2C,5.155596,4.8309,9.092877,9.2312
SMIM24,1.702231,1.585,7.261242,7.3309
RP11-89K21.1,0.148526,0.0,5.622914,6.2854
CTNND2,2.82074,3.0,6.052111,6.375
SLC26A9,1.034846,1.0,5.429099,5.4594
ABCA6,9.722299,9.82415,4.810302,4.7549
OPCML,5.096214,4.9061,2.364464,2.0
FAM81B,0.885249,1.0,5.699518,5.5546
RP11-1069G10.1,8.858037,9.18565,2.905427,3.0
GABRG3,0.844244,0.0,4.312145,4.6212
TNFSF11,0.36214,0.0,4.161952,4.1699
PGM5P3-AS1,5.052636,5.1565,1.094383,0.585
ABCB1,9.792742,9.8587,7.066543,7.0624
RP4-565E6.1,6.600983,6.4547,3.677151,3.5361
ADGRB1,8.061283,8.09015,5.384377,5.2095
PKNOX2,8.372885,8.40045,5.17718,5.0
DTL,3.8678,3.7539,9.741302,9.7846
CSNK1A1P1,3.741415,3.7004,1.028477,1.0
ACTA2-AS1,12.130649,12.0865,4.488712,4.5261
RP4-800G7.2,10.06059,10.0702,7.303421,7.3149
NR2F2-AS1,7.425592,7.3169,3.725771,3.7004
INMT,9.045006,9.1455,6.318862,6.2854
SLC2A3P2,3.617695,3.8074,0.497635,0.0
ABC7-42404400C24.1,6.22486,6.1922,2.162872,2.4542
EMILIN1,13.715172,13.61925,10.422868,10.6064
RP11-1008C21.1,0.688228,0.5,3.78062,3.585
CYBA,9.392285,9.4115,12.993692,13.0565
CLDN14,0.614447,0.0,3.85805,3.7004
SYK,7.247371,7.25245,11.199089,11.3961
CENPN,5.380482,5.4,9.120855,9.1262
PLXNB3,11.528442,11.5782,7.459981,7.5716
TMEM102,5.70929,5.96575,9.206645,9.3772
UBE2C,3.721722,3.7004,11.674416,11.8317
CDCA5,5.106441,5.0875,10.89098,11.0954
NCCRP1,2.819509,2.8074,6.43526,6.4094
HIST1H2BC,3.01241,2.8074,7.38979,7.5305
PLA2G2A,6.477969,6.2089,2.901906,2.585
CTD-2020K17.4,0.890367,1.0,4.715674,4.858
RP11-96C23.13,6.694726,6.6861,2.691974,2.8992
PGA4,6.062782,6.65255,1.990275,1.585
INA,1.480279,1.585,6.824383,7.1997
LINC00304,5.912309,5.84545,1.338738,1.0
CTD-2311M21.3,5.406633,5.5357,2.317303,2.3277
SOX11,0.777735,0.0,3.921924,3.1699
ADRA1D,7.011331,7.0602,2.30031,2.0
TGFB1I1,13.536826,13.5423,9.338916,9.3815
LINC00645,0.496653,0.0,4.63819,4.2479
RP11-44F14.10,0.564127,0.0,5.115726,5.4263
RP11-119H12.6,3.790572,4.1677,0.487602,0.0
SVIL,13.918242,13.9453,11.034284,11.1788
KDR,12.210746,12.1813,9.144679,9.2192
RP11-624G17.3,1.442083,1.6252,5.148396,5.073
HIST2H3C,2.090242,2.0,5.323794,5.2242
AC156455.1,7.678833,7.7074,4.552973,4.4594
LINC01359,5.859083,5.96575,1.930615,2.0
VTCN1,2.652747,2.3219,11.451866,11.8719
RIMS3,9.422006,9.44085,6.703824,6.6294
DLX6-AS1,3.908176,3.1699,9.552177,9.7306
SLC16A7,9.07689,9.0539,5.764359,5.8329
FBXO17,10.747545,10.7661,7.812032,7.6511
FAM180A,7.157583,7.29,3.079659,3.0
CTSE,1.034324,1.0,4.125576,3.585
PPFIA2,6.406685,6.27475,2.868329,2.5969
RP11-33O4.2,6.919976,6.95505,3.993817,4.254
GLYATL1,0.864026,1.0,4.352822,4.7004
RP5-1139B12.3,4.924783,4.9446,1.887542,2.0
UGT3A2,0.423101,0.0,3.794054,3.585
PSD,11.217128,11.545,8.574093,8.6493
RP11-96C23.11,7.380479,7.6166,2.956359,3.3205
KCND3,9.449956,9.54785,6.17936,6.2668
KLK6,2.256572,1.585,7.231404,6.6294
LINC00992,0.064103,0.0,3.196596,3.585
KPNA2,9.016268,9.00255,12.964127,13.1467
PPP1R12B,14.676312,14.76165,9.993045,9.8895
PDGFRB,13.91529,13.9217,11.093087,11.0914
CASC8,0.872562,1.0,4.38944,4.585
PLAC9,8.288051,8.3174,4.986106,4.9542
KLF5,7.7229,7.7846,11.802795,12.0213
MFAP5,11.786895,11.89875,7.698384,7.7616
IDO1,4.134808,4.1677,10.623354,10.5953
GINS1,5.240459,5.1897,9.854645,10.0362
GPRIN2,0.684832,0.5,4.772394,4.7549
RP11-588H23.3,7.519771,7.36725,2.664171,2.585
KLC3,1.323226,1.0496,7.872457,8.2351
RP1-170O19.23,3.953273,4.20515,1.018921,0.0
RBM24,8.846627,8.6952,6.195208,6.375
HYDIN2,7.700626,7.86625,3.280684,3.3306
WFDC2,7.320153,7.0991,15.322481,15.9134
CCL4L2,2.952456,2.8337,6.477543,6.456
TMEM200B,11.778754,11.7124,7.474329,7.5357
ZEB1,12.258727,12.2926,8.661296,8.6439
SLC35F1,7.061737,7.15475,4.335111,4.1699
CAMK2A,8.564953,8.7344,2.609471,2.585
LINC00239,0.901612,1.0,4.380688,4.5236
FLNB-AS1,8.115241,8.1386,3.530266,3.5874
RAB44,5.205799,5.2095,2.550496,2.585
MAP3K19,0.947441,1.0,4.22119,3.4594
GSTA9P,0.110064,0.0,4.08749,4.0875
SPIB,1.270453,1.0,5.413168,5.3576
COL4A3,7.374159,7.43455,4.221258,3.585
CNN1,15.244682,15.2627,8.703042,8.5275
RSPO3,11.189971,11.16105,6.711384,6.6294
MELK,2.240244,2.3219,9.909507,10.1137
RP11-73M18.2,2.694508,0.0,7.423906,8.5011
C2orf48,0.687997,0.0,4.070874,4.3219
TTC39A,4.176624,4.0875,9.522392,9.5299
FLNA,17.916312,17.99865,14.69,14.7036
FILIP1L,11.947265,11.9478,9.148039,9.3264
RP11-689P11.2,6.988482,7.01655,3.780383,3.9069
C19orf33,3.438592,3.45215,10.248384,10.794
MNX1,0.798399,1.0,5.820744,6.4263
RIPK4,2.928406,2.585,10.525039,10.8342
CHRD,11.911809,11.86215,8.126233,8.1241
NETO2,5.070987,5.0444,8.872722,9.0056
TUSC5,3.697345,3.585,0.820503,1.0
TRIM15,0.330159,0.0,4.670218,4.858
IQGAP3,4.218696,3.9069,10.355719,10.544
ADIRF,11.38005,11.4615,8.257129,8.1771
GNB3,9.090612,9.1016,5.179419,5.0347
AC026150.8,5.225297,5.1699,2.431197,2.4699
AC084219.2,4.279026,4.99295,0.794944,0.0
SPINT2,8.770826,8.60175,15.010776,15.1081
CTC-518P12.6,0.958686,0.0,5.683575,5.6817
AC011298.2,0.244576,0.0,3.978517,3.585
LIPH,1.63429,1.585,5.841889,5.7549
FOXM1,5.452708,5.5482,11.330472,11.4993
RP11-465N4.4,3.412738,3.52815,6.844561,6.9615
RNFT2,4.624879,4.5236,8.56358,8.611
ZNF165,5.071646,5.06595,8.479754,8.5392
CCL23,6.654279,6.59985,2.564187,2.3219
RP11-45M22.4,4.967271,5.31155,1.80562,1.6599
BMPR1B-AS1,0.268037,0.0,5.637069,6.0875
BCL2L14,1.082837,1.0,5.805682,5.8329
SDS,2.784327,2.8074,7.662629,7.8517
ARMC3,1.463076,1.0,8.198096,8.2854
CYP24A1,2.010354,1.0,5.530143,5.585
CNR1,8.613806,8.64125,3.848722,3.3219
TYMS,6.748578,6.68705,11.077687,11.1865
PAX2,2.001192,1.0,5.926757,4.7549
SERPINA5,5.767924,5.8428,9.511541,9.543
KAAG1,0.380228,0.0,5.634172,5.7162
CLEC1A,8.685568,8.52555,6.057769,6.1085
ADGRA2,12.516026,12.519,9.102599,9.2527
ZNF385D,7.529996,7.47165,4.76191,4.858
PDE1B,9.282588,9.26325,6.473614,6.4424
PCDHGA7,7.204115,7.3308,4.162708,4.1001
ELF3,5.258897,4.8839,13.674328,13.9234
RP11-1277A3.2,7.024218,7.0626,3.115068,3.1699
PRR5-ARHGAP8,1.811283,1.5197,5.896256,6.0824
UCP2,7.601517,7.5131,13.441721,13.5777
HERC2P2,13.044047,13.1228,10.510729,10.6936
CSPG4P5,6.627742,6.77555,1.866356,1.4168
EMCN,10.073629,9.9927,7.419508,7.3923
FOXP3,2.979637,3.08585,6.835653,7.0224
HLA-DPB2,0.637619,0.0,4.19138,4.3764
FP325317.1,3.52389,3.6427,0.710301,0.0
SCN3B,7.2922,7.29,4.389562,4.4594
C4BPA,2.343862,2.0,6.172011,6.0224
CH507-396I9.6,0.857364,0.15665,4.159188,4.1293
DPP10,1.210717,1.0,5.618714,6.5546
ABCA9,10.541037,10.7321,5.300787,5.3576
GOLT1A,1.135623,1.0,7.431103,7.7142
RP11-182J1.14,5.253888,5.3219,0.943464,0.0
CBLC,1.51159,1.0,9.957624,10.2264
GAS1,12.433381,12.53115,7.44956,7.531346
HMMR,2.771446,2.585,9.10832,9.2738
SORD2P,5.427182,5.2975,10.029578,10.0248
HSPB1P1,1.207669,1.09425,5.186278,5.3384
PDZRN4,6.140954,6.0768,2.276043,2.0
USP43,4.698544,4.5236,9.38345,9.4757
SCNN1G,3.689706,3.6427,8.223835,8.8486
TROAP,4.406626,4.585,10.494518,10.6622
DCHS2,8.502572,8.47775,5.909097,5.9177
RP11-23N2.4,4.896515,4.9112,2.158248,2.3219
ADRA2B,7.534345,7.6437,4.918968,4.7004
DCT,5.236844,5.2849,2.249993,2.0
RP3-416H24.1,1.106504,1.0143,6.521035,6.6203
ITGB6,2.688,2.8074,9.692359,9.847846
RP11-734K21.5,0.066282,0.0,3.946031,4.1699
ECT2,7.425155,7.5038,11.324757,11.4717
ZIC2,0.696019,0.0,5.244204,4.3219
HSD17B6,8.667519,8.72805,5.337762,5.2854
PTPRD,9.019301,9.0293,6.430091,6.3576
MYLK,15.299396,15.3613,10.672994,10.743145
KANK3,9.453255,9.3652,6.547632,6.5144
RP11-649E7.5,2.827067,0.73005,8.667297,9.4602
RP11-384P7.7,4.164858,4.1699,1.466452,1.0
PLCL1,9.474091,9.26965,5.313264,5.3923
HAND2-AS1,11.969651,11.9888,5.37503,5.2479
MEST,8.657779,8.6858,12.225145,12.2493
CNRIP1,10.417122,10.4398,7.130661,7.0661
ACTL8,0.145153,0.0,4.470547,3.9069
AC013264.2,0.332372,0.0,3.637429,3.3219
SLC26A10,9.684663,9.617,5.149419,5.1181
FAP,10.894391,10.9855,8.245391,8.3978
RP11-20I20.4,7.000615,6.9542,3.601052,3.585
PRDM16,7.511386,7.63245,4.052317,3.585
CTD-2033D15.2,6.320274,6.2946,2.268305,2.3219
IL11RA,10.782369,10.7707,8.273887,8.2668
CILP2,2.993564,2.8074,7.738675,7.6653
FUT3,1.812774,1.6389,7.540703,7.7656
RP11-274B21.2,9.51976,9.58425,6.837632,7.2254
ABCA8,10.579894,10.7547,5.767438,5.8329
DLX3,1.572938,1.585,6.575858,6.6147
HGF,8.592794,8.5812,5.589988,5.6724
RP11-357H14.17,0.547933,0.0,5.430896,5.6439
ATP8B4,9.082487,9.07515,5.798971,5.8826
SMPDL3B,2.045441,2.0,11.049655,11.2174
SRMS,0.361154,0.0,3.585002,3.4594
OTOGL,4.854904,4.9069,1.950303,1.585
CSPG4P13,5.428354,5.47265,1.364657,1.0215
RP11-44F14.2,0.27891,0.0,3.671835,3.8074
ACTG2,15.18619,15.2677,8.849909,8.3576
BBOX1-AS1,0.28109,0.0,4.123669,4.8074
LINC00634,1.016415,1.0,4.085185,4.1699
RDM1,0.589351,0.0,5.891838,5.9542
TUBBP5,1.615783,1.0352,7.199599,7.5729
CAPN13,1.156697,1.0,9.356533,9.5058
GALNT5,1.400036,1.2925,5.33101,5.585
LINC00261,1.881797,1.2925,6.34378,6.6865
LRRC4B,9.223659,8.9274,6.228191,6.1497
RNF43,5.356728,5.53635,10.12827,10.3568
DMD,11.374817,11.36685,8.242098,8.4179
RBPMS2,10.791856,10.9106,8.138666,8.2432
RP11-474D1.3,0.370269,0.0,3.795445,3.3219
CLDN22,1.086453,0.0,5.65298,6.2536
FAM225B,7.915803,7.8681,4.138473,4.3111
PHC1P1,8.572323,8.71585,5.791737,6.2979
RP11-498C9.3,1.469435,0.0,6.631069,7.3989
OVOL1,1.798815,1.9598,8.647518,8.7688
GOLGA6L5P,10.245387,10.2885,6.462984,6.6663
TDRD10,8.061159,8.09015,3.851193,3.585
KCNG1,10.310322,10.2924,7.665488,8.2761
PRRG3,7.189812,7.2992,3.728679,3.3219
HCN4,1.105519,1.0,4.320808,4.3923
AIM1L,1.917305,2.0,7.573545,7.5925
NCMAP,1.882513,1.585,8.889239,9.1059
E2F7,2.337541,2.3219,8.154921,8.2432
RP11-622C24.2,5.898401,5.8818,2.0282,2.0
RP11-392O17.2,5.909688,5.9069,1.946118,1.585
FRMD6,12.453246,12.45825,8.969636,9.0821
GLOD5,0.168846,0.0,4.120986,4.3219
CTC-296K1.4,5.315841,5.4919,0.805645,0.0
RP11-286H15.1,7.581971,7.79765,2.018714,2.0
CYP11B1,4.035864,4.1699,0.100261,0.0
RTKN2,3.921499,3.7004,9.080065,9.1472
HIST2H3A,2.090242,2.0,5.338969,5.2242
HN1,8.094035,8.0334,12.732295,12.8142
PCDHGA3,7.343588,7.3273,3.196043,3.373
NAV3,7.680613,7.7381,4.806753,4.8074
RP11-465B22.3,2.411638,2.3219,6.841738,7.0
CDKN3,4.422522,4.3219,9.0175,9.2216
MAF,11.924899,11.9169,9.170848,9.1948
CILP,9.624585,9.51365,6.095843,5.8826
IRF6,6.143335,6.0334,11.573828,11.6402
PLD5,6.608896,6.79295,3.08354,2.3219
CH507-39O4.3,0.780463,0.4114,4.058965,4.0295
CENPU,5.174797,5.2361,9.856332,9.9524
SCGB1A1,0.770937,0.0,3.854786,3.0
LENG8,15.002696,14.9419,12.083421,12.2215
PIANP,9.718123,9.8645,6.095073,5.9773
RAB9B,8.659003,8.5898,5.457515,5.4263
TRPC4,9.527171,9.6705,4.997096,5.0444
AOX1,9.946242,9.92025,5.125606,5.0875
ACPP,3.56429,3.7004,6.953969,7.1189
EPS8L1,6.260115,6.0661,11.683176,11.7232
CA8,5.723941,5.52325,9.851449,10.3287
CASQ2,9.516792,9.76725,4.083055,3.9069
PTTG1,4.795491,4.88245,11.04387,11.1408
RP11-96C23.14,4.762885,4.87875,0.755055,0.0
MARVELD2,4.002618,4.0875,10.096206,10.2095
CR1L,0.672669,0.0,4.239511,4.3219
CFAP221,2.817621,3.0,7.197304,7.3576
ASIC3,8.857937,8.861,5.413566,5.4919
EBF1,10.342564,10.36565,7.412372,7.1699
RP11-1391J7.1,6.640931,6.6653,3.827812,3.9069
TGFBR3,12.350029,12.29775,9.075263,9.2597
TACR1,8.483505,8.40725,5.692129,5.6439
PCDHGA5,7.773377,7.85685,4.228235,4.3526
ADAMTS9-AS1,8.619846,8.4963,3.476185,3.3219
GLDC,2.642894,2.585,8.511101,8.989782
CTB-63M22.1,6.164665,6.04195,11.167351,11.2908
RP11-96D1.8,6.585171,6.66925,3.66095,3.7677
GPR160,4.755946,4.7004,10.115863,10.3138
UBE2SP2,1.075606,0.2165,7.363973,7.4106
TMPRSS13,3.463515,3.5222,9.398617,9.8408
CTD-2373N4.3,8.111263,8.22585,4.342944,4.5236
TMEM246,9.461846,9.4858,6.669781,6.5699
RP11-225H22.4,4.305612,4.3923,1.4965,1.585
IGHV5-51,2.016435,1.585,5.283526,4.7549
ANGPT4,8.259088,8.47975,2.976458,2.585
LA16c-380H5.3,0.237306,0.0,3.76343,3.7004
RAD51,4.210579,4.1699,9.071608,9.2831
MAGOH2P,4.668119,4.72765,1.982056,2.0
GRB7,5.617132,5.3923,10.842601,10.7296
FHL1,14.315653,14.3362,8.781917,8.7245
NANOS3,1.798595,2.0,4.913705,5.0
CHRDL1,12.628259,12.7047,5.738627,5.9069
WWC1,2.991733,2.585,11.659725,11.7711
RSPH1,4.711464,4.6439,9.205237,9.0688
SNX29P2,5.791646,5.9313,2.877641,2.969
ZIC1,1.400242,1.585,5.779172,6.4094
RP11-390F4.6,0.243488,0.0,3.400534,3.585
ZC3H12B,8.308237,8.2969,5.210569,5.0444
WDR17,7.657708,7.7549,3.602052,3.3219
CAV1,13.256737,13.47215,10.155816,10.2633
RP11-482H16.1,7.32725,7.41325,3.800821,3.6679
ECM2,10.024342,10.0801,6.349919,6.3923
LINC00173,7.765294,7.88135,3.607777,3.7004
RHOV,2.857133,2.8074,9.328438,9.3309
CAPN11,5.763145,6.0661,2.592163,2.585
PDE6G,1.823719,2.0,5.184318,4.6439
LIPF,4.894632,5.39195,1.054868,0.0
PRSS8,3.905824,3.3219,13.391462,13.7464
STAC2,8.469755,8.5583,5.116773,4.3923
MORF4L2-AS1,6.458945,6.49085,3.186801,3.3219
STC2,6.639897,6.6864,10.902841,10.9908
PLK4,5.41389,5.4594,9.277033,9.4656
CRYBG3,10.232074,10.1932,7.456197,7.7829
SRL,8.225567,8.24545,4.425258,4.0
RP11-680F20.12,7.511269,7.4982,4.511439,4.7824
GPIHBP1,9.1871,9.19355,3.787895,3.7004
AGMAT,3.358837,3.4594,7.674689,7.7748
IP6K3,6.602021,6.8818,3.673593,3.7004
ERICH5,2.800758,2.9037,7.297461,7.5392
PNLIPRP1,3.165782,3.7004,0.141866,0.0
RP11-464D20.2,2.755023,2.75275,6.503293,6.4522
TERT,0.28109,0.0,5.19359,5.3219
FAM13A-AS1,8.704301,8.70195,5.999157,6.0685
LINC00989,5.132482,5.24745,0.751172,0.0
MYO3B,2.803945,2.8074,7.35242,7.5469
C7,13.579928,13.6214,4.49794,4.0875
SLC6A1,7.256006,7.29,4.09263,4.1699
FAM132B,3.862986,3.7539,8.177002,8.4388
CTRB2,5.433128,5.8989,1.133257,1.0
PODXL2,6.794887,6.63665,11.678252,11.8815
SRGAP3-AS2,0.272395,0.0,3.447791,2.0
TIMP3,15.193488,15.21515,11.17017,11.0512
LDB3,10.00449,9.983,5.336145,5.3923
AMPH,8.396508,8.45115,5.123019,5.0444
SOX10,4.872588,5.4728,0.326338,0.0
ADRA1A,4.746401,5.1084,0.874583,0.0
RP11-244M2.1,0.574241,0.0,4.804096,5.2479
CTC-439O9.1,6.395101,6.3399,1.056397,1.0
PART1,3.764912,3.7736,7.040321,7.375
LAMA2,11.759723,11.7403,7.759228,7.7944
CDH16,1.369372,1.0,5.860586,6.2095
CMTM5,5.162495,5.28355,1.502049,1.000028
LINC01268,5.864796,5.7939,3.00851,3.0
LRRC8E,2.832882,3.2539,9.530886,9.6729
NUSAP1,5.568974,5.59985,10.975882,11.0471
RP11-20G6.3,7.693633,7.6846,3.722885,4.9397
PTGFR,9.722867,9.69405,3.238937,3.1699
TCF23,12.081374,12.157,3.770401,3.247904
MYL7,4.054821,4.1699,0.987882,0.0
MYOT,4.771722,4.84595,1.697537,1.585
RP11-64K7.1,0.194549,0.0,4.014559,4.1843
GPRASP1,11.990038,11.97355,7.073445,7.2946
CYP1B1,11.464613,11.53065,8.301319,8.3619
FAM13C,9.143056,9.1905,5.929377,6.0985
GAS2L2,1.427278,1.2925,4.956188,4.585
MYH1,4.042305,4.29955,0.283735,0.0
LINC01126,6.250085,6.3309,3.250137,3.3219
AC016738.4,6.632805,6.6223,3.927438,4.262692
AC093642.3,8.095878,8.1292,4.52409,4.7004
GRB14,3.804027,3.85715,7.536334,7.4512
DLX4,1.687723,1.7925,5.91321,5.9307
PAK3,7.280577,7.22335,4.181028,3.9069
PKMP3,6.015774,6.0334,3.314346,3.585
CHST4,1.484624,1.585,5.007285,5.2479
RP11-394B2.1,8.570862,8.6392,4.752319,5.09
OLFML2A,11.698631,11.7734,8.982726,9.137
RP11-608O21.1,0.2583,0.0,4.221999,4.3923
SNCAIP,10.354856,10.3851,7.702152,7.8265
AC007750.5,6.614588,6.721,2.327719,2.441
TUB,11.632097,11.6488,7.292624,7.4346
FAM71E1,4.195888,4.1073,8.10687,8.0373
LINC00899,9.653776,9.6244,6.727745,6.8329
TDRD5,0.800915,0.0,5.742388,6.2668
ERBB4,3.931246,4.0,8.792419,9.4157
CTB-12A17.2,6.684272,6.7279,1.217664,1.0
PROM1,3.336195,2.8074,11.191849,11.8156
PRR33,6.554309,6.67235,2.67246,2.8074
CXorf57,8.009108,8.2992,3.424804,3.3219
LAMP3,2.225938,2.3219,8.433461,8.543
EEF1A1P9,3.204483,3.20165,7.080631,7.2153
MAOB,12.653776,12.71755,8.757275,8.858
RP11-713M15.2,2.041029,2.0072,5.531283,5.5729
FRMD6-AS2,7.644864,7.66155,0.534196,0.0
GAS6,13.846433,13.83885,10.981575,10.8703
SV2C,1.789081,1.585,5.042778,5.1293
RP11-783K16.5,1.13615,1.19845,5.798633,5.8639
TSPYL5,10.117035,10.188,7.467129,7.0875
ZCCHC24,12.283936,12.3515,8.921337,8.8256
SVOPL,0.72451,1.0,4.917394,5.2479
FUT6,1.062354,1.0,4.734352,4.373
ENPEP,10.397768,10.4362,7.430264,7.5469
HMGN1P37,0.287076,0.0,4.757561,5.1902
VGLL3,10.53904,10.566,5.891775,6.0
ALPPL2,0.26215,0.0,7.618386,7.3781
BTBD11,3.650612,3.7004,7.728959,7.9887
RUNX1T1,9.982401,10.0196,6.003187,6.0661
NIPAL1,3.457342,3.585,7.409612,7.5925
PLA2R1,10.505458,10.5665,7.87493,7.983
RP11-710M11.1,0.64236,0.0,4.947617,5.4222
KANK4,2.521951,2.585,7.185581,7.1189
TRPV4,4.664329,4.61445,8.168731,8.2668
TTC6,0.444615,0.0,4.121152,4.4594
CACNA1G,8.244358,7.9239,5.118947,4.9542
TCEAL2,10.009717,10.033,5.4971,5.7824
TTLL7,10.287018,10.38095,7.606035,7.8455
STX19,1.826319,1.585,6.777275,7.1799
CCNB2,5.220777,5.06595,10.606169,10.8274
NTRK1,6.921204,6.858,3.843982,3.8074
RP11-469N6.1,3.7429,4.1287,0.839099,0.0
PLEKHS1,2.062359,1.585,8.488991,8.9887
C15orf52,11.360731,11.4249,8.389309,8.4959
SEC31B,10.642813,10.6315,7.74406,7.649
MT1H,0.609671,0.0,5.64424,5.3219
ARL4C,7.335927,7.2139,11.419334,11.4424
RP11-215A21.2,2.163386,2.1391,6.459321,6.435
PDE10A,8.731105,8.7108,5.767813,5.7549
LDB2,11.812508,11.8944,8.502297,8.6147
ARHGAP11A,5.58086,5.54145,10.043418,10.2287
LINC01132,2.575599,2.585,6.254378,6.4594
CRB2,7.552773,7.57735,4.687071,4.189
GLI2,9.485288,9.50085,5.720365,5.7004
PRKCZ,6.747049,6.5376,10.653808,10.7999
FBN3,2.605472,2.16095,7.055867,7.1997
SALL4,3.177185,3.1699,6.565028,6.4757
RP11-346E8.1,3.290926,3.2459,0.386304,0.0
CDK1,5.957049,5.9773,11.260736,11.4635
ERP27,4.029558,4.0875,7.839368,7.7944
MAP3K9,5.850068,5.89475,9.307659,9.4051
OPRK1,0.512613,0.0,5.424608,5.6724
C20orf85,0.920774,0.0,5.941446,5.3219
CXCL11,1.376253,1.0,7.073984,7.1799
RP11-212I21.4,6.283773,6.1546,3.295097,3.3277
ASPG,8.001027,8.0863,4.879749,4.9069
RP11-206L10.3,8.096235,8.18045,4.938403,5.2769
PMAIP1,5.021703,4.858,8.792703,8.8948
GINS2,5.342367,5.3923,9.540529,9.5812
C10orf82,2.172617,2.16095,5.652874,6.0866
CDCA8,5.158905,5.1293,10.251222,10.4325
IGKV2D-28,0.494126,0.0,3.891944,3.3604
BANK1,3.565472,3.585,7.006053,7.4594
RPL37P6,0.405253,0.0,5.780871,5.7952
MMP19,10.536312,10.57425,7.786413,7.7867
MYOCD,11.036621,11.0044,3.87614,3.6781
AC007383.4,5.166381,5.3599,2.20243,0.0
FAM64A,1.971759,1.61115,9.13753,9.2304
BVES-AS1,4.9093,4.9542,1.845357,1.585
MESP1,3.222008,3.3219,7.389548,7.1699
FLJ33360,5.058472,4.9771,2.07013,2.0
FAXDC2,11.115178,11.18115,8.488183,8.6724
TSPAN18,11.755317,11.76075,8.082256,7.8265
KIAA0101,2.430868,2.16095,10.441669,10.4522
CCL16,5.270995,5.39195,0.514603,0.0
ARHGEF38,1.709882,1.585,6.71578,7.1651
SYT5,1.71179,2.0,5.758275,6.0224
STON1-GTF2A1L,5.385463,5.74155,1.419802,0.0
PTGER3,12.817763,12.9529,5.496049,5.3923
SHROOM3,7.859664,7.69515,11.404513,11.4747
ESCO2,1.830128,2.0,8.395313,8.5392
NEAT1,16.060515,16.0669,13.434841,13.463
RP11-10A14.5,0.556859,0.0,4.550299,4.3923
LGALS7B,3.161206,3.2811,6.824259,6.8971
GHc-857G6.7,6.353149,6.2761,3.183818,3.1699
MIR143HG,12.451904,12.3234,4.373184,4.1699
FAM65B,11.805899,11.90845,7.404959,7.3663
CFAP126,0.529956,0.0,7.171617,7.2452
IGLV3-19,2.368965,2.0,5.626604,5.3923
CXCL1,3.511232,3.5222,7.910175,7.8265
REG1A,5.539576,6.1079,2.839649,2.0
LINC00511,2.893445,2.9037,9.027211,9.1215
CTD-2396E7.11,1.927538,1.585,9.117455,9.3106
RP11-544L8__B.4,4.216845,4.2089,0.852515,0.0
RP11-259N19.1,2.667054,2.585,7.158109,7.2574
CP,5.377691,5.16415,12.610186,13.2065
CTD-3010D24.3,0.132332,0.0,4.062614,4.1699
FOLR1,2.245876,2.0,10.295627,10.8781
TNFRSF13C,3.525014,3.6427,6.890768,6.7944
SCD,9.642247,9.3331,13.237883,13.285
NEFM,6.976268,7.045,2.82386,2.585
RP11-10G12.1,0.241103,0.0,4.06702,4.2563
LMNB1,6.858033,6.9129,11.854656,12.1309
WDR38,1.172645,1.0,5.411066,4.6439
LINGO2,8.867386,9.05255,3.395437,3.3219
HDC,7.350685,7.6963,4.107521,3.8074
NKAPL,4.916632,5.0444,2.017655,2.0
MCIDAS,0.308386,0.0,5.306915,5.3923
RP11-56D16.8,3.856156,4.2253,0.703963,0.0
WNT3A,0.471914,0.0,3.85259,3.7004
KCNF1,1.261719,1.0,4.592944,4.7004
HIF3A,11.470923,11.8125,6.718786,6.7142
FUT2,5.008173,5.0444,9.017062,9.1291
CHIT1,2.342094,2.3219,5.660157,5.585
RP11-690P14.4,5.357803,5.5304,2.170863,2.3219
C6orf223,3.445031,3.4594,7.118054,7.2479
RASEF,4.269915,4.0875,9.034909,9.5236
FAM150B,9.287394,9.37495,6.446123,6.5236
F2RL1,3.072833,2.8074,10.090471,10.3219
CKAP2L,1.987491,2.0,8.522207,8.7292
TFPI2,6.622888,6.5235,10.055367,10.3869
AC006007.1,3.406973,3.7539,0.01606,0.0
SLC30A2,2.487258,2.3219,6.55434,6.5392
CLSPN,2.649076,2.585,7.475626,7.7482
RYR2,8.147186,8.1006,5.43688,5.3576
ZNF835,7.057296,7.10325,3.931532,3.7004
CCDC80,13.507165,13.31895,10.6971,10.6618
ACBD7,1.532426,1.585,5.739153,6.1695
DGKB,7.116732,7.4094,2.501779,2.3219
MUC16,4.107123,3.7539,11.462218,11.9506
PGM5-AS1,9.310977,9.2618,2.137271,1.585
PDK4,12.018022,11.91175,9.163884,9.2784
PCDHB19P,4.966144,5.0875,2.142756,2.3219
RP11-334A14.8,4.932156,5.16525,0.782608,0.0
CRHR2,4.351336,4.42585,1.325505,1.0
AC005339.2,3.549772,3.70515,6.991533,6.9869
MYB,3.848829,4.0,8.749403,8.8704
MS4A8,1.217505,0.0,5.377064,5.1293
MUSTN1,9.008667,9.14935,4.429622,4.5771
IGFBP5,16.586818,16.66755,13.187993,13.0807
TMEM45B,2.721186,2.585,8.109314,8.2946
ZNF229,7.150295,7.2574,4.37352,3.7004
C6orf118,0.761185,0.0,5.017337,4.858
PLK5,6.075103,6.0224,1.653417,1.585
CYP2S1,3.989442,4.04375,7.739656,7.7279
RP11-182J1.1,4.148231,4.20475,0.853972,0.0
PLEKHB1,6.948181,6.99435,10.634138,10.8525
RP11-473M20.5,1.509665,1.585,5.291097,5.405
SNCA,9.852353,9.9907,6.630918,6.5699
PCAT7,0.699732,0.0,4.338407,4.3219
CH17-472G23.4,9.919928,10.0289,6.060353,6.4665
TEPP,6.111138,6.3309,2.724324,2.3219
CLDN6,0.683171,0.0,6.757447,5.9542
ARHGAP8,3.856727,3.4495,10.344897,10.4511
RBFOX3,9.670629,9.8618,3.991946,3.8074
TGM7,0.588478,0.0,4.20094,4.1699
RP11-132A1.4,2.013545,2.0,5.44653,5.7814
NPPA,4.911028,5.0448,1.809486,1.585
LINC01296,3.762085,3.76125,8.189012,8.9197
LA16c-390E6.4,5.093123,5.14115,2.384752,2.3561
PACSIN1,4.915009,5.0444,9.248179,9.4009
OLA1P1,1.942558,2.0108,5.440273,5.7382
TSPYL2,13.299744,13.3307,10.2568,10.3365
AC016757.3,6.431641,6.49965,3.461826,3.3219
HIST1H3D,2.057533,2.0,5.479539,5.3923
CYP2A7,3.528497,3.4239,0.319819,0.0
HIST2H2AA4,5.382338,6.12255,10.035632,10.0874
TEX15,10.07256,10.26615,2.898544,2.3219
CHRNA1,0.607619,0.0,4.627345,4.4594
CUX2,1.415092,1.0,4.62443,4.0875
PTRF,14.713212,14.72665,12.068684,12.1244
LSR,9.095638,9.111,13.155968,13.2217
HOXD11,9.195795,9.22275,5.777276,5.7306
LINC01088,7.023099,6.9538,2.712309,2.585
ROPN1L,2.947695,2.8074,6.571156,5.9542
PLEKHG6,3.967815,4.0,8.696257,8.7615
CTD-2006M22.2,7.111019,7.24325,3.561954,3.6005
SYT8,1.317785,1.0,6.089482,5.9069
WFDC21P,1.412122,1.585,5.519559,5.2219
PCDHGA4,7.350901,7.50975,4.56043,4.6679
SERTM1,10.120906,10.2345,5.810529,5.9069
UPK1B,0.881906,1.0,7.674877,8.0661
FAM153A,5.634201,5.45215,2.312056,1.7225
FREM1,10.324813,10.2296,7.483385,7.6582
C9orf106,5.210881,5.47565,1.687357,1.585
REM1,8.358891,8.4221,5.381696,5.2479
GSDMC,1.295391,1.585,4.618013,4.6439
GCOM1,6.476878,6.44045,2.402654,2.2141
CGN,5.659758,5.5391,11.299548,11.5142
CTB-25B13.9,3.523897,3.6011,0.728477,0.0
TNF,2.311879,2.3219,6.654415,6.5236
CTC-490E21.11,7.381971,7.3963,4.368289,4.4594
FAM83F,3.184524,3.0,8.642501,9.1995
RP11-736K20.4,8.030636,8.0196,4.417409,4.4594
NPY6R,3.759251,3.7004,1.016874,0.0
CLEC3B,9.950682,10.11825,6.889975,6.8948
LINC01342,0.30891,0.0,3.713321,4.0
LRP2,1.362223,1.0,5.865499,5.3576
RP1-80N2.3,2.378431,2.3219,6.327404,6.5236
POM121L9P,7.676255,7.63305,3.95666,3.9392
STARD9,12.104283,12.2041,7.388958,7.3837
LIN28B,0.393333,0.0,4.336673,5.0444
CTD-2647L4.5,2.823732,3.56095,6.484582,6.8632
MAS1,4.072627,4.08495,0.73315,0.0
SYT14,1.247435,1.0,4.42939,4.0
C14orf105,1.000231,1.0,4.165572,3.9069
RPL10P3,0.585363,0.0,3.853178,4.0461
CDH1,5.414086,5.1694,13.606162,13.8466
GOLGA8O,5.03529,5.3081,1.153203,0.0
KIFC1,5.327306,5.2287,11.110263,11.2877
RP11-395I14.2,3.832313,3.9069,0.944204,1.0
TCEAL7,9.426687,9.46655,5.771952,5.7549
RP11-435O5.2,1.810237,1.7925,6.481654,6.4094
TJP3,3.298509,3.0,11.237398,11.39605
RAP2C,12.841912,13.0732,10.060174,10.1357
SKA3,2.295821,2.3219,9.308761,9.4676
NOVA1,9.347838,9.2095,5.669317,5.8074
CNTNAP1,11.474003,11.47295,8.292063,8.3619
TRHDE-AS1,7.935408,8.0931,3.964985,3.5398
COL5A1,14.17614,14.1519,11.537912,11.6852
PAPPA-AS1,6.277201,6.3202,2.198374,2.2265
NUF2,3.632372,3.4594,9.57358,9.733
NPY5R,4.519076,4.5966,0.81208,0.0
ERN2,1.124572,1.0,4.839131,4.3219
PRSS33,0.356587,0.0,4.361531,4.2479
LYVE1,9.195921,9.09905,5.581018,5.585
BHMT2,8.66485,8.72275,5.894923,5.6147
KCNMA1-AS1,5.765901,5.61735,1.440508,1.0286
CPB1,5.552972,5.84545,1.583792,1.0
CEP55,2.750994,2.6962,10.303606,10.445
MESP2,0.812306,1.0,4.881573,4.7549
PTPRD-AS1,5.286746,5.37495,2.02175,2.0
MUC13,2.398749,2.3219,6.680076,6.3576
CTD-2537I9.12,7.901865,8.09265,5.300489,5.6439
DPT,11.326769,11.3669,4.68007,4.4594
GLI3,11.117636,11.14845,7.728966,7.7616
BLM,4.441742,4.45795,9.132574,9.2854
AC019117.1,0.581746,0.0,4.129576,4.1699
PWAR5,6.390847,6.4429,3.36555,3.4594
NPTN-IT1,8.040615,8.1033,2.713978,2.585
GAS6-AS2,7.424164,7.51515,3.94749,3.9069
PLXDC1,11.100156,11.1783,8.309006,8.2527
GOLGA6L17P,4.426144,4.5848,0.93267,0.0
GNG7,9.67195,9.7522,6.778268,6.507759
GRAMD2,3.294345,3.3219,7.457665,7.5236
MMP10,3.062019,2.6962,7.350809,7.399012
WHAMMP3,8.329078,8.3389,4.928232,5.0531
CDH13,11.596536,11.7317,7.638351,7.7549
M1AP,3.060538,3.3219,6.874878,7.8202
MMP12,0.600501,0.0,7.834452,8.0334
DAPL1,1.554454,1.6135,6.124636,5.915
FBXO16,2.937583,3.0,8.061499,8.3096
FOXH1,1.873035,2.1143,5.567841,4.9873
GCNT3,1.839982,1.585,7.556377,7.6147
RP11-244F12.3,8.430347,8.57845,3.605885,3.4867
KCNMA1,13.309969,13.4162,8.997538,8.9278
AQP7,7.267482,7.2761,4.545017,4.4594
BUB1,4.363404,4.2479,10.565049,10.7117
CTD-2334D19.1,4.271517,4.3923,1.379012,1.0
CXCL10,3.298431,3.0,9.19898,9.3061
KIF1A,4.273369,4.1699,10.84126,11.8098
PLCH1,3.669924,3.4594,9.274415,9.6618
KLF9,12.482219,12.5697,9.492756,9.5943
PRDX3P1,4.507526,4.42585,1.693342,1.585
SLC4A11,5.469922,5.5698,8.987749,9.0634
PKHD1,1.009253,1.0,4.912,5.1293
COL26A1,3.417799,3.39065,9.021676,9.4574
CH507-338C24.3,0.780463,0.4114,4.058965,4.0295
GNAO1,9.168836,9.1434,5.670044,5.4919
MYZAP,9.950326,9.9681,5.994762,6.1385
RP11-616M22.12,3.727453,3.7539,0.756658,0.0
MYO5B,5.752492,5.5512,11.25409,11.4984
GDF15,6.469236,6.2761,10.924822,10.9159
ZBED6,9.014714,9.05515,6.195579,6.6254
ZNF728,4.733436,4.7549,0.661093,0.0
RP3-523K23.2,0.939319,1.0,6.286883,7.2479
MYH14,6.004777,5.77545,12.79339,13.0835
RAMP2-AS1,7.130496,7.18325,4.401701,4.5416
SLC39A4,7.228726,7.2479,11.049878,11.1118
RNF223,0.629887,0.0,6.38525,6.5999
UBE2T,5.456305,5.44285,10.121757,10.196
DIO3OS,12.134454,12.236,4.663806,4.8074
PPP1R14D,0.519068,0.0,3.820272,3.7004
FBXL7,11.177645,11.2085,8.076145,8.0168
KRT222,5.123085,5.1496,1.540306,1.0
TNS2,13.899591,13.89175,10.414888,10.3696
KRT8P3,1.704618,1.98345,5.20668,5.0527
RP11-597D13.9,8.025176,8.0703,4.705096,4.5916
RP11-506K6.4,5.495895,5.5546,2.718629,2.8074
KIAA0408,7.927238,8.0623,4.039572,3.9598
EFS,11.412664,11.45475,8.254641,8.199714
IL1RL1,7.038665,7.0224,3.510914,3.4594
TRANK1,12.19859,12.18805,9.447012,9.6275
SCEL,2.715237,2.8074,6.242044,6.4263
CRHBP,5.827028,5.7915,2.764041,2.585
UBE2Q2P1,7.686147,7.75725,4.39014,4.4594
TCEAL1,11.824146,11.83785,9.128824,9.2827
OLR1,2.306647,2.0,6.686332,6.8202
PTCHD1,9.075814,9.21425,3.65399,3.4594
ZNF483,7.091446,7.05525,4.31058,4.3923
SPC25,2.334545,2.45345,8.565346,8.676
AP001471.1,3.489908,3.4594,0.422224,0.0
CELF6,9.244845,9.2069,6.201145,6.2102
SCRG1,6.877188,6.5546,2.474307,2.3219
POC1A,5.273519,5.2095,10.039664,10.1611
NCAM1-AS1,5.748679,5.85865,0.53696,0.0
CTD-3193O13.11,2.275362,2.5607,5.619579,6.5889
IGHV3-33,2.216673,2.0,5.52144,5.5931
HIST2H3DP1,3.217195,3.2383,0.284565,0.0
TSPAN2,11.256585,11.32625,6.706685,6.7142
IL19,0.321731,0.0,4.696534,4.5236
PDGFRA,12.711051,12.7412,9.092788,9.3061
CTD-2026K11.1,4.924962,5.1891,1.334754,0.6781
NGFR,9.216722,9.1059,5.332668,5.2095
PDZRN3,12.19299,12.2366,9.732129,9.679
SVEP1,11.150212,11.26025,7.814487,7.9366
C6orf3,8.204037,8.2138,5.308739,5.2095
FAR2P1,2.015906,1.585,6.800798,7.2363
CYP4F11,3.055547,3.1699,7.345326,7.5999
C16orf45,10.909331,10.90125,7.977759,7.9425
AOC1,1.372385,1.585,9.152134,9.1472
RPSAP52,0.515256,0.0,4.18327,4.2479
IL1A,0.372491,0.0,3.755373,3.8074
PLEKHH2,12.13975,12.07805,7.55833,7.5392
RP4-616B8.5,0.324872,0.0,3.618806,3.7004
APOC4-APOC2,1.957503,2.0,6.476551,6.62592
FZD10,5.244194,5.08685,8.978433,8.96
GABBR1,13.215691,13.23835,8.852243,9.0498
KLHDC7A,0.881672,1.0,7.405002,7.9009
ESRP2,4.154771,3.86075,10.866414,10.9378
SCN4B,8.180764,8.219,5.425345,5.5236
GRHL2,2.644569,2.3219,11.241357,11.5093
GDF5,3.442571,3.4594,7.184842,7.5492
CTB-31O20.4,7.447963,7.4296,4.630021,4.8856
FTLP14,0.175153,0.0,4.141659,4.1699
DSC2,5.325454,5.2287,10.741132,11.1098
MEG3,13.911396,13.95685,7.74712,7.7415
NID1,13.046296,13.163,10.513028,10.5127
FOXI2,3.874614,3.9069,0.600198,0.0
LHX2,0.466883,0.0,4.034977,3.585
NEGR1,9.511473,9.70905,5.063523,5.0
FIGF,7.572906,7.46255,3.391988,3.3219
WNT10A,1.630727,1.585,7.009413,6.8202
CCDC160,1.44019,1.585,6.677259,7.1497
RPS10L,0.468913,0.0,3.786887,3.7038
TMEM190,0.863132,0.5,4.711553,4.1827
DIXDC1,11.223068,11.2665,8.652737,8.8106
GGH,7.001683,7.0714,10.853156,11.0258
GSG2,2.255719,2.3219,7.304695,7.4998
SFN,4.691924,4.585,12.072774,12.1036
KIF20A,2.868678,2.8074,10.438253,10.5575
RP11-361L15.5,6.207105,6.21675,2.764677,2.857984
MICU3,9.145091,9.14465,5.454765,5.5236
KDF1,1.769937,1.585,10.000768,10.2408
RPL23AP1,5.893367,5.92385,2.864843,2.9946
RP11-147L13.8,5.859419,5.88245,2.775726,2.8074
GOLGA8N,10.593829,10.5694,7.601923,7.7267
VPS9D1-AS1,5.003418,4.91335,8.896873,8.9621
SYT13,1.599388,1.0,7.211785,7.8826
AP001189.4,5.740326,5.7549,1.733479,1.585
PRKG1,10.386847,10.4131,6.512267,6.5546
SGCA,9.517606,9.7845,3.977734,3.8074
LHFPL3-AS2,0.704178,0.0,4.837097,4.7549
MCM10,2.535318,2.3219,9.055742,9.2597
CDC20P1,6.30599,6.2937,3.423045,3.4764
CFAP45,5.007967,4.88245,8.599947,8.4094
PMP22,12.517755,12.46425,9.663912,9.6147
KISS1,0.153846,0.0,4.012557,3.9069
HIST1H3H,3.879776,3.9069,7.699126,7.7748
PCDHGC5,6.814876,6.8185,2.929755,3.0959
RP11-465L10.10,0.650058,0.0,4.200956,4.1252
RASSF10,0.633342,0.0,6.563699,6.8948
SLC5A5,0.690617,1.0,3.832786,3.585
CTD-2303H24.2,8.731133,8.8807,5.319838,5.5534
LINC00467,5.344558,5.4093,8.815752,8.8826
SPTBN2,7.107585,7.10325,11.355221,11.4278
CSPG4P12,10.154936,10.08165,7.134074,7.1373
GRM7,4.814497,5.0222,2.023143,1.585
KIF5A,8.489653,8.6165,5.753922,5.5546
GDF7,9.508677,9.3256,6.115323,6.137678
SIX4,6.372697,6.37495,9.87572,10.0993
CCL8,2.337612,2.3219,6.031116,6.0
LPAR3,1.884023,1.0,8.565331,9.3465
CTA-363E6.7,0.521113,0.0,3.708312,4.645
KIAA1644,12.068065,12.23015,5.90324,5.8826
ADAMTSL5,9.855515,9.85785,5.066324,4.9069
CCL3,4.107728,4.0815,7.507534,7.4395
PRDM5,9.352592,9.3858,5.904622,6.2479
ESPL1,4.657744,4.61445,10.019134,10.1749
LCMT1-AS2,4.739615,4.3923,1.870249,1.585
RAC3,5.612919,5.59925,9.731062,9.9039
SULT4A1,2.440955,2.0,6.30199,7.1497
NXPH4,1.764129,1.585,7.336348,7.2574
ABHD11-AS1,1.450259,1.585,5.691066,5.9307
FAM9B,6.755621,6.6724,0.67246,0.0
DSCAML1,8.592936,8.817,4.225036,4.2479
SYNM,11.548521,11.3706,7.648346,7.6204
FRMPD2,0.778212,0.0,4.324383,4.1489
TUBB8P12,1.071317,0.9359,5.144626,5.4938
CTC-425O23.2,5.582359,5.50775,2.214018,2.3219
KCNN3,10.298481,10.3838,7.515203,7.3923
TMEM139,4.385495,4.2089,10.302682,10.5068
RP11-400F19.18,6.226479,6.3663,2.392835,2.3219
LIX1,0.725626,0.0,5.137786,4.6439
GLRA4,4.668545,4.42585,0.456901,0.0
PTH1R,9.527299,9.54775,6.102693,5.8329
AC015849.16,0.433742,0.0,3.48536,3.4594
AGTR1,7.304194,7.46755,2.36894,2.3219
CTB-133G6.1,5.763244,6.0235,1.121986,1.0
LONRF2,13.005853,12.8389,8.652468,9.1007
JPH4,10.953401,11.06975,5.242253,4.9069
C14orf180,5.423263,5.6293,1.276058,0.0
AFF3,10.07534,10.1785,7.439303,7.4346
CHODL,2.736341,2.8074,6.127828,6.0
PKD2,12.65535,12.72725,9.988789,10.1163
RP11-120K24.3,1.223282,1.0,5.055794,5.3923
RP11-180N14.1,4.936854,4.9771,2.111214,2.0
WBSCR17,9.621146,9.7245,6.107051,6.4594
BBOX1,1.033804,1.0,5.6255,5.7549
MAL2,3.692591,3.4594,12.680369,12.7738
C6orf99,0.701722,1.0,4.750895,4.9069
RASA4DP,6.379803,6.8525,3.238206,3.479
FIBCD1,0.756227,0.0,4.594675,4.5236
ANGPTL1,11.263773,11.3192,5.414817,5.2854
MEIS2,11.832637,11.8607,8.246618,8.3107
ENOX1,8.020806,8.0168,5.408009,5.2854
KRT81,1.017979,1.0,5.759963,5.6622
FAM65C,11.613649,11.60615,6.685818,6.6724
LIPI,3.442842,3.585,0.678457,0.0
RP11-274B21.14,8.104103,8.12215,4.563151,4.7279
NPAS4,7.961897,8.0552,1.394561,1.0
APOE,9.420144,9.5573,12.950394,12.9196
RP11-972P1.7,7.432346,7.45315,4.766782,4.9155
PEG3,10.946947,10.95715,5.626112,5.4263
CH17-408M7.1,5.784546,6.147,2.154204,1.8639
GOLGA8R,7.784012,7.899,3.857793,3.9846
RP11-88H9.2,5.843528,5.90665,2.473279,2.3219
AC005519.4,7.623806,7.67855,4.542207,4.7527
RNASE4,11.0833,11.0955,8.207202,8.2062
CXCL5,1.387627,1.0,6.568405,6.3399
ARHGAP20,8.198667,8.18735,4.135082,4.0875
C3orf70,9.453369,9.4938,5.563064,5.5236
DIRAS1,9.808021,9.7415,5.184009,5.0
MYCL,3.913805,3.679,8.982842,9.0357
PDLIM3,12.712,12.6333,7.304716,7.1396
RP11-78A19.3,4.373956,4.8796,8.521245,8.6564
KLF15,9.847528,9.93125,7.210302,7.5925
C19orf45,1.792737,2.0,5.73625,5.9773
CDC25A,4.331345,4.4594,9.264481,9.3663
DACT2,5.548922,5.92765,9.671822,10.5333
LINC01489,4.294756,4.3571,0.962408,1.0
ROBO2,4.81306,4.4594,8.224361,8.8486
KLF3-AS1,8.672092,8.57585,5.953031,6.1309
GH1,4.696721,4.88245,0.654284,0.0
PRR16,8.817603,8.9381,5.405239,5.2479
MT3,2.500192,2.45345,5.710933,5.6147
IQSEC3,8.335527,8.3392,5.691973,5.2935
ADAMTSL1,10.973359,11.15355,7.540802,7.6653
DCN,15.690703,15.7843,11.271501,11.4115
COL5A3,11.799809,11.87765,8.546016,8.5584
IGHA2,5.772127,5.62365,9.248514,9.4696
GOLGA8M,5.499509,5.5626,1.715587,1.585
SLC24A2,5.690418,5.48865,2.030102,2.0
KIF18B,2.518017,2.0,9.529688,9.6493
BTBD19,9.960576,9.9564,6.502909,6.5546
LINC00958,0.653933,0.0,8.63571,8.7781
RGS2,12.639729,12.6072,8.931789,8.8549
HFM1,6.977296,7.01655,3.844861,3.9069
KIF14,2.996295,3.08495,8.753196,8.8887
LIFR,12.830764,12.8556,9.26403,9.6018
AQP5,3.481578,3.3219,10.52413,11.1824
HOMER2,6.210505,6.0112,11.358871,11.5608
ATP10B,1.420854,1.0,5.389327,5.3923
B3GNT3,1.686144,1.585,8.701658,9.2784
ZNF208,7.837767,7.92975,2.780665,2.585
MLK4,5.758521,5.7944,9.356788,9.5793
CCDC108,2.125969,2.0,6.168465,6.3399
CCR10,8.131422,8.1528,5.008958,4.8455
TRIM63,6.715809,6.65105,2.538673,2.585
ATP6V0A4,0.519359,0.0,4.809176,5.0
RP11-388M20.2,0.298049,0.0,6.327978,7.1785
DKFZp434J0226,6.958505,7.059,1.581044,1.000028
PODN,12.672392,12.74215,7.823296,7.9484
CCNO,3.611233,3.585,9.0977,9.1059
RP11-472K17.3,0.464936,0.0,4.092125,4.0
LIPG,3.4979,3.1699,9.049428,9.1774
MGP,14.907459,15.07615,11.541524,11.5122
HES2,1.227096,1.0,8.062417,8.1849
TMEM184A,5.539026,5.56955,10.237675,10.5537
SCN7A,10.208641,10.34155,3.480707,3.1699
MAGI2-AS3,11.335278,11.35775,6.838796,6.8202
CADM3,8.037338,8.18205,4.883961,4.5705
RP11-680F20.6,3.933909,3.81165,0.657558,0.0
PKD1,13.843835,13.7893,11.286111,11.2002
PALLD,14.834582,14.87955,12.203955,12.3842
SHH,1.012788,1.0,6.204369,6.375
RAB17,6.436299,6.3219,10.343421,10.567
RP11-358D17.2,5.955253,5.98865,1.468312,1.585
RASA4,12.239244,12.2857,9.740533,9.6801
RP6-24A23.3,5.315645,5.40915,1.093353,1.0
RASGRP2,10.569026,10.5425,6.829213,6.8329
NLRP2,3.282055,3.2459,8.774079,10.5897
RP11-573G6.4,6.499931,6.57735,3.107203,3.1699
RAET1L,0.315801,0.0,3.873312,3.9136
REG1B,4.116119,4.61445,0.192812,0.0
RP11-334L9.1,0.473644,0.0,3.61166,3.9364
LRRN4CL,10.630905,10.64615,6.37457,6.5546
ZNF366,7.631123,7.7107,3.74191,3.8074
HOXB9,4.5007,4.4915,9.828902,10.4858
GLB1L3,5.900859,6.4446,3.124088,2.8074
GS1-72M22.1,4.076655,4.0196,1.084818,0.0
RP11-216L13.16,5.717562,5.8133,1.531381,0.0
ITGB1BP2,7.808328,7.90045,4.886399,4.9069
RXFP2,3.498031,3.2459,0.248632,0.0
RP11-109J4.1,0.186987,0.0,5.977309,6.1699
RPL7P3,3.064333,3.1699,0.140839,0.0
TPSD1,5.830531,5.96575,1.674664,1.0635
ACKR1,11.428976,11.4044,7.6576,7.8948
GJC1,11.118837,11.1588,7.926473,7.8392
MFAP4,13.3718,13.4216,8.948858,9.1396
ABI3BP,11.114871,11.2182,7.340224,7.3837
TMEM40,1.226449,1.585,4.355742,4.2479
IGKV1-5,3.617254,3.1699,7.075082,7.1486
KRTCAP3,5.521154,5.507,10.517164,10.6768
RP11-887P2.5,8.285776,8.54625,1.710655,1.0
CYP4F24P,3.530785,4.1287,0.534479,0.0
ALDH1A2,11.87461,11.91515,7.749427,7.5925
GOLGA8A,13.571937,13.5146,11.018089,11.1946
PDZK1IP1,2.891879,3.0,9.584968,9.9114
RAB19,0.163526,0.0,3.839646,4.0875
C6orf132,4.819799,4.858,10.527361,10.6184
RP11-902B17.1,6.052565,6.0768,3.11829,3.3219
HLF,10.371227,10.43095,5.999196,5.9773
C1orf158,0.422058,0.0,4.389149,3.9069
SNED1,11.869558,11.7558,8.762972,8.701
GJB6,1.820363,1.585,5.53811,5.8329
TMEM61,1.155035,1.0,5.28718,5.3352
TLCD1,3.58274,3.585,9.345179,9.3966
ADRB3,4.788694,5.0222,1.123536,1.0
RP11-903H12.5,9.588712,9.6995,6.511551,6.9594
KIF12,4.819165,4.85715,9.411096,9.9744
NYAP1,8.810588,8.83275,5.0653,4.9542
RP11-861E21.2,8.129792,8.21435,4.063567,4.3674
CNTNAP2,2.300101,2.3219,6.220424,6.375
BMP3,1.405338,1.0,5.897898,5.858
GSTA1,1.904633,1.585,5.674416,5.7274
RP11-73M7.6,4.335824,4.2849,0.989566,1.0
KRT19,9.929413,10.11885,14.365187,14.5615
SLC6A14,0.660105,0.0,5.598395,5.7814
CFAP47,0.721844,0.0,6.45927,6.6294
CXADR,7.690376,7.64025,11.825762,11.9403
RP3-439F8.1,2.403926,2.45345,5.955293,6.1085
RP11-127I20.5,1.034464,1.0,4.128357,4.3937
ILDR1,1.179188,1.0,8.955389,9.2715
SHANK2,3.039927,2.6962,9.080921,9.5411
ANKEF1,5.554037,5.5543,9.007368,9.1396
CADM3-AS1,8.890972,8.9046,2.564262,2.4087
RP11-102G14.1,5.540874,5.3923,2.510659,2.3219
ADAMTS19,8.979649,9.14595,5.899124,6.5999
TMEM238,2.992826,3.0,7.661036,7.7074
BPIFB1,0.583219,0.0,4.156338,3.7004
OLFM1,10.272274,10.25855,6.366032,6.1497
RP11-736N17.10,7.544247,7.52685,4.108198,4.4594
NCAM1,13.067022,13.10195,7.684303,7.4676
EDNRA,11.014703,11.05695,8.353934,8.4757
ESRRG,2.389412,2.3219,7.421036,7.8765
LTBP4,14.846383,14.78485,11.051651,11.1046
PAPPA,9.165017,9.08585,5.374641,5.2854
KRT83,0.237076,0.0,3.309101,3.1699
RP11-771K4.1,0.536306,0.0,4.334619,4.585
CTSV,3.08625,2.9037,10.582199,10.4533
RP3-406A7.7,1.363662,1.0,5.640528,5.7004
HOXD4,9.801381,9.82965,4.915975,4.8074
TPM2,15.567204,15.50585,12.727281,12.8265
KIF18A,3.742226,3.7539,8.735337,8.8424
PCDHB5,8.214158,8.26945,5.62769,5.5304
STXBP2,7.624092,7.56215,12.105471,12.1526
PLA2G7,2.850633,2.585,7.625376,7.5774
AC113188.2,2.749937,2.7469,6.672733,6.9216
ATP5G1P4,0.526859,0.0,4.38514,4.2479
LINC00668,0.869187,0.0,4.172784,4.0
NRTN,2.194229,2.0,7.062432,7.0112
NRCAM,5.429515,5.2095,10.033192,10.3837
ANKRD33B,9.950127,9.8723,6.685659,6.7549
GJB3,2.398263,2.3219,7.525253,7.7074
ESPN,2.757595,2.5981,10.698075,10.9227
ADAM33,14.17069,14.192,7.313301,7.2192
SORBS1,13.780297,13.7304,8.907498,8.9366
CCDC144NL-AS1,8.312031,8.3241,5.108752,4.7549
SLC45A1,8.653826,8.5924,5.971972,5.9773
DMBT1,2.877913,2.585,6.29079,5.6724
SIGLEC6,4.15831,4.26135,1.183034,1.0
GRIA3,5.947264,6.1392,2.691618,2.3219
C9orf47,5.891292,5.8923,3.102794,3.0
C6orf15,0.156026,0.0,3.538985,2.8074
ADHFE1,9.640897,9.7009,5.929634,6.0875
RP1-18D14.7,6.046449,6.05235,1.085087,1.0
GDF6,6.245617,6.7073,2.746958,2.585
PNOC,0.718668,0.5,5.556759,4.582
DBNDD1,5.658754,5.70015,10.917778,10.9614
RP11-522B15.6,3.707422,3.8074,0.220553,0.0
ITGA8,10.139071,10.1847,6.440429,6.5392
CDC45,3.044449,2.8074,9.492308,9.6384
ASXL3,6.804026,7.0873,4.099937,3.7004
CA2,4.676195,4.6439,8.310967,8.2432
CACTIN-AS1,5.332492,5.3754,2.595071,2.7312
ZNF727,5.428606,5.4093,1.668389,1.0
RP11-64C12.1,4.81251,4.9069,0.451279,0.0
DNAH14,4.536814,4.3923,8.656871,8.6935
NDRG2,13.792814,13.82755,10.880851,11.0634
ADM2,2.54604,2.3219,8.650224,8.8234
CYP46A1,7.585372,7.5812,4.46731,4.3923
BARX2,1.186824,1.0,5.419872,5.2854
KRT7,4.480851,4.3571,13.452049,13.9147
RP11-667K14.4,0.157917,0.0,6.122962,6.6655
C2orf50,1.744186,1.585,5.258217,5.0
CLVS2,7.573231,7.84835,1.041442,0.0
ASPA,8.772035,8.7661,2.084094,2.0
PFN1P6,4.474844,4.5773,1.525021,1.0841
OR7E14P,3.333317,3.3219,7.279035,7.3833
BCAN,7.146229,6.84005,3.873232,3.61
RP4-635E18.6,0.616213,0.0,4.532356,4.585
RP11-958N24.2,8.567981,9.2927,4.702904,4.6814
SUPT20HL1,4.736427,4.77265,0.144443,0.0
RGMA,11.739531,11.74115,8.950548,9.2432
PNPLA7,10.778809,10.7253,7.558712,7.4094
LY6G5B,10.139253,10.21655,7.329044,7.5574
CTD-2033D15.3,5.38554,5.53825,1.675352,1.7093
BIRC5,3.469373,3.3219,11.454952,11.6334
RP11-88I18.3,4.712231,4.7004,0.42899,0.0
GALNT6,5.208228,5.2287,10.774422,10.8416
RP1-131F15.2,4.750497,4.67215,1.288994,1.0
DNAJC5B,0.498599,0.0,3.843432,3.9069
IGKC,9.346508,9.1783,13.356804,13.4748
CALD1,15.372228,15.3058,12.151062,12.2324
GGT6,1.501122,1.0,9.14325,9.8041
LGR5,3.939938,3.3219,10.659554,11.463
RP11-284F21.11,3.272353,3.3219,0.428878,0.0
CMYA5,11.690145,11.7783,7.169933,7.0553
KLHDC1,8.618841,8.57745,5.520318,5.7279
TNFRSF18,3.051579,3.0,8.010757,7.8329
MND1,2.307291,2.3219,8.385616,8.5469
RP5-855D21.1,6.433401,6.3488,3.137112,3.2957
HNF1A,0.744208,0.0,5.285991,5.8004
SOCS2,11.737005,11.789,8.288573,8.3663
LINC01123,5.477742,5.5472,9.036313,9.2505
TRPC1,10.259469,10.3066,6.475614,6.665318
BSPRY,3.461491,3.4594,9.990659,10.1396
RP11-632P5.1,4.928019,5.0,1.27525,1.0
PCP2,1.402626,1.0072,5.310009,5.3576
KLHL35,3.871447,4.0,7.366523,7.2479
RP11-44F14.8,0.42931,0.0,4.918233,5.266797
IGHV4-39,1.882417,1.585,5.143362,4.886588
PCDHB18P,6.275474,6.344,3.439552,3.5484
TRAF4,8.420295,8.4051,12.441444,12.4567
PROX2,5.511373,5.55845,2.670919,2.8074
SPEG,13.87155,13.86985,8.567726,8.905
GALNT14,3.331268,3.2459,8.499959,8.9744
GRIN2A,6.171991,6.3038,3.040913,2.3219
SYNE4,5.70596,5.65815,9.812469,9.9873
TNFSF15,3.573729,3.4594,7.683456,7.6582
MT1G,3.084713,3.0,8.626556,8.4458
TGFA,4.819565,4.858,9.328787,9.5812
RP11-356K23.1,0.526374,0.0,3.881146,2.585
RP11-7I15.3,1.289391,1.17905,6.027868,6.379
HMGB3,6.947079,6.96535,12.393957,12.4291
OIP5,3.163927,3.22875,8.220669,8.4317
MEDAG,9.091277,9.0565,5.621117,5.6439
RP11-424C20.2,0.833754,0.0,5.465891,5.7626
HOXA6,6.919654,6.9129,3.952348,4.1546
CTD-2044J15.1,4.627386,4.858,1.295202,1.0
HOXB8,5.195892,5.0875,9.984988,10.9009
IGLL5,4.490821,4.343,7.911232,7.7319
ORC6,5.148418,5.1545,9.405301,9.568
ANXA13,5.491387,5.507,2.81544,2.3219
ZNF676,6.777924,6.9129,1.740811,1.0072
CTA-989H11.1,1.613058,1.585,5.433523,5.4263
CR2,1.065447,1.0,5.519478,5.1699
KRT18,8.675921,8.55725,15.101584,15.1213
DNM1P46,5.006436,4.9756,1.344895,1.0
PSAT1,5.721151,5.24745,11.884405,12.0362
HIST1H2AD,1.0926,1.0,4.58207,4.6679
ANKRD66,0.246523,0.0,3.443014,2.3219
SPARCL1,16.007835,16.0354,11.656057,11.6587
CDH19,6.173241,6.50775,0.989372,0.0
MXRA8,12.989128,12.96535,10.525958,10.6786
COL2A1,2.345438,2.0,6.171637,5.585
RP11-175K6.1,6.477119,6.62845,3.621038,3.6588
CTC-265F19.2,3.283954,3.3219,0.374278,0.0
EFEMP1,12.198418,12.2196,8.883509,8.9542
WISP1,9.415909,9.49185,6.769841,6.8172
SERPIND1,5.800328,5.9188,2.438337,2.0
PAK6,2.941506,2.26715,6.55985,6.75459
TMPRSS2,2.888988,2.585,9.541999,9.9322
RP11-1090M7.3,4.952021,4.9771,0.685271,0.0
LEFTY1,4.253201,4.30185,8.700258,8.2717
IGHA1,8.509547,8.3298,12.190615,12.6188
SH2D4A,6.380562,6.41785,10.104907,10.275
ARMCX4,10.647664,10.60035,7.279967,7.5622
AC092162.1,7.052371,6.90085,1.084542,0.0
SYT9,5.38149,5.44285,1.853943,1.585
KRT8P32,0.064103,0.0,3.260186,3.3248
EHD2,13.043479,13.06255,10.297155,10.314
TMC5,2.567495,2.16095,9.618166,9.9039
RP3-368A4.6,9.258136,9.298,6.266904,6.5078
PDE2A,11.472483,11.4918,6.391689,6.375
IGHV3-23,2.812778,2.3219,6.524681,6.3576
GRP,1.263119,1.0,5.076866,5.0444
FGF18,4.633483,4.58375,9.706907,10.2228
VAV3,7.329567,7.18485,11.057421,11.4157
JAM3,11.925513,11.8964,8.787246,8.6221
RBM47,5.896558,6.0334,11.651833,11.7436
DCDC2,2.223183,1.585,9.939037,10.2203
MAT1A,3.389415,3.3219,6.705523,6.9773
CYP2J2,2.136231,2.0,7.900204,8.0661
OMD,8.118812,8.2384,2.397178,2.0
C15orf48,2.603067,2.8074,8.087835,8.2882
CENPM,3.059101,3.0,9.675115,9.7764
ZNF521,10.106309,10.16275,7.10467,7.0224
KISS1R,0.315762,0.0,4.43425,4.3219
SPAG5,7.242691,7.3349,11.236754,11.3382
NECAB1,9.123518,9.15115,5.047209,4.8605
HSD17B13,6.998059,6.98805,2.854029,2.8074
ANKRD29,10.139241,10.18425,6.439284,6.375
FRMD7,7.145728,7.4716,0.976226,0.0
AC023115.2,4.342578,4.4594,1.506757,1.0
EBF4,11.405265,11.4393,8.724608,8.7039
RP11-445F12.1,0.115385,0.0,3.30216,2.807318
RP11-114H24.2,3.45281,3.76615,0.728642,0.0
MEX3A,7.757478,7.58495,11.825342,11.9542
CTD-2531D15.5,3.107404,3.25775,8.410697,9.2571
RP11-68L18.1,4.784097,4.8327,1.853271,1.585
LILRB4,4.888868,5.05025,8.398838,8.375
FA2H,1.6608,1.585,7.517405,7.4346
PYY,1.397399,1.0,5.132754,5.3219
ADAMDEC1,1.472594,1.585,6.782536,6.9189
ASF1B,3.946209,3.8074,10.866627,11.0519
AP001631.9,0.211435,0.0,3.375322,3.3219
ERCC6L,4.844001,4.9771,8.258965,8.4998
S100A1,5.222978,5.26525,9.562904,9.8678
RP11-867G23.10,7.328304,7.4303,2.037734,2.0
CTD-3035K23.3,6.292447,6.4024,2.951112,3.0215
CCBE1,8.804018,8.96,3.945783,3.643828
DLL3,0.674528,0.0,4.667787,4.4594
ADGRF5,11.400567,11.37965,8.830444,8.8826
PGA3,6.50606,7.28545,1.844333,1.0841
FTH1P5,0.553628,0.0,3.774626,3.7981
CTD-3126B10.2,4.199999,4.3219,1.296034,1.0
SYNGR3,2.718429,2.8074,6.667547,6.7549
OR5K2,3.437568,3.4877,0.527602,0.0
XYLT1,9.926001,9.86805,6.763741,6.5789
PLA2G5,5.35805,5.6293,2.298471,2.0
RP11-638I2.6,4.697847,4.99005,9.12004,9.117
HIST1H4J,3.649683,3.70485,7.384784,7.4757
CAMSAP3,2.996399,2.585,10.725267,10.7682
HIST1H2AI,0.21671,0.0,4.276195,4.3277
ASRGL1,7.734364,7.4256,12.599918,13.0193
AC093642.1,8.230732,8.32865,2.954311,3.0
PCDHB15,9.401346,9.43215,5.97089,6.031
AC015971.2,5.30569,5.5317,2.061705,2.0036
APOBEC3B,4.071863,4.1977,9.045844,9.1939
IGKV1D-39,3.814645,3.39065,7.113893,7.1207
SRPX,11.113855,11.09735,6.488075,6.2479
NPY1R,8.687545,8.65065,4.924343,4.9069
PRRG2,4.435886,4.585,9.073088,9.2946
MDGA1,9.706337,9.82085,6.898992,6.858
MCM4,8.620173,8.633,12.203455,12.3415
IHH,3.103155,2.3219,6.388656,6.3923
RAP2C-AS1,7.852332,7.96,5.196077,5.3219
NPM1P25,1.388986,1.585,4.735883,5.0
RP11-34A14.3,4.03971,4.1815,0.730109,0.0
KIF15,4.895119,4.8327,9.341104,9.5018
KNDC1,8.790297,8.80415,4.910348,4.4594
BOC,12.506395,12.53275,9.883505,9.9649
TMEM92,4.197549,4.1699,7.54532,7.8704
VAMP1,10.704058,10.642,8.118155,8.2153
CST1,0.834617,0.0,5.656094,4.8445
GRID1,8.49494,8.48965,5.210534,5.2798
HAPLN1,0.621967,0.0,8.109919,8.4471
PLA2G3,0.895435,1.0,5.718917,5.9773
LINC00702,8.426535,8.4938,2.984619,2.8074
TMOD2,10.571308,10.5382,7.060205,7.0444
PRLHR,6.33765,6.34875,1.096703,0.0
RP11-16P20.3,4.540244,4.6096,0.481103,0.0
PRRG4,5.626077,5.65815,9.352164,9.5925
SLC7A5,7.20635,6.9863,11.91057,11.9953
TAGLN,17.206612,17.33775,12.541678,12.4451
HNF1B,1.677365,1.0,8.408477,9.7142
TGM2,14.703419,14.65505,12.318095,12.3589
FTH1P20,4.179364,4.1703,8.177175,8.1376
LCNL1,7.465051,7.375,3.988149,3.9079
HIST1H2AM,0.295858,0.0,4.497881,4.5242
ZNF683,1.82535,1.585,5.661422,5.7814
CLPS,4.598247,5.1084,1.109641,0.0
HOXD9,11.485814,11.542,8.865084,8.7381
C1QTNF1,10.84206,10.92835,8.308587,8.2715
IL2RA,2.933645,2.8074,6.233677,6.3038
TRPM2,6.667424,6.5923,10.171597,10.2562
CMAHP,10.715622,10.6524,6.879236,6.8948
CDC20B,0.701713,0.0,4.98953,4.0875
CCL20,0.998188,1.0,7.061364,7.0224
DSG2,7.679821,7.7875,12.194448,12.2952
BNC2,12.474383,12.57305,7.259999,7.4429
AC026904.1,3.94114,3.95345,0.724641,0.0
F12,3.227347,3.2459,7.673292,7.6073
FLJ46284,5.895869,5.76815,3.082575,3.3219
HMGA1,8.891464,8.85015,13.707524,13.826
PRND,6.915988,6.96825,2.583045,2.3219
CACNG6,1.110832,1.0,4.381724,3.7004
CDK15,5.275368,5.33975,2.083789,2.0
CDKN2A,3.737544,3.55365,10.238898,10.401
RADIL,8.691945,8.6397,5.892183,5.9542
AC002310.11,5.664081,5.9708,2.749036,3.5619
ABCA13,1.537441,1.0,5.445598,5.6147
PSD4,7.648785,7.6864,11.498276,11.5948
SEL1L3,7.449958,7.46345,12.139558,12.3362
PID1,10.332392,10.36525,5.533513,5.4263
TRDC,2.768086,2.745,6.385834,6.2363
PRR15,4.758777,4.72765,10.716036,10.8842
ONECUT2,2.849,3.0,6.529474,6.2668
FLG2,4.320731,4.6427,0.820817,0.0
C4orf48,3.806779,3.7004,8.51376,8.6147
LPP,14.281928,14.34485,11.59058,11.7381
SGOL1,1.675097,1.585,8.584368,8.773149
C1orf210,1.55136,1.585,9.354371,9.6777
TMEM255A,7.06509,7.3789,3.997253,4.0
RP5-1142A6.9,8.073029,8.0941,4.484191,4.5904
KRT17,4.581736,4.3571,10.658437,10.851
MROH2A,0.191114,0.0,3.961257,4.0
HILS1,4.05404,4.1699,0.832697,0.0
GAL,1.07359,1.0,5.121062,5.1699
WT1-AS,9.762532,9.7889,5.02188,4.9736
TARID,5.386712,5.3286,2.533266,2.3219
MIR99AHG,9.417841,9.45935,6.214134,6.4919
CXCL12,12.950565,12.845,8.969416,8.9715
AC011330.5,4.440271,4.7993,1.640566,1.384
SPX,2.384101,2.3219,6.182941,6.4094
TNS1,15.370753,15.42165,11.171768,11.2521
C10orf99,0.870799,1.0,4.811491,4.5236
USH1C,2.031592,2.0,6.255728,6.1293
APOD,12.998121,13.06655,7.474259,7.2192
SORCS1,6.883382,6.8575,3.738037,3.8074
MT1F,4.939317,4.93055,9.839761,9.796
CTD-2325P2.4,0.806755,1.0,3.85636,3.8074
CTD-2527I21.15,0.268606,0.0,4.914744,5.0444
TEKT4,0.928036,1.0,4.702381,4.2388
SYTL4,12.414292,12.4106,8.374942,8.3966
CELA2A,4.003932,4.43555,0.300993,0.0
HIST1H2AG,2.714117,2.5862,6.065236,6.3576
C2orf40,8.690828,8.97715,5.904478,6.1293
RP11-59C5.3,8.685273,8.6954,6.096866,6.2128
NME1,9.175938,8.9993,12.717553,12.7458
KCTD8,5.665477,5.6724,1.81742,1.585
RP11-128M1.1,0.669019,0.0,5.24837,5.6147
PLN,11.974247,12.07045,5.140555,4.858
ADGRV1,3.508974,3.585,7.246283,7.5546
NKAIN4,1.878644,1.585,6.082611,6.0
AGR3,1.13364,1.0,8.083129,8.3794
TMEM132C,8.750304,8.78465,3.523865,3.16996
RBM20,8.797058,8.85245,4.871653,4.9069
VAMP8,7.498597,7.4346,12.307533,12.369
WNT7B,0.836753,1.0,7.432837,7.366283
TRPM8,0.358767,0.0,4.042692,3.7004
MYOM1,9.467144,9.6474,5.930483,5.7814
GZMB,3.610379,3.585,7.479687,7.5379
ABCA12,1.151122,1.0,5.190863,5.2095
IGLV1-47,2.330542,2.094,5.656167,5.5283
RP11-370I10.12,5.567362,5.50775,2.701792,2.585
RP11-867G23.1,5.20611,5.2287,1.000285,1.0
ANKRD34B,0.402781,0.0,4.434443,4.3923
MBNL1-AS1,10.340568,10.3901,6.783398,6.8837
HOXC6,8.024245,8.4367,5.156677,4.8319
ADGRD1,10.504787,10.5226,5.013719,4.7549
SVILP1,5.628823,5.86705,2.558292,2.6017
GHR,8.317941,8.37495,5.024134,5.2095
PPAPDC1A,2.602059,2.3219,5.78836,5.858
LCN2,3.525353,3.39065,11.643461,12.0509
CTC-296K1.3,4.391335,4.7004,0.726479,0.0
AC145124.2,7.380809,7.54305,4.787341,5.0875
ZCCHC5,3.715056,3.85715,0.783796,0.0
HAND2,11.735992,11.7066,6.627041,6.585
LINC01197,7.126912,7.16965,3.67227,3.7004
PPM1K,11.88254,11.8893,9.045521,9.0901
PLCXD3,7.912623,8.16205,3.55904,3.3219
RPL13AP3,0.376215,0.0,3.712014,3.6135
IRS4,5.41976,5.47655,0.912996,0.0
AC093110.3,6.056518,6.07865,1.946494,1.8074
GSN-AS1,6.150021,6.2962,3.420976,3.4594
RPL13AP20,1.603072,1.6088,5.88379,5.8485
AP1M2,3.336286,3.0,12.382919,12.5843
PDLIM7,14.051169,14.06155,11.613853,11.6519
TNXB,13.953276,14.0865,8.347333,8.2401
ARAP1-AS1,0.670655,0.0,7.139866,7.5639
AC116614.1,5.501635,5.2287,0.827385,0.0
SERPINA4,1.014492,1.0,4.155305,3.7004
MROH7-TTC4,7.163576,7.2806,3.912728,4.2832
SMTN,14.582001,14.61695,10.992394,11.0666
HOXD3,8.959624,8.98675,6.012343,5.858
RP11-475B2.1,4.964968,4.9542,1.038001,1.0
RP4-568C11.4,1.338586,1.0,8.752815,9.1774
ERVMER34-1,3.401927,3.39065,8.047156,8.0444
TBX3,11.537501,11.46065,8.635984,8.6935
NXPH3,10.31795,10.4624,6.181626,6.2288
RP11-1090M7.1,5.346167,5.3832,0.623624,0.0
SAPCD2,3.32369,3.3219,11.037625,11.1029
HMGN2P17,0.051282,0.0,4.022096,4.1699
GOLGA6L3,5.071496,5.0467,1.654886,1.8197
ENPP1,11.566179,11.614,8.090051,8.2432
LINC00893,9.13971,9.17825,6.164442,6.4308
PRSS16,3.976753,3.7539,9.015502,9.4979
ARHGEF35,5.715541,5.9346,9.39568,9.8982
TACSTD2,6.774936,6.451,13.197531,13.6404
SMKR1,2.032796,2.0,7.131869,7.3576
AMN,3.524296,3.41985,7.392773,7.1506
IRAK3,9.788209,9.8009,6.912354,6.8455
SMIM6,1.356855,1.585,6.851359,7.1293
ORC1,4.342281,4.2849,8.623255,8.7549
TECRP1,3.579079,3.5886,7.078224,7.0456
MIR646HG,4.266636,4.3571,1.588038,1.585
ADAMTS5,11.028736,11.18175,7.959477,7.9069
SYNE1,12.943823,12.9376,9.230815,9.1267
BIK,1.158867,1.0,8.455254,8.5507
SLC15A1,3.138758,2.6962,7.470499,7.8265
ZDBF2,9.533756,9.5352,6.018894,5.6439
DNM1P35,6.807071,6.72105,3.825267,3.8074
RP11-108L7.15,2.241791,2.3219,5.453868,5.4263
RP11-756A22.7,0.497699,0.0,3.775306,4.0764
FOXP2,9.986776,10.062,3.750206,3.585
KLF8,10.491506,10.4671,7.416278,7.6511
AURKA,5.119476,5.1699,10.154657,10.3385
DIO3,8.329328,8.4388,3.689,3.7004
NOG,2.241726,2.3219,5.687737,5.585
RP11-527N22.1,6.742408,6.52325,3.073485,3.1699
RERGL,8.891949,8.9787,2.724277,2.3219
IGFBP6,11.693844,11.8644,8.371057,8.2946
PON3,6.116724,6.1496,1.510761,1.585
RP11-789C17.1,5.887233,5.9542,2.624727,2.585
CDSN,0.949926,0.0,4.146879,4.4653
C1orf186,6.146151,6.0873,10.937965,11.7735
AP001626.1,0.097244,0.0,4.082656,4.2479
GABRP,3.994674,2.98865,8.924989,9.0875
PKD1P5,9.933699,9.27245,6.378074,6.5887
RP11-894P9.1,7.937254,7.96265,4.999952,5.1699
KLHL4,7.640501,7.64025,2.595655,2.585
IL1B,3.10931,2.8074,7.162337,7.3487
SYT1,9.650947,9.69805,5.770526,5.7279
RP5-963E22.6,0.422115,0.0,3.529681,3.585
AC004870.4,0.229576,0.0,3.889422,3.8074
CTNNA2,2.470104,2.0,7.772214,8.5203
OSR2,12.779253,12.89285,8.548018,8.7814
GALNT3,5.658496,5.585,10.522877,10.9773
KCNMB2-AS1,0.639856,0.0,5.857876,6.5236
RPS6KA6,8.101179,8.2691,4.740653,4.1699
ULBP1,1.746653,1.585,5.227387,5.204
SLC7A2,11.237723,11.12575,8.668075,8.7074
CELSR1,8.281612,8.27145,12.249356,12.3794
RP11-1055B8.4,9.018555,8.87495,4.852473,4.8074
CIT,6.697737,6.6439,10.133755,10.2192
RP11-53M11.5,0.433742,0.0,3.788366,4.1699
PRR36,5.007232,5.14565,10.522774,10.7134
RP5-966M1.6,8.713623,8.69745,6.063482,6.3323
RP11-167N4.2,0.874392,0.0,4.533787,4.8048
ALPP,0.468006,0.0,7.218333,7.0166
NUS1P2,3.078808,2.8074,6.349546,6.6855
FAT4,9.755009,9.82335,7.091042,7.2479
AEBP1,14.677799,14.6326,12.270498,12.3146
VGLL1,0.293472,0.0,5.985249,5.858
ABHD11,8.242479,8.1598,11.858865,11.8952
SUSD4,3.730497,3.8074,8.278949,8.7482
MGARP,6.766636,6.8948,3.839661,3.9069
FSTL4,1.570122,1.585,6.093484,6.1293
SRD5A2,1.56181,1.585,5.091527,5.1293
E2F1,5.911703,5.8074,10.368111,10.5479
PI15,9.76734,9.85015,5.946817,5.858
ELF5,0.27891,0.0,5.401861,5.6724
LINC00670,3.511983,3.6427,0.339881,0.0
CELA3A,5.237642,5.9402,0.896518,0.0
ASPN,10.702531,10.941,7.129795,7.1293
DNAJC22,2.308681,2.3219,9.169986,9.4656
RASAL1,1.680024,1.585,9.032678,9.4959
RP11-762L8.6,6.810286,6.8453,3.781217,3.8074
DPP6,11.85639,12.3149,5.870285,6.0
RPS2P55,3.379309,3.6679,7.921835,7.9575
KY,6.484085,6.56955,2.795196,2.585
C1orf116,2.695992,2.8074,8.652119,8.964354
EPHA3,8.84729,8.85455,4.925794,4.858
SOX9,3.869668,3.585,11.131227,11.4808
LRRC43,3.033556,3.2459,6.316675,6.4094
CTC-425F1.4,2.123236,2.2659,7.866105,8.0874
STAB2,4.766604,4.7004,1.569418,1.0
PVRL4,2.629871,2.585,10.461682,10.544
TBX2-AS1,7.175405,7.19475,4.000167,3.8074
RP11-30L15.4,5.3238,5.37495,2.496961,2.585
C8orf34-AS1,0.458422,0.0,5.733869,6.0444
RP11-390F4.3,0.845681,1.0,4.835793,4.9069
CCL18,0.998796,1.0,7.098194,6.8074
CPEB1,8.330972,8.4086,3.881939,3.7549
SLC44A4,6.713127,6.75485,10.926474,11.4078
TTC9,5.224894,5.1699,9.762796,10.0526
SIX3,0.411474,0.0,4.15132,4.0
RP11-70D24.2,6.337159,6.375,2.577928,2.585
AC007392.4,3.971222,4.04375,0.85778,0.0
SNORD3A,6.198136,5.85625,9.709287,9.7579
SSC4D,3.788349,3.8084,7.298227,6.9804
CROCCP3,9.183537,9.2098,6.571929,6.7525
C2CD4A,2.016121,1.585,7.932717,8.0175
SFTA2,1.11499,1.0,5.481294,5.2854
RP11-97O12.7,5.389678,5.4087,2.582572,2.9279
LINC01508,0.566978,0.0,4.63356,4.858
HNRNPCP2,4.839968,4.9074,8.949665,9.3342
DNAJC5G,3.775874,3.5222,0.413891,0.0
IGSF23,0.290537,0.0,3.87044,3.7004
PTGDR,6.309632,6.2761,3.310356,3.3219
RASSF8,10.874269,10.80655,8.345485,8.5925
RASSF6,1.90669,1.7925,8.39876,8.8704
RP1-142L7.9,4.269814,4.3923,1.055523,1.0
PLAGL1,11.347288,11.39095,8.59084,8.8297
RP11-449J21.5,0.9938,0.0,7.232558,7.5892
SPRR3,5.483665,5.52325,2.405586,1.0
SIX1,1.570267,1.585,7.796606,8.2668
RP11-203M5.7,5.085642,5.17505,2.164716,2.3219
NUAK2,5.671538,5.585,10.214715,10.2408
CELA3B,3.996006,4.44235,1.22587,1.0
WBSCR28,0.276731,0.0,4.270149,4.585
IGHV1-18,1.795564,1.585,5.017425,4.8074
ITM2A,10.485829,10.43465,7.412961,7.447052
HNRNPA1P21,0.135705,0.0,3.69831,3.9098
RP11-452L6.6,5.793428,5.8826,3.085188,3.0
ANO9,6.349431,6.1898,10.199608,10.3049
TPD52,7.930062,7.9646,12.060176,12.1781
ADCYAP1,5.247794,5.37495,1.928851,1.585
JCHAIN,5.785472,5.52325,9.266278,9.6184
AURKB,2.969232,2.6962,10.319241,10.5008
CACNA1H,13.210059,13.1784,7.737021,7.5999
MSRB3,12.630618,12.6892,8.380578,8.3174
GJB7,0.614968,0.0,3.829448,4.0875
MMP9,4.59836,4.5543,10.130392,10.0521
MREG,5.483767,5.5698,9.70438,9.7346
GPRIN1,4.248524,4.31865,8.338264,8.4386
HPGD,10.628251,10.8797,8.002558,7.7814
RP11-429J17.7,0.127012,0.0,4.491317,4.672457
SHCBP1,4.209699,4.2479,9.035863,9.0954
RP11-324L17.1,4.563321,4.5543,1.474443,1.0
SLC2A3P1,3.018882,3.9532,0.114745,0.0
C16orf59,4.21656,4.2089,9.421374,9.568
C1orf53,3.052878,3.08495,7.074389,7.0444
PPP1R1B,4.734467,4.61445,10.275865,10.611
HSH2D,4.411218,4.585,9.026288,9.3399
MYO15B,13.707292,13.5782,9.897649,9.9744
NTRK3,10.276977,10.2318,5.151102,5.2095
CTD-3094K11.1,0.598022,0.0,4.018904,4.2479
CWH43,0.965421,1.0,5.72759,5.8329
AP001615.9,0.320222,0.0,3.764975,4.2411
KLHL38,5.503056,5.4561,1.363718,1.0
LINC00475,5.861105,6.0324,2.362742,2.3219
HPSE2,7.222927,7.52735,3.167942,3.0
MIOX,0.454967,0.0,3.689448,3.585
REEP1,9.843141,10.1031,7.051454,7.1085
RP11-465B22.8,1.552977,1.0,8.369452,8.5157
GNA14,9.196387,9.36085,6.420006,6.4757
MTFP1,6.187919,6.16135,10.58601,10.6379
SEZ6L2,7.205844,7.8596,11.491858,11.8564
MMP1,1.294874,1.0,7.484302,7.4594
SOGA3,6.632837,6.78425,3.160771,3.3519
CTD-2541J13.1,4.833544,4.8074,1.965455,2.0
RPS6KA1,7.716208,7.74145,11.786239,11.8607
NEAT1_2,3.217268,3.3498,0.409051,0.0
IFI30,8.308688,8.1823,13.160964,13.2535
SAMD10,5.019665,5.0,9.345212,9.3729
HMCN2,11.377038,11.3233,6.024347,5.858
RP11-867G23.4,4.354635,4.8579,8.703696,9.0156
CCL22,1.497714,1.585,5.702226,5.8074
C6orf52,2.166981,2.3219,6.304274,6.4757
SLC12A8,4.451728,4.3571,9.352727,9.4615
RP11-255G12.3,4.518474,4.78115,0.119254,0.0
FLG,6.985841,7.11515,3.91474,3.9069
CACNG4,3.50921,3.585,7.462632,7.9715
CCDC144A,7.398904,8.0968,3.542244,3.2327
ZG16B,2.419592,2.0,5.81968,5.5546
SYDE1,11.170765,11.2015,8.579604,8.6036
CCNB1,6.683529,6.6294,11.875132,12.0835
SNTG2,6.367818,6.3663,1.867628,1.585
RP11-1319K7.1,7.902021,7.9956,5.063181,5.4172
NAT8L,4.322324,4.2089,9.398306,9.6493
AC006547.8,0.825738,0.0,4.374636,5.1085
RP11-22C11.2,0.444845,0.0,6.827136,7.0553
METTL7B,2.584814,2.585,7.734666,8.0168
RAMP1,13.374676,13.39675,9.263527,9.3443
CTD-2536I1.2,5.675624,5.585,1.038711,1.0
TNNT3,7.701412,7.7649,3.221712,3.1699
TAL1,8.700433,8.7754,5.224045,5.2095
PURG,7.104924,7.0384,3.107654,3.1699
ESRP1,2.905147,2.585,11.950542,12.1836
GJB1,1.576929,1.0,8.946816,9.3083
RYR3,10.534092,10.62955,4.603206,4.4594
AP003068.9,2.663985,2.97155,6.851086,6.7926
MIR4697HG,11.317946,11.35505,4.099985,3.8074
HSPB2-C11orf52,7.903336,7.96775,4.03709,4.26
C10orf95,2.846454,3.0108,6.412952,6.1595
CPA3,8.44331,8.5584,4.87611,5.0875
CD24,8.228551,8.11735,15.721675,15.9362
LINC00890,9.697381,9.53385,3.411416,2.8074
ZBBX,0.928397,0.5,5.478989,5.6724
PGM5-AS1,3.897138,3.6153,0.871836,0.0
IGSF9B,9.275637,9.3674,3.395311,3.1699
RP11-254F19.4,4.575292,4.4915,0.831969,0.0
KRT86,1.456192,1.585,6.705087,6.6768
ACY3,1.511595,1.585,7.049475,7.0661
IGLV3-25,1.9843,1.585,5.654713,5.4919
RP11-579D7.2,0.689817,0.0,5.805726,6.5192
BUB1B,3.636146,3.4861,10.232838,10.4096
LMOD1,14.523096,14.6765,8.351545,8.0875
RP11-394O4.5,13.853556,13.8738,6.600503,6.4757
HMGN1P36,0.186644,0.0,3.976481,4.2487
AOC3,12.327074,12.34205,7.818706,7.6795
UGT8,4.011374,3.95345,9.071316,9.585
TP73,3.18506,3.1008,7.916866,8.1077
FAM72C,1.992572,2.24335,7.048216,7.1106
TREM2,3.200108,3.1699,7.903699,7.9307
WDR72,2.114795,1.585,7.361707,7.5469
RP1-80N2.4,1.18545,1.0,4.245111,4.5236
THBS2,12.489353,12.4306,9.706802,9.4878
CXCL13,2.701658,2.16095,6.686315,6.7814
STARD8,9.995799,9.90315,7.232787,7.2288
IFFO1,11.310981,11.27395,7.617924,7.7549
HIST2H2BA,3.39541,3.41345,0.401903,0.0
STIL,5.457873,5.4093,9.523714,9.7364
SPINT1,5.848847,5.59985,13.435411,13.5271
ITGA11,12.806171,12.85485,8.090397,7.96
RP11-161M6.2,7.541288,7.5469,4.883299,4.7004
LGI2,9.5265,9.4868,6.774899,6.7549
GLP2R,6.54219,6.6438,1.337389,1.0
CNFN,3.913244,3.8074,7.49031,7.4009
DRC7,2.181218,2.3219,6.355207,6.6865
TNFRSF9,1.219262,1.0,5.906271,5.9773
TPSAB1,9.892045,10.02945,6.450428,6.5814
CPED1,10.682113,10.6448,6.760586,6.858
PYCR1,7.441419,7.32355,11.877385,12.0172
ABCC9,11.311632,11.34315,6.396893,6.5699
IGKV3-15,3.047269,2.57165,6.686034,6.8212
LINC00506,6.796801,6.7879,2.488788,2.585
MTFR2,3.108837,3.2459,8.215055,8.3576
TCF7,6.2882,6.15955,9.832886,9.8826
SELP,9.042814,8.9915,6.096601,6.1699
UMODL1,1.003768,0.0,4.636015,4.9542
OCIAD2,8.203835,8.24555,12.201487,12.3049
LL0XNC01-36H8.1,4.568442,4.61445,1.284593,1.0
GUCY1A2,11.229491,11.28745,7.729716,7.7682
MIR205HG,1.280513,1.0,6.231737,6.7814
SNTN,0.452862,0.0,4.237311,3.3219
TGM5,0.953097,1.0,4.658045,4.7004
MMRN1,10.055585,9.9908,7.415343,7.4594
RP6-24A23.7,7.077067,7.0429,1.867979,1.585
PKD1P6,10.876549,10.87935,7.814758,8.1933
AC106875.1,0.025641,0.0,3.3022,2.3219
CH507-396I9.7,5.017956,5.50775,2.353522,2.585
IGLC1,5.879933,5.86995,9.74133,9.929
MTRNR2L12,0.9227,1.0,4.878249,4.8826
RP11-385F7.1,1.705167,2.0,5.490345,5.3576
SEPT3,3.022827,3.0,7.468753,7.4346
RP11-32B5.1,5.829118,5.98875,1.872658,1.5993
RP3-508I15.18,0.614831,0.0,4.075577,3.9184
LGSN,0.172973,0.0,4.199862,3.585
IGLV2-23,2.945574,2.8074,6.226012,6.0575
MMEL1,3.647479,3.61095,7.708867,7.8925
RP4-717I23.3,9.869812,9.87175,7.284161,7.3399
UBE2SP1,2.954801,3.03625,6.425444,6.4303
TENM1,8.900259,8.90375,4.588154,4.1699
RP4-569M23.2,1.747096,2.0,5.854213,5.858
